[0.000000] (-) TimerEvent: {}
[0.000342] (cpp_package_with_a_node) JobQueued: {'identifier': 'cpp_package_with_a_node', 'dependencies': OrderedDict()}
[0.000400] (package_with_interfaces) JobQueued: {'identifier': 'package_with_interfaces', 'dependencies': OrderedDict()}
[0.000429] (python_package_with_a_library) JobQueued: {'identifier': 'python_package_with_a_library', 'dependencies': OrderedDict()}
[0.000456] (python_package_that_uses_parameters_and_launch_files) JobQueued: {'identifier': 'python_package_that_uses_parameters_and_launch_files', 'dependencies': OrderedDict([('package_with_interfaces', '/home/ribeiro/ros2_tutorial_workspace/install/package_with_interfaces')])}
[0.000481] (python_package_that_uses_the_library) JobQueued: {'identifier': 'python_package_that_uses_the_library', 'dependencies': OrderedDict([('python_package_with_a_library', '/home/ribeiro/ros2_tutorial_workspace/install/python_package_with_a_library')])}
[0.000509] (python_package_that_uses_the_messages) JobQueued: {'identifier': 'python_package_that_uses_the_messages', 'dependencies': OrderedDict([('package_with_interfaces', '/home/ribeiro/ros2_tutorial_workspace/install/package_with_interfaces')])}
[0.000526] (python_package_that_uses_the_services) JobQueued: {'identifier': 'python_package_that_uses_the_services', 'dependencies': OrderedDict([('package_with_interfaces', '/home/ribeiro/ros2_tutorial_workspace/install/package_with_interfaces')])}
[0.001018] (package_with_interfaces) JobStarted: {'identifier': 'package_with_interfaces'}
[0.007842] (python_package_with_a_library) JobStarted: {'identifier': 'python_package_with_a_library'}
[0.011722] (cpp_package_with_a_node) JobStarted: {'identifier': 'cpp_package_with_a_node'}
[0.015707] (package_with_interfaces) JobProgress: {'identifier': 'package_with_interfaces', 'progress': 'cmake'}
[0.016777] (package_with_interfaces) JobProgress: {'identifier': 'package_with_interfaces', 'progress': 'build'}
[0.017364] (package_with_interfaces) Command: {'cmd': ['/usr/bin/cmake', '--build', '/home/ribeiro/ros2_tutorial_workspace/build/package_with_interfaces', '--', '-j12', '-l12'], 'cwd': '/home/ribeiro/ros2_tutorial_workspace/build/package_with_interfaces', 'env': OrderedDict([('LESSOPEN', '| /usr/bin/lesspipe %s'), ('USER', 'ribeiro'), ('SHLVL', '1'), ('LIBGL_ALWAYS_SOFTWARE', '1'), ('LD_LIBRARY_PATH', '/usr/lib/x86_64-linux-gnu/gazebo-11/plugins:/opt/ros/humble/opt/rviz_ogre_vendor/lib:/opt/ros/humble/lib/x86_64-linux-gnu:/opt/ros/humble/lib'), ('HOME', '/home/ribeiro'), ('OLDPWD', '/home/ribeiro'), ('ROS_PYTHON_VERSION', '3'), ('DBUS_SESSION_BUS_ADDRESS', 'unix:path=/run/user/1000/bus'), ('WSL_DISTRO_NAME', 'Ubuntu-22.04'), ('WAYLAND_DISPLAY', 'wayland-0'), ('ROS_DISTRO', 'humble'), ('LOGNAME', 'ribeiro'), ('NAME', 'DESKTOP-15ICPHF'), ('WSL_INTEROP', '/run/WSL/1625_interop'), ('PULSE_SERVER', 'unix:/mnt/wslg/PulseServer'), ('_', '/usr/bin/colcon'), ('ROS_VERSION', '2'), ('TERM', 'xterm-256color'), ('ROS_LOCALHOST_ONLY', '1'), ('PATH', '/opt/ros/humble/bin:/usr/local/sbin:/usr/local/bin:/usr/sbin:/usr/bin:/sbin:/bin:/usr/games:/usr/local/games:/usr/lib/wsl/lib:/mnt/c/Program Files/WindowsApps/MicrosoftCorporationII.WindowsSubsystemForLinux_2.7.11.0_x64__8wekyb3d8bbwe:/mnt/c/Program Files/National Instruments/Shared/OpenVINO/:/mnt/c/Program Files (x86)/NVIDIA Corporation/PhysX/Common:/mnt/c/Program Files (x86)/Common Files/Oracle/Java/java8path:/mnt/c/Program Files (x86)/Common Files/Oracle/Java/javapath:/mnt/c/Program Files/Common Files/Siemens/Automation/Simatic OAM/bin:/mnt/c/WINDOWS/system32:/mnt/c/WINDOWS:/mnt/c/WINDOWS/System32/Wbem:/mnt/c/WINDOWS/System32/WindowsPowerShell/v1.0/:/mnt/c/WINDOWS/System32/OpenSSH/:/mnt/c/Program Files (x86)/NTP/bin:/mnt/c/Program Files/Docker/Docker/resources/bin:/mnt/c/Program Files/nodejs/:/mnt/c/Program Files/Microsoft SQL Server/Client SDK/ODBC/170/Tools/Binn/:/mnt/c/Program Files/dotnet/:/mnt/c/Program Files (x86)/Windows Kits/8.1/Windows Performance Toolkit/:/mnt/c/Program Files (x86)/IronRuby 1.1/bin:/mnt/c/Program Files/Git/cmd:/mnt/c/Program Files (x86)/Microsoft SQL Server/160/Tools/Binn/:/mnt/c/Program Files/Microsoft SQL Server/160/Tools/Binn/:/mnt/c/Program Files/Microsoft SQL Server/160/DTS/Binn/:/mnt/c/Program Files (x86)/Microsoft SQL Server/160/DTS/Binn/:/mnt/c/Program Files/Microsoft SQL Server/170/Tools/Binn/:/mnt/c/Users/SENAI/.local/bin:/mnt/c/Users/SENAI/AppData/Local/Microsoft/WindowsApps:/mnt/c/VISUALCODE/Microsoft VS Code/bin:/mnt/c/Users/SENAI/AppData/Roaming/npm:/mnt/c/Users/SENAI/.dotnet/tools:/snap/bin'), ('XDG_RUNTIME_DIR', '/run/user/1000'), ('DISPLAY', ':0'), ('LANG', 'en_US.UTF-8'), ('LS_COLORS', 'rs=0:di=01;34:ln=01;36:mh=00:pi=40;33:so=01;35:do=01;35:bd=40;33;01:cd=40;33;01:or=40;31;01:mi=00:su=37;41:sg=30;43:ca=30;41:tw=30;42:ow=34;42:st=37;44:ex=01;32:*.tar=01;31:*.tgz=01;31:*.arc=01;31:*.arj=01;31:*.taz=01;31:*.lha=01;31:*.lz4=01;31:*.lzh=01;31:*.lzma=01;31:*.tlz=01;31:*.txz=01;31:*.tzo=01;31:*.t7z=01;31:*.zip=01;31:*.z=01;31:*.dz=01;31:*.gz=01;31:*.lrz=01;31:*.lz=01;31:*.lzo=01;31:*.xz=01;31:*.zst=01;31:*.tzst=01;31:*.bz2=01;31:*.bz=01;31:*.tbz=01;31:*.tbz2=01;31:*.tz=01;31:*.deb=01;31:*.rpm=01;31:*.jar=01;31:*.war=01;31:*.ear=01;31:*.sar=01;31:*.rar=01;31:*.alz=01;31:*.ace=01;31:*.zoo=01;31:*.cpio=01;31:*.7z=01;31:*.rz=01;31:*.cab=01;31:*.wim=01;31:*.swm=01;31:*.dwm=01;31:*.esd=01;31:*.jpg=01;35:*.jpeg=01;35:*.mjpg=01;35:*.mjpeg=01;35:*.gif=01;35:*.bmp=01;35:*.pbm=01;35:*.pgm=01;35:*.ppm=01;35:*.tga=01;35:*.xbm=01;35:*.xpm=01;35:*.tif=01;35:*.tiff=01;35:*.png=01;35:*.svg=01;35:*.svgz=01;35:*.mng=01;35:*.pcx=01;35:*.mov=01;35:*.mpg=01;35:*.mpeg=01;35:*.m2v=01;35:*.mkv=01;35:*.webm=01;35:*.webp=01;35:*.ogm=01;35:*.mp4=01;35:*.m4v=01;35:*.mp4v=01;35:*.vob=01;35:*.qt=01;35:*.nuv=01;35:*.wmv=01;35:*.asf=01;35:*.rm=01;35:*.rmvb=01;35:*.flc=01;35:*.avi=01;35:*.fli=01;35:*.flv=01;35:*.gl=01;35:*.dl=01;35:*.xcf=01;35:*.xwd=01;35:*.yuv=01;35:*.cgm=01;35:*.emf=01;35:*.ogv=01;35:*.ogx=01;35:*.aac=00;36:*.au=00;36:*.flac=00;36:*.m4a=00;36:*.mid=00;36:*.midi=00;36:*.mka=00;36:*.mp3=00;36:*.mpc=00;36:*.ogg=00;36:*.ra=00;36:*.wav=00;36:*.oga=00;36:*.opus=00;36:*.spx=00;36:*.xspf=00;36:'), ('ROS_DOMAIN_ID', '23'), ('AMENT_PREFIX_PATH', '/opt/ros/humble'), ('SHELL', '/bin/bash'), ('LESSCLOSE', '/usr/bin/lesspipe %s %s'), ('PWD', '/home/ribeiro/ros2_tutorial_workspace/build/package_with_interfaces'), ('XDG_DATA_DIRS', '/usr/local/share:/usr/share:/var/lib/snapd/desktop'), ('PYTHONPATH', '/opt/ros/humble/lib/python3.10/site-packages:/opt/ros/humble/local/lib/python3.10/dist-packages'), ('COLCON', '1'), ('WSL2_GUI_APPS_ENABLED', '1'), ('HOSTTYPE', 'x86_64'), ('WSLENV', ''), ('CMAKE_PREFIX_PATH', '/opt/ros/humble')]), 'shell': False}
[0.100033] (-) TimerEvent: {}
[0.183352] (package_with_interfaces) StdoutLine: {'line': b'-- Found ament_cmake: 1.3.14 (/opt/ros/humble/share/ament_cmake/cmake)\n'}
[0.183725] (package_with_interfaces) StdoutLine: {'line': b'-- Override CMake install command with custom implementation using symlinks instead of copying resources\n'}
[0.184138] (cpp_package_with_a_node) JobProgress: {'identifier': 'cpp_package_with_a_node', 'progress': 'cmake'}
[0.184933] (cpp_package_with_a_node) JobProgress: {'identifier': 'cpp_package_with_a_node', 'progress': 'build'}
[0.185499] (cpp_package_with_a_node) Command: {'cmd': ['/usr/bin/cmake', '--build', '/home/ribeiro/ros2_tutorial_workspace/build/cpp_package_with_a_node', '--', '-j12', '-l12'], 'cwd': '/home/ribeiro/ros2_tutorial_workspace/build/cpp_package_with_a_node', 'env': OrderedDict([('LESSOPEN', '| /usr/bin/lesspipe %s'), ('USER', 'ribeiro'), ('SHLVL', '1'), ('LIBGL_ALWAYS_SOFTWARE', '1'), ('LD_LIBRARY_PATH', '/usr/lib/x86_64-linux-gnu/gazebo-11/plugins:/opt/ros/humble/opt/rviz_ogre_vendor/lib:/opt/ros/humble/lib/x86_64-linux-gnu:/opt/ros/humble/lib'), ('HOME', '/home/ribeiro'), ('OLDPWD', '/home/ribeiro'), ('ROS_PYTHON_VERSION', '3'), ('DBUS_SESSION_BUS_ADDRESS', 'unix:path=/run/user/1000/bus'), ('WSL_DISTRO_NAME', 'Ubuntu-22.04'), ('WAYLAND_DISPLAY', 'wayland-0'), ('ROS_DISTRO', 'humble'), ('LOGNAME', 'ribeiro'), ('NAME', 'DESKTOP-15ICPHF'), ('WSL_INTEROP', '/run/WSL/1625_interop'), ('PULSE_SERVER', 'unix:/mnt/wslg/PulseServer'), ('_', '/usr/bin/colcon'), ('ROS_VERSION', '2'), ('TERM', 'xterm-256color'), ('ROS_LOCALHOST_ONLY', '1'), ('PATH', '/opt/ros/humble/bin:/usr/local/sbin:/usr/local/bin:/usr/sbin:/usr/bin:/sbin:/bin:/usr/games:/usr/local/games:/usr/lib/wsl/lib:/mnt/c/Program Files/WindowsApps/MicrosoftCorporationII.WindowsSubsystemForLinux_2.7.11.0_x64__8wekyb3d8bbwe:/mnt/c/Program Files/National Instruments/Shared/OpenVINO/:/mnt/c/Program Files (x86)/NVIDIA Corporation/PhysX/Common:/mnt/c/Program Files (x86)/Common Files/Oracle/Java/java8path:/mnt/c/Program Files (x86)/Common Files/Oracle/Java/javapath:/mnt/c/Program Files/Common Files/Siemens/Automation/Simatic OAM/bin:/mnt/c/WINDOWS/system32:/mnt/c/WINDOWS:/mnt/c/WINDOWS/System32/Wbem:/mnt/c/WINDOWS/System32/WindowsPowerShell/v1.0/:/mnt/c/WINDOWS/System32/OpenSSH/:/mnt/c/Program Files (x86)/NTP/bin:/mnt/c/Program Files/Docker/Docker/resources/bin:/mnt/c/Program Files/nodejs/:/mnt/c/Program Files/Microsoft SQL Server/Client SDK/ODBC/170/Tools/Binn/:/mnt/c/Program Files/dotnet/:/mnt/c/Program Files (x86)/Windows Kits/8.1/Windows Performance Toolkit/:/mnt/c/Program Files (x86)/IronRuby 1.1/bin:/mnt/c/Program Files/Git/cmd:/mnt/c/Program Files (x86)/Microsoft SQL Server/160/Tools/Binn/:/mnt/c/Program Files/Microsoft SQL Server/160/Tools/Binn/:/mnt/c/Program Files/Microsoft SQL Server/160/DTS/Binn/:/mnt/c/Program Files (x86)/Microsoft SQL Server/160/DTS/Binn/:/mnt/c/Program Files/Microsoft SQL Server/170/Tools/Binn/:/mnt/c/Users/SENAI/.local/bin:/mnt/c/Users/SENAI/AppData/Local/Microsoft/WindowsApps:/mnt/c/VISUALCODE/Microsoft VS Code/bin:/mnt/c/Users/SENAI/AppData/Roaming/npm:/mnt/c/Users/SENAI/.dotnet/tools:/snap/bin'), ('XDG_RUNTIME_DIR', '/run/user/1000'), ('DISPLAY', ':0'), ('LANG', 'en_US.UTF-8'), ('LS_COLORS', 'rs=0:di=01;34:ln=01;36:mh=00:pi=40;33:so=01;35:do=01;35:bd=40;33;01:cd=40;33;01:or=40;31;01:mi=00:su=37;41:sg=30;43:ca=30;41:tw=30;42:ow=34;42:st=37;44:ex=01;32:*.tar=01;31:*.tgz=01;31:*.arc=01;31:*.arj=01;31:*.taz=01;31:*.lha=01;31:*.lz4=01;31:*.lzh=01;31:*.lzma=01;31:*.tlz=01;31:*.txz=01;31:*.tzo=01;31:*.t7z=01;31:*.zip=01;31:*.z=01;31:*.dz=01;31:*.gz=01;31:*.lrz=01;31:*.lz=01;31:*.lzo=01;31:*.xz=01;31:*.zst=01;31:*.tzst=01;31:*.bz2=01;31:*.bz=01;31:*.tbz=01;31:*.tbz2=01;31:*.tz=01;31:*.deb=01;31:*.rpm=01;31:*.jar=01;31:*.war=01;31:*.ear=01;31:*.sar=01;31:*.rar=01;31:*.alz=01;31:*.ace=01;31:*.zoo=01;31:*.cpio=01;31:*.7z=01;31:*.rz=01;31:*.cab=01;31:*.wim=01;31:*.swm=01;31:*.dwm=01;31:*.esd=01;31:*.jpg=01;35:*.jpeg=01;35:*.mjpg=01;35:*.mjpeg=01;35:*.gif=01;35:*.bmp=01;35:*.pbm=01;35:*.pgm=01;35:*.ppm=01;35:*.tga=01;35:*.xbm=01;35:*.xpm=01;35:*.tif=01;35:*.tiff=01;35:*.png=01;35:*.svg=01;35:*.svgz=01;35:*.mng=01;35:*.pcx=01;35:*.mov=01;35:*.mpg=01;35:*.mpeg=01;35:*.m2v=01;35:*.mkv=01;35:*.webm=01;35:*.webp=01;35:*.ogm=01;35:*.mp4=01;35:*.m4v=01;35:*.mp4v=01;35:*.vob=01;35:*.qt=01;35:*.nuv=01;35:*.wmv=01;35:*.asf=01;35:*.rm=01;35:*.rmvb=01;35:*.flc=01;35:*.avi=01;35:*.fli=01;35:*.flv=01;35:*.gl=01;35:*.dl=01;35:*.xcf=01;35:*.xwd=01;35:*.yuv=01;35:*.cgm=01;35:*.emf=01;35:*.ogv=01;35:*.ogx=01;35:*.aac=00;36:*.au=00;36:*.flac=00;36:*.m4a=00;36:*.mid=00;36:*.midi=00;36:*.mka=00;36:*.mp3=00;36:*.mpc=00;36:*.ogg=00;36:*.ra=00;36:*.wav=00;36:*.oga=00;36:*.opus=00;36:*.spx=00;36:*.xspf=00;36:'), ('ROS_DOMAIN_ID', '23'), ('AMENT_PREFIX_PATH', '/opt/ros/humble'), ('SHELL', '/bin/bash'), ('LESSCLOSE', '/usr/bin/lesspipe %s %s'), ('PWD', '/home/ribeiro/ros2_tutorial_workspace/build/cpp_package_with_a_node'), ('XDG_DATA_DIRS', '/usr/local/share:/usr/share:/var/lib/snapd/desktop'), ('PYTHONPATH', '/opt/ros/humble/lib/python3.10/site-packages:/opt/ros/humble/local/lib/python3.10/dist-packages'), ('COLCON', '1'), ('WSL2_GUI_APPS_ENABLED', '1'), ('HOSTTYPE', 'x86_64'), ('WSLENV', ''), ('CMAKE_PREFIX_PATH', '/opt/ros/humble')]), 'shell': False}
[0.195298] (package_with_interfaces) StdoutLine: {'line': b'-- Found geometry_msgs: 4.9.1 (/opt/ros/humble/share/geometry_msgs/cmake)\n'}
[0.200120] (-) TimerEvent: {}
[0.203657] (cpp_package_with_a_node) StdoutLine: {'line': b'-- Found ament_cmake: 1.3.14 (/opt/ros/humble/share/ament_cmake/cmake)\n'}
[0.300273] (-) TimerEvent: {}
[0.315040] (cpp_package_with_a_node) StdoutLine: {'line': b'-- Override CMake install command with custom implementation using symlinks instead of copying resources\n'}
[0.324413] (cpp_package_with_a_node) StdoutLine: {'line': b'-- Found rclcpp: 16.0.19 (/opt/ros/humble/share/rclcpp/cmake)\n'}
[0.339968] (package_with_interfaces) StdoutLine: {'line': b'-- Found rosidl_generator_c: 3.1.9 (/opt/ros/humble/share/rosidl_generator_c/cmake)\n'}
[0.343200] (package_with_interfaces) StdoutLine: {'line': b'-- Found rosidl_adapter: 3.1.9 (/opt/ros/humble/share/rosidl_adapter/cmake)\n'}
[0.351912] (package_with_interfaces) StdoutLine: {'line': b'-- Found rosidl_generator_cpp: 3.1.9 (/opt/ros/humble/share/rosidl_generator_cpp/cmake)\n'}
[0.362528] (package_with_interfaces) StdoutLine: {'line': b'-- Using all available rosidl_typesupport_c: rosidl_typesupport_fastrtps_c;rosidl_typesupport_introspection_c\n'}
[0.375257] (package_with_interfaces) StdoutLine: {'line': b'-- Using all available rosidl_typesupport_cpp: rosidl_typesupport_fastrtps_cpp;rosidl_typesupport_introspection_cpp\n'}
[0.400370] (-) TimerEvent: {}
[0.411147] (package_with_interfaces) StdoutLine: {'line': b'-- Found rosidl_default_generators: 1.2.1 (/opt/ros/humble/share/rosidl_default_generators/cmake)\n'}
[0.434830] (cpp_package_with_a_node) StdoutLine: {'line': b'-- Found rosidl_generator_c: 3.1.9 (/opt/ros/humble/share/rosidl_generator_c/cmake)\n'}
[0.436401] (cpp_package_with_a_node) StdoutLine: {'line': b'-- Found rosidl_adapter: 3.1.9 (/opt/ros/humble/share/rosidl_adapter/cmake)\n'}
[0.440494] (cpp_package_with_a_node) StdoutLine: {'line': b'-- Found rosidl_generator_cpp: 3.1.9 (/opt/ros/humble/share/rosidl_generator_cpp/cmake)\n'}
[0.447206] (cpp_package_with_a_node) StdoutLine: {'line': b'-- Using all available rosidl_typesupport_c: rosidl_typesupport_fastrtps_c;rosidl_typesupport_introspection_c\n'}
[0.455700] (cpp_package_with_a_node) StdoutLine: {'line': b'-- Using all available rosidl_typesupport_cpp: rosidl_typesupport_fastrtps_cpp;rosidl_typesupport_introspection_cpp\n'}
[0.496394] (cpp_package_with_a_node) StdoutLine: {'line': b'-- Found rmw_implementation_cmake: 6.1.2 (/opt/ros/humble/share/rmw_implementation_cmake/cmake)\n'}
[0.498588] (cpp_package_with_a_node) StdoutLine: {'line': b'-- Found rmw_fastrtps_cpp: 6.2.10 (/opt/ros/humble/share/rmw_fastrtps_cpp/cmake)\n'}
[0.500449] (-) TimerEvent: {}
[0.561371] (python_package_with_a_library) Command: {'cmd': ['/usr/bin/python3', '-W', 'ignore:setup.py install is deprecated', '-W', 'ignore:easy_install command is deprecated', 'setup.py', 'egg_info', '--egg-base', '../../build/python_package_with_a_library', 'build', '--build-base', '/home/ribeiro/ros2_tutorial_workspace/build/python_package_with_a_library/build', 'install', '--record', '/home/ribeiro/ros2_tutorial_workspace/build/python_package_with_a_library/install.log', '--install-scripts', '$base/lib/python_package_with_a_library', '--single-version-externally-managed', 'install_data'], 'cwd': '/home/ribeiro/ros2_tutorial_workspace/src/python_package_with_a_library', 'env': {'LESSOPEN': '| /usr/bin/lesspipe %s', 'USER': 'ribeiro', 'SHLVL': '1', 'LIBGL_ALWAYS_SOFTWARE': '1', 'LD_LIBRARY_PATH': '/usr/lib/x86_64-linux-gnu/gazebo-11/plugins:/opt/ros/humble/opt/rviz_ogre_vendor/lib:/opt/ros/humble/lib/x86_64-linux-gnu:/opt/ros/humble/lib', 'HOME': '/home/ribeiro', 'OLDPWD': '/home/ribeiro', 'ROS_PYTHON_VERSION': '3', 'DBUS_SESSION_BUS_ADDRESS': 'unix:path=/run/user/1000/bus', 'WSL_DISTRO_NAME': 'Ubuntu-22.04', 'WAYLAND_DISPLAY': 'wayland-0', 'ROS_DISTRO': 'humble', 'LOGNAME': 'ribeiro', 'NAME': 'DESKTOP-15ICPHF', 'WSL_INTEROP': '/run/WSL/1625_interop', 'PULSE_SERVER': 'unix:/mnt/wslg/PulseServer', '_': '/usr/bin/colcon', 'ROS_VERSION': '2', 'TERM': 'xterm-256color', 'ROS_LOCALHOST_ONLY': '1', 'PATH': '/opt/ros/humble/bin:/usr/local/sbin:/usr/local/bin:/usr/sbin:/usr/bin:/sbin:/bin:/usr/games:/usr/local/games:/usr/lib/wsl/lib:/mnt/c/Program Files/WindowsApps/MicrosoftCorporationII.WindowsSubsystemForLinux_2.7.11.0_x64__8wekyb3d8bbwe:/mnt/c/Program Files/National Instruments/Shared/OpenVINO/:/mnt/c/Program Files (x86)/NVIDIA Corporation/PhysX/Common:/mnt/c/Program Files (x86)/Common Files/Oracle/Java/java8path:/mnt/c/Program Files (x86)/Common Files/Oracle/Java/javapath:/mnt/c/Program Files/Common Files/Siemens/Automation/Simatic OAM/bin:/mnt/c/WINDOWS/system32:/mnt/c/WINDOWS:/mnt/c/WINDOWS/System32/Wbem:/mnt/c/WINDOWS/System32/WindowsPowerShell/v1.0/:/mnt/c/WINDOWS/System32/OpenSSH/:/mnt/c/Program Files (x86)/NTP/bin:/mnt/c/Program Files/Docker/Docker/resources/bin:/mnt/c/Program Files/nodejs/:/mnt/c/Program Files/Microsoft SQL Server/Client SDK/ODBC/170/Tools/Binn/:/mnt/c/Program Files/dotnet/:/mnt/c/Program Files (x86)/Windows Kits/8.1/Windows Performance Toolkit/:/mnt/c/Program Files (x86)/IronRuby 1.1/bin:/mnt/c/Program Files/Git/cmd:/mnt/c/Program Files (x86)/Microsoft SQL Server/160/Tools/Binn/:/mnt/c/Program Files/Microsoft SQL Server/160/Tools/Binn/:/mnt/c/Program Files/Microsoft SQL Server/160/DTS/Binn/:/mnt/c/Program Files (x86)/Microsoft SQL Server/160/DTS/Binn/:/mnt/c/Program Files/Microsoft SQL Server/170/Tools/Binn/:/mnt/c/Users/SENAI/.local/bin:/mnt/c/Users/SENAI/AppData/Local/Microsoft/WindowsApps:/mnt/c/VISUALCODE/Microsoft VS Code/bin:/mnt/c/Users/SENAI/AppData/Roaming/npm:/mnt/c/Users/SENAI/.dotnet/tools:/snap/bin', 'XDG_RUNTIME_DIR': '/run/user/1000', 'DISPLAY': ':0', 'LANG': 'en_US.UTF-8', 'LS_COLORS': 'rs=0:di=01;34:ln=01;36:mh=00:pi=40;33:so=01;35:do=01;35:bd=40;33;01:cd=40;33;01:or=40;31;01:mi=00:su=37;41:sg=30;43:ca=30;41:tw=30;42:ow=34;42:st=37;44:ex=01;32:*.tar=01;31:*.tgz=01;31:*.arc=01;31:*.arj=01;31:*.taz=01;31:*.lha=01;31:*.lz4=01;31:*.lzh=01;31:*.lzma=01;31:*.tlz=01;31:*.txz=01;31:*.tzo=01;31:*.t7z=01;31:*.zip=01;31:*.z=01;31:*.dz=01;31:*.gz=01;31:*.lrz=01;31:*.lz=01;31:*.lzo=01;31:*.xz=01;31:*.zst=01;31:*.tzst=01;31:*.bz2=01;31:*.bz=01;31:*.tbz=01;31:*.tbz2=01;31:*.tz=01;31:*.deb=01;31:*.rpm=01;31:*.jar=01;31:*.war=01;31:*.ear=01;31:*.sar=01;31:*.rar=01;31:*.alz=01;31:*.ace=01;31:*.zoo=01;31:*.cpio=01;31:*.7z=01;31:*.rz=01;31:*.cab=01;31:*.wim=01;31:*.swm=01;31:*.dwm=01;31:*.esd=01;31:*.jpg=01;35:*.jpeg=01;35:*.mjpg=01;35:*.mjpeg=01;35:*.gif=01;35:*.bmp=01;35:*.pbm=01;35:*.pgm=01;35:*.ppm=01;35:*.tga=01;35:*.xbm=01;35:*.xpm=01;35:*.tif=01;35:*.tiff=01;35:*.png=01;35:*.svg=01;35:*.svgz=01;35:*.mng=01;35:*.pcx=01;35:*.mov=01;35:*.mpg=01;35:*.mpeg=01;35:*.m2v=01;35:*.mkv=01;35:*.webm=01;35:*.webp=01;35:*.ogm=01;35:*.mp4=01;35:*.m4v=01;35:*.mp4v=01;35:*.vob=01;35:*.qt=01;35:*.nuv=01;35:*.wmv=01;35:*.asf=01;35:*.rm=01;35:*.rmvb=01;35:*.flc=01;35:*.avi=01;35:*.fli=01;35:*.flv=01;35:*.gl=01;35:*.dl=01;35:*.xcf=01;35:*.xwd=01;35:*.yuv=01;35:*.cgm=01;35:*.emf=01;35:*.ogv=01;35:*.ogx=01;35:*.aac=00;36:*.au=00;36:*.flac=00;36:*.m4a=00;36:*.mid=00;36:*.midi=00;36:*.mka=00;36:*.mp3=00;36:*.mpc=00;36:*.ogg=00;36:*.ra=00;36:*.wav=00;36:*.oga=00;36:*.opus=00;36:*.spx=00;36:*.xspf=00;36:', 'ROS_DOMAIN_ID': '23', 'AMENT_PREFIX_PATH': '/opt/ros/humble', 'SHELL': '/bin/bash', 'LESSCLOSE': '/usr/bin/lesspipe %s %s', 'PWD': '/home/ribeiro/ros2_tutorial_workspace/build/python_package_with_a_library', 'XDG_DATA_DIRS': '/usr/local/share:/usr/share:/var/lib/snapd/desktop', 'PYTHONPATH': '/home/ribeiro/ros2_tutorial_workspace/build/python_package_with_a_library/prefix_override:/usr/lib/python3/dist-packages/colcon_core/task/python/colcon_distutils_commands:/home/ribeiro/ros2_tutorial_workspace/install/python_package_with_a_library/lib/python3.10/site-packages:/opt/ros/humble/lib/python3.10/site-packages:/opt/ros/humble/local/lib/python3.10/dist-packages', 'COLCON': '1', 'WSL2_GUI_APPS_ENABLED': '1', 'HOSTTYPE': 'x86_64', 'WSLENV': ''}, 'shell': False}
[0.600567] (-) TimerEvent: {}
[0.625839] (package_with_interfaces) StdoutLine: {'line': b'-- Found ament_cmake_ros: 0.10.0 (/opt/ros/humble/share/ament_cmake_ros/cmake)\n'}
[0.700665] (-) TimerEvent: {}
[0.722886] (python_package_with_a_library) StdoutLine: {'line': b'running egg_info\n'}
[0.723319] (python_package_with_a_library) StdoutLine: {'line': b'writing ../../build/python_package_with_a_library/python_package_with_a_library.egg-info/PKG-INFO\n'}
[0.723731] (python_package_with_a_library) StdoutLine: {'line': b'writing dependency_links to ../../build/python_package_with_a_library/python_package_with_a_library.egg-info/dependency_links.txt\n'}
[0.723917] (python_package_with_a_library) StdoutLine: {'line': b'writing entry points to ../../build/python_package_with_a_library/python_package_with_a_library.egg-info/entry_points.txt\n'}
[0.724123] (python_package_with_a_library) StdoutLine: {'line': b'writing requirements to ../../build/python_package_with_a_library/python_package_with_a_library.egg-info/requires.txt\n'}
[0.724189] (python_package_with_a_library) StdoutLine: {'line': b'writing top-level names to ../../build/python_package_with_a_library/python_package_with_a_library.egg-info/top_level.txt\n'}
[0.725645] (python_package_with_a_library) StdoutLine: {'line': b"reading manifest file '../../build/python_package_with_a_library/python_package_with_a_library.egg-info/SOURCES.txt'\n"}
[0.726818] (python_package_with_a_library) StdoutLine: {'line': b"writing manifest file '../../build/python_package_with_a_library/python_package_with_a_library.egg-info/SOURCES.txt'\n"}
[0.727026] (python_package_with_a_library) StdoutLine: {'line': b'running build\n'}
[0.727100] (python_package_with_a_library) StdoutLine: {'line': b'running build_py\n'}
[0.727275] (python_package_with_a_library) StdoutLine: {'line': b'running install\n'}
[0.727614] (python_package_with_a_library) StdoutLine: {'line': b'running install_lib\n'}
[0.729649] (python_package_with_a_library) StdoutLine: {'line': b'running install_data\n'}
[0.730002] (python_package_with_a_library) StdoutLine: {'line': b'running install_egg_info\n'}
[0.731298] (python_package_with_a_library) StdoutLine: {'line': b"removing '/home/ribeiro/ros2_tutorial_workspace/install/python_package_with_a_library/lib/python3.10/site-packages/python_package_with_a_library-0.0.0-py3.10.egg-info' (and everything under it)\n"}
[0.731742] (python_package_with_a_library) StdoutLine: {'line': b'Copying ../../build/python_package_with_a_library/python_package_with_a_library.egg-info to /home/ribeiro/ros2_tutorial_workspace/install/python_package_with_a_library/lib/python3.10/site-packages/python_package_with_a_library-0.0.0-py3.10.egg-info\n'}
[0.732707] (python_package_with_a_library) StdoutLine: {'line': b'running install_scripts\n'}
[0.748390] (python_package_with_a_library) StdoutLine: {'line': b"writing list of installed files to '/home/ribeiro/ros2_tutorial_workspace/build/python_package_with_a_library/install.log'\n"}
[0.763254] (python_package_with_a_library) CommandEnded: {'returncode': 0}
[0.779005] (python_package_with_a_library) JobEnded: {'identifier': 'python_package_with_a_library', 'rc': 0}
[0.779762] (python_package_that_uses_the_library) JobStarted: {'identifier': 'python_package_that_uses_the_library'}
[0.800770] (-) TimerEvent: {}
[0.901012] (-) TimerEvent: {}
[0.917332] (package_with_interfaces) StdoutLine: {'line': b'-- Using all available rosidl_typesupport_c: rosidl_typesupport_fastrtps_c;rosidl_typesupport_introspection_c\n'}
[1.001120] (-) TimerEvent: {}
[1.032803] (package_with_interfaces) StdoutLine: {'line': b'-- Using all available rosidl_typesupport_cpp: rosidl_typesupport_fastrtps_cpp;rosidl_typesupport_introspection_cpp\n'}
[1.048628] (package_with_interfaces) StdoutLine: {'line': b'-- Found python_cmake_module: 0.10.0 (/opt/ros/humble/share/python_cmake_module/cmake)\n'}
[1.066155] (package_with_interfaces) StdoutLine: {'line': b'-- Using PYTHON_EXECUTABLE: /usr/bin/python3\n'}
[1.066289] (package_with_interfaces) StdoutLine: {'line': b'-- Using PYTHON_INCLUDE_DIRS: /usr/include/python3.10\n'}
[1.066353] (package_with_interfaces) StdoutLine: {'line': b'-- Using PYTHON_LIBRARIES: /usr/lib/x86_64-linux-gnu/libpython3.10.so\n'}
[1.101219] (-) TimerEvent: {}
[1.147704] (package_with_interfaces) StdoutLine: {'line': b'-- Found ament_lint_auto: 0.12.15 (/opt/ros/humble/share/ament_lint_auto/cmake)\n'}
[1.169828] (package_with_interfaces) StdoutLine: {'line': b"-- Added test 'lint_cmake' to check CMake code style\n"}
[1.171322] (package_with_interfaces) StdoutLine: {'line': b"-- Added test 'xmllint' to check XML markup files\n"}
[1.175777] (package_with_interfaces) StdoutLine: {'line': b'-- Configuring done\n'}
[1.201327] (-) TimerEvent: {}
[1.230104] (package_with_interfaces) StdoutLine: {'line': b'-- Generating done\n'}
[1.240470] (package_with_interfaces) StdoutLine: {'line': b'-- Build files have been written to: /home/ribeiro/ros2_tutorial_workspace/build/package_with_interfaces\n'}
[1.259113] (package_with_interfaces) StdoutLine: {'line': b'\x1b[35m\x1b[1mConsolidate compiler generated dependencies of target package_with_interfaces__rosidl_generator_c\x1b[0m\n'}
[1.265066] (package_with_interfaces) StdoutLine: {'line': b'[  2%] Built target package_with_interfaces__cpp\n'}
[1.268193] (package_with_interfaces) StdoutLine: {'line': b'[  5%] \x1b[32mBuilding C object CMakeFiles/package_with_interfaces__rosidl_generator_c.dir/rosidl_generator_c/package_with_interfaces/srv/detail/what_is_the_point__functions.c.o\x1b[0m\n'}
[1.268661] (package_with_interfaces) StdoutLine: {'line': b'[  7%] \x1b[32mBuilding C object CMakeFiles/package_with_interfaces__rosidl_generator_c.dir/rosidl_generator_c/package_with_interfaces/msg/detail/amazing_quote__functions.c.o\x1b[0m\n'}
[1.272288] (package_with_interfaces) StdoutLine: {'line': b'[ 10%] Built target package_with_interfaces__rs\n'}
[1.272694] (package_with_interfaces) StdoutLine: {'line': b'[ 10%] Built target ament_cmake_python_symlink_package_with_interfaces\n'}
[1.275282] (package_with_interfaces) StdoutLine: {'line': b'\x1b[35m\x1b[1mConsolidate compiler generated dependencies of target package_with_interfaces__rosidl_typesupport_cpp\x1b[0m\n'}
[1.275520] (package_with_interfaces) StdoutLine: {'line': b'\x1b[35m\x1b[1mConsolidate compiler generated dependencies of target package_with_interfaces__rosidl_typesupport_introspection_cpp\x1b[0m\n'}
[1.282492] (package_with_interfaces) StdoutLine: {'line': b'\x1b[35m\x1b[1mConsolidate compiler generated dependencies of target package_with_interfaces__rosidl_typesupport_fastrtps_cpp\x1b[0m\n'}
[1.292414] (package_with_interfaces) StdoutLine: {'line': b'[ 12%] \x1b[32mBuilding CXX object CMakeFiles/package_with_interfaces__rosidl_typesupport_cpp.dir/rosidl_typesupport_cpp/package_with_interfaces/msg/amazing_quote__type_support.cpp.o\x1b[0m\n'}
[1.293392] (package_with_interfaces) StdoutLine: {'line': b'[ 17%] \x1b[32mBuilding CXX object CMakeFiles/package_with_interfaces__rosidl_typesupport_introspection_cpp.dir/rosidl_typesupport_introspection_cpp/package_with_interfaces/srv/detail/what_is_the_point__type_support.cpp.o\x1b[0m\n'}
[1.293551] (package_with_interfaces) StdoutLine: {'line': b'[ 17%] \x1b[32mBuilding CXX object CMakeFiles/package_with_interfaces__rosidl_typesupport_cpp.dir/rosidl_typesupport_cpp/package_with_interfaces/srv/what_is_the_point__type_support.cpp.o\x1b[0m\n'}
[1.294075] (package_with_interfaces) StdoutLine: {'line': b'[ 20%] \x1b[32mBuilding CXX object CMakeFiles/package_with_interfaces__rosidl_typesupport_introspection_cpp.dir/rosidl_typesupport_introspection_cpp/package_with_interfaces/msg/detail/amazing_quote__type_support.cpp.o\x1b[0m\n'}
[1.296993] (package_with_interfaces) StdoutLine: {'line': b'[ 22%] \x1b[32mBuilding CXX object CMakeFiles/package_with_interfaces__rosidl_typesupport_fastrtps_cpp.dir/rosidl_typesupport_fastrtps_cpp/package_with_interfaces/srv/detail/dds_fastrtps/what_is_the_point__type_support.cpp.o\x1b[0m\n'}
[1.297247] (package_with_interfaces) StdoutLine: {'line': b'[ 25%] \x1b[32mBuilding CXX object CMakeFiles/package_with_interfaces__rosidl_typesupport_fastrtps_cpp.dir/rosidl_typesupport_fastrtps_cpp/package_with_interfaces/msg/detail/dds_fastrtps/amazing_quote__type_support.cpp.o\x1b[0m\n'}
[1.301489] (-) TimerEvent: {}
[1.327433] (python_package_that_uses_the_library) Command: {'cmd': ['/usr/bin/python3', '-W', 'ignore:setup.py install is deprecated', '-W', 'ignore:easy_install command is deprecated', 'setup.py', 'egg_info', '--egg-base', '../../build/python_package_that_uses_the_library', 'build', '--build-base', '/home/ribeiro/ros2_tutorial_workspace/build/python_package_that_uses_the_library/build', 'install', '--record', '/home/ribeiro/ros2_tutorial_workspace/build/python_package_that_uses_the_library/install.log', '--install-scripts', '$base/lib/python_package_that_uses_the_library', '--single-version-externally-managed', 'install_data'], 'cwd': '/home/ribeiro/ros2_tutorial_workspace/src/python_package_that_uses_the_library', 'env': {'LESSOPEN': '| /usr/bin/lesspipe %s', 'USER': 'ribeiro', 'SHLVL': '1', 'LIBGL_ALWAYS_SOFTWARE': '1', 'LD_LIBRARY_PATH': '/usr/lib/x86_64-linux-gnu/gazebo-11/plugins:/opt/ros/humble/opt/rviz_ogre_vendor/lib:/opt/ros/humble/lib/x86_64-linux-gnu:/opt/ros/humble/lib', 'HOME': '/home/ribeiro', 'OLDPWD': '/home/ribeiro', 'ROS_PYTHON_VERSION': '3', 'DBUS_SESSION_BUS_ADDRESS': 'unix:path=/run/user/1000/bus', 'WSL_DISTRO_NAME': 'Ubuntu-22.04', 'WAYLAND_DISPLAY': 'wayland-0', 'ROS_DISTRO': 'humble', 'LOGNAME': 'ribeiro', 'NAME': 'DESKTOP-15ICPHF', 'WSL_INTEROP': '/run/WSL/1625_interop', 'PULSE_SERVER': 'unix:/mnt/wslg/PulseServer', '_': '/usr/bin/colcon', 'ROS_VERSION': '2', 'TERM': 'xterm-256color', 'ROS_LOCALHOST_ONLY': '1', 'PATH': '/opt/ros/humble/bin:/usr/local/sbin:/usr/local/bin:/usr/sbin:/usr/bin:/sbin:/bin:/usr/games:/usr/local/games:/usr/lib/wsl/lib:/mnt/c/Program Files/WindowsApps/MicrosoftCorporationII.WindowsSubsystemForLinux_2.7.11.0_x64__8wekyb3d8bbwe:/mnt/c/Program Files/National Instruments/Shared/OpenVINO/:/mnt/c/Program Files (x86)/NVIDIA Corporation/PhysX/Common:/mnt/c/Program Files (x86)/Common Files/Oracle/Java/java8path:/mnt/c/Program Files (x86)/Common Files/Oracle/Java/javapath:/mnt/c/Program Files/Common Files/Siemens/Automation/Simatic OAM/bin:/mnt/c/WINDOWS/system32:/mnt/c/WINDOWS:/mnt/c/WINDOWS/System32/Wbem:/mnt/c/WINDOWS/System32/WindowsPowerShell/v1.0/:/mnt/c/WINDOWS/System32/OpenSSH/:/mnt/c/Program Files (x86)/NTP/bin:/mnt/c/Program Files/Docker/Docker/resources/bin:/mnt/c/Program Files/nodejs/:/mnt/c/Program Files/Microsoft SQL Server/Client SDK/ODBC/170/Tools/Binn/:/mnt/c/Program Files/dotnet/:/mnt/c/Program Files (x86)/Windows Kits/8.1/Windows Performance Toolkit/:/mnt/c/Program Files (x86)/IronRuby 1.1/bin:/mnt/c/Program Files/Git/cmd:/mnt/c/Program Files (x86)/Microsoft SQL Server/160/Tools/Binn/:/mnt/c/Program Files/Microsoft SQL Server/160/Tools/Binn/:/mnt/c/Program Files/Microsoft SQL Server/160/DTS/Binn/:/mnt/c/Program Files (x86)/Microsoft SQL Server/160/DTS/Binn/:/mnt/c/Program Files/Microsoft SQL Server/170/Tools/Binn/:/mnt/c/Users/SENAI/.local/bin:/mnt/c/Users/SENAI/AppData/Local/Microsoft/WindowsApps:/mnt/c/VISUALCODE/Microsoft VS Code/bin:/mnt/c/Users/SENAI/AppData/Roaming/npm:/mnt/c/Users/SENAI/.dotnet/tools:/snap/bin', 'XDG_RUNTIME_DIR': '/run/user/1000', 'DISPLAY': ':0', 'LANG': 'en_US.UTF-8', 'LS_COLORS': 'rs=0:di=01;34:ln=01;36:mh=00:pi=40;33:so=01;35:do=01;35:bd=40;33;01:cd=40;33;01:or=40;31;01:mi=00:su=37;41:sg=30;43:ca=30;41:tw=30;42:ow=34;42:st=37;44:ex=01;32:*.tar=01;31:*.tgz=01;31:*.arc=01;31:*.arj=01;31:*.taz=01;31:*.lha=01;31:*.lz4=01;31:*.lzh=01;31:*.lzma=01;31:*.tlz=01;31:*.txz=01;31:*.tzo=01;31:*.t7z=01;31:*.zip=01;31:*.z=01;31:*.dz=01;31:*.gz=01;31:*.lrz=01;31:*.lz=01;31:*.lzo=01;31:*.xz=01;31:*.zst=01;31:*.tzst=01;31:*.bz2=01;31:*.bz=01;31:*.tbz=01;31:*.tbz2=01;31:*.tz=01;31:*.deb=01;31:*.rpm=01;31:*.jar=01;31:*.war=01;31:*.ear=01;31:*.sar=01;31:*.rar=01;31:*.alz=01;31:*.ace=01;31:*.zoo=01;31:*.cpio=01;31:*.7z=01;31:*.rz=01;31:*.cab=01;31:*.wim=01;31:*.swm=01;31:*.dwm=01;31:*.esd=01;31:*.jpg=01;35:*.jpeg=01;35:*.mjpg=01;35:*.mjpeg=01;35:*.gif=01;35:*.bmp=01;35:*.pbm=01;35:*.pgm=01;35:*.ppm=01;35:*.tga=01;35:*.xbm=01;35:*.xpm=01;35:*.tif=01;35:*.tiff=01;35:*.png=01;35:*.svg=01;35:*.svgz=01;35:*.mng=01;35:*.pcx=01;35:*.mov=01;35:*.mpg=01;35:*.mpeg=01;35:*.m2v=01;35:*.mkv=01;35:*.webm=01;35:*.webp=01;35:*.ogm=01;35:*.mp4=01;35:*.m4v=01;35:*.mp4v=01;35:*.vob=01;35:*.qt=01;35:*.nuv=01;35:*.wmv=01;35:*.asf=01;35:*.rm=01;35:*.rmvb=01;35:*.flc=01;35:*.avi=01;35:*.fli=01;35:*.flv=01;35:*.gl=01;35:*.dl=01;35:*.xcf=01;35:*.xwd=01;35:*.yuv=01;35:*.cgm=01;35:*.emf=01;35:*.ogv=01;35:*.ogx=01;35:*.aac=00;36:*.au=00;36:*.flac=00;36:*.m4a=00;36:*.mid=00;36:*.midi=00;36:*.mka=00;36:*.mp3=00;36:*.mpc=00;36:*.ogg=00;36:*.ra=00;36:*.wav=00;36:*.oga=00;36:*.opus=00;36:*.spx=00;36:*.xspf=00;36:', 'ROS_DOMAIN_ID': '23', 'AMENT_PREFIX_PATH': '/home/ribeiro/ros2_tutorial_workspace/install/python_package_with_a_library:/opt/ros/humble', 'SHELL': '/bin/bash', 'LESSCLOSE': '/usr/bin/lesspipe %s %s', 'PWD': '/home/ribeiro/ros2_tutorial_workspace/build/python_package_that_uses_the_library', 'XDG_DATA_DIRS': '/usr/local/share:/usr/share:/var/lib/snapd/desktop', 'PYTHONPATH': '/home/ribeiro/ros2_tutorial_workspace/build/python_package_that_uses_the_library/prefix_override:/usr/lib/python3/dist-packages/colcon_core/task/python/colcon_distutils_commands:/home/ribeiro/ros2_tutorial_workspace/install/python_package_that_uses_the_library/lib/python3.10/site-packages:/home/ribeiro/ros2_tutorial_workspace/install/python_package_with_a_library/lib/python3.10/site-packages:/opt/ros/humble/lib/python3.10/site-packages:/opt/ros/humble/local/lib/python3.10/dist-packages', 'COLCON': '1', 'WSL2_GUI_APPS_ENABLED': '1', 'HOSTTYPE': 'x86_64', 'WSLENV': ''}, 'shell': False}
[1.385671] (package_with_interfaces) StdoutLine: {'line': b'[ 27%] \x1b[32m\x1b[1mLinking C shared library libpackage_with_interfaces__rosidl_generator_c.so\x1b[0m\n'}
[1.401611] (-) TimerEvent: {}
[1.501903] (-) TimerEvent: {}
[1.523398] (package_with_interfaces) StdoutLine: {'line': b'running egg_info\n'}
[1.523971] (package_with_interfaces) StdoutLine: {'line': b'writing package_with_interfaces.egg-info/PKG-INFO\n'}
[1.524275] (package_with_interfaces) StdoutLine: {'line': b'writing dependency_links to package_with_interfaces.egg-info/dependency_links.txt\n'}
[1.524515] (package_with_interfaces) StdoutLine: {'line': b'writing top-level names to package_with_interfaces.egg-info/top_level.txt\n'}
[1.527211] (package_with_interfaces) StdoutLine: {'line': b"reading manifest file 'package_with_interfaces.egg-info/SOURCES.txt'\n"}
[1.528137] (package_with_interfaces) StdoutLine: {'line': b"writing manifest file 'package_with_interfaces.egg-info/SOURCES.txt'\n"}
[1.534304] (package_with_interfaces) StdoutLine: {'line': b'[ 30%] Built target package_with_interfaces__rosidl_generator_c\n'}
[1.544651] (package_with_interfaces) StdoutLine: {'line': b'\x1b[35m\x1b[1mConsolidate compiler generated dependencies of target package_with_interfaces__rosidl_typesupport_introspection_c\x1b[0m\n'}
[1.552519] (package_with_interfaces) StdoutLine: {'line': b'\x1b[35m\x1b[1mConsolidate compiler generated dependencies of target package_with_interfaces__rosidl_typesupport_c\x1b[0m\n'}
[1.555599] (package_with_interfaces) StdoutLine: {'line': b'\x1b[35m\x1b[1mConsolidate compiler generated dependencies of target package_with_interfaces__rosidl_typesupport_fastrtps_c\x1b[0m\n'}
[1.556500] (package_with_interfaces) StdoutLine: {'line': b'[ 32%] \x1b[32mBuilding C object CMakeFiles/package_with_interfaces__rosidl_typesupport_introspection_c.dir/rosidl_typesupport_introspection_c/package_with_interfaces/msg/detail/amazing_quote__type_support.c.o\x1b[0m\n'}
[1.557318] (package_with_interfaces) StdoutLine: {'line': b'[ 35%] \x1b[32mBuilding C object CMakeFiles/package_with_interfaces__rosidl_typesupport_introspection_c.dir/rosidl_typesupport_introspection_c/package_with_interfaces/srv/detail/what_is_the_point__type_support.c.o\x1b[0m\n'}
[1.559532] (package_with_interfaces) StdoutLine: {'line': b'[ 35%] Built target ament_cmake_python_build_package_with_interfaces_egg\n'}
[1.564883] (package_with_interfaces) StdoutLine: {'line': b'[ 40%] \x1b[32mBuilding CXX object CMakeFiles/package_with_interfaces__rosidl_typesupport_c.dir/rosidl_typesupport_c/package_with_interfaces/srv/what_is_the_point__type_support.cpp.o\x1b[0m\n'}
[1.565092] (package_with_interfaces) StdoutLine: {'line': b'[ 40%] \x1b[32mBuilding CXX object CMakeFiles/package_with_interfaces__rosidl_typesupport_c.dir/rosidl_typesupport_c/package_with_interfaces/msg/amazing_quote__type_support.cpp.o\x1b[0m\n'}
[1.580818] (package_with_interfaces) StdoutLine: {'line': b'[ 45%] \x1b[32mBuilding CXX object CMakeFiles/package_with_interfaces__rosidl_typesupport_fastrtps_c.dir/rosidl_typesupport_fastrtps_c/package_with_interfaces/srv/detail/what_is_the_point__type_support_c.cpp.o\x1b[0m\n'}
[1.581827] (package_with_interfaces) StdoutLine: {'line': b'[ 45%] \x1b[32mBuilding CXX object CMakeFiles/package_with_interfaces__rosidl_typesupport_fastrtps_c.dir/rosidl_typesupport_fastrtps_c/package_with_interfaces/msg/detail/amazing_quote__type_support_c.cpp.o\x1b[0m\n'}
[1.602014] (-) TimerEvent: {}
[1.602513] (package_with_interfaces) StdoutLine: {'line': b'[ 47%] \x1b[32m\x1b[1mLinking CXX shared library libpackage_with_interfaces__rosidl_typesupport_c.so\x1b[0m\n'}
[1.605016] (python_package_that_uses_the_library) StdoutLine: {'line': b'running egg_info\n'}
[1.605779] (python_package_that_uses_the_library) StdoutLine: {'line': b'writing ../../build/python_package_that_uses_the_library/python_package_that_uses_the_library.egg-info/PKG-INFO\n'}
[1.606199] (python_package_that_uses_the_library) StdoutLine: {'line': b'writing dependency_links to ../../build/python_package_that_uses_the_library/python_package_that_uses_the_library.egg-info/dependency_links.txt\n'}
[1.606350] (python_package_that_uses_the_library) StdoutLine: {'line': b'writing entry points to ../../build/python_package_that_uses_the_library/python_package_that_uses_the_library.egg-info/entry_points.txt\n'}
[1.606472] (python_package_that_uses_the_library) StdoutLine: {'line': b'writing requirements to ../../build/python_package_that_uses_the_library/python_package_that_uses_the_library.egg-info/requires.txt\n'}
[1.606560] (python_package_that_uses_the_library) StdoutLine: {'line': b'writing top-level names to ../../build/python_package_that_uses_the_library/python_package_that_uses_the_library.egg-info/top_level.txt\n'}
[1.609908] (python_package_that_uses_the_library) StdoutLine: {'line': b"reading manifest file '../../build/python_package_that_uses_the_library/python_package_that_uses_the_library.egg-info/SOURCES.txt'\n"}
[1.611978] (python_package_that_uses_the_library) StdoutLine: {'line': b"writing manifest file '../../build/python_package_that_uses_the_library/python_package_that_uses_the_library.egg-info/SOURCES.txt'\n"}
[1.612328] (python_package_that_uses_the_library) StdoutLine: {'line': b'running build\n'}
[1.612553] (python_package_that_uses_the_library) StdoutLine: {'line': b'running build_py\n'}
[1.612962] (python_package_that_uses_the_library) StdoutLine: {'line': b'running install\n'}
[1.613302] (python_package_that_uses_the_library) StdoutLine: {'line': b'running install_lib\n'}
[1.615523] (python_package_that_uses_the_library) StdoutLine: {'line': b'running install_data\n'}
[1.615723] (python_package_that_uses_the_library) StdoutLine: {'line': b'running install_egg_info\n'}
[1.617783] (python_package_that_uses_the_library) StdoutLine: {'line': b"removing '/home/ribeiro/ros2_tutorial_workspace/install/python_package_that_uses_the_library/lib/python3.10/site-packages/python_package_that_uses_the_library-0.0.0-py3.10.egg-info' (and everything under it)\n"}
[1.617978] (python_package_that_uses_the_library) StdoutLine: {'line': b'Copying ../../build/python_package_that_uses_the_library/python_package_that_uses_the_library.egg-info to /home/ribeiro/ros2_tutorial_workspace/install/python_package_that_uses_the_library/lib/python3.10/site-packages/python_package_that_uses_the_library-0.0.0-py3.10.egg-info\n'}
[1.620058] (python_package_that_uses_the_library) StdoutLine: {'line': b'running install_scripts\n'}
[1.625618] (package_with_interfaces) StdoutLine: {'line': b'[ 50%] \x1b[32m\x1b[1mLinking CXX shared library libpackage_with_interfaces__rosidl_typesupport_cpp.so\x1b[0m\n'}
[1.626969] (package_with_interfaces) StdoutLine: {'line': b'[ 52%] \x1b[32m\x1b[1mLinking C shared library libpackage_with_interfaces__rosidl_typesupport_introspection_c.so\x1b[0m\n'}
[1.648928] (python_package_that_uses_the_library) StdoutLine: {'line': b'Installing node_that_uses_the_library script to /home/ribeiro/ros2_tutorial_workspace/install/python_package_that_uses_the_library/lib/python_package_that_uses_the_library\n'}
[1.649708] (python_package_that_uses_the_library) StdoutLine: {'line': b"writing list of installed files to '/home/ribeiro/ros2_tutorial_workspace/build/python_package_that_uses_the_library/install.log'\n"}
[1.682073] (python_package_that_uses_the_library) CommandEnded: {'returncode': 0}
[1.690799] (python_package_that_uses_the_library) JobEnded: {'identifier': 'python_package_that_uses_the_library', 'rc': 0}
[1.702166] (-) TimerEvent: {}
[1.728380] (package_with_interfaces) StdoutLine: {'line': b'[ 55%] Built target package_with_interfaces__rosidl_typesupport_introspection_c\n'}
[1.738832] (package_with_interfaces) StdoutLine: {'line': b'[ 60%] Built target package_with_interfaces__rosidl_typesupport_c\n'}
[1.739043] (package_with_interfaces) StdoutLine: {'line': b'[ 60%] Built target package_with_interfaces__rosidl_typesupport_cpp\n'}
[1.753129] (package_with_interfaces) StdoutLine: {'line': b'[ 62%] \x1b[32m\x1b[1mLinking CXX shared library libpackage_with_interfaces__rosidl_typesupport_introspection_cpp.so\x1b[0m\n'}
[1.757439] (package_with_interfaces) StdoutLine: {'line': b'[ 65%] \x1b[32m\x1b[1mLinking CXX shared library libpackage_with_interfaces__rosidl_typesupport_fastrtps_cpp.so\x1b[0m\n'}
[1.802271] (-) TimerEvent: {}
[1.855915] (package_with_interfaces) StdoutLine: {'line': b'[ 67%] \x1b[32m\x1b[1mLinking CXX shared library libpackage_with_interfaces__rosidl_typesupport_fastrtps_c.so\x1b[0m\n'}
[1.857832] (package_with_interfaces) StdoutLine: {'line': b'[ 70%] Built target package_with_interfaces__rosidl_typesupport_introspection_cpp\n'}
[1.872265] (package_with_interfaces) StdoutLine: {'line': b'[ 72%] Built target package_with_interfaces__rosidl_typesupport_fastrtps_cpp\n'}
[1.902377] (-) TimerEvent: {}
[1.958417] (package_with_interfaces) StdoutLine: {'line': b'[ 75%] Built target package_with_interfaces__rosidl_typesupport_fastrtps_c\n'}
[1.971714] (package_with_interfaces) StdoutLine: {'line': b'[ 75%] Built target package_with_interfaces\n'}
[1.984665] (package_with_interfaces) StdoutLine: {'line': b'[ 77%] Built target package_with_interfaces__py\n'}
[1.991649] (package_with_interfaces) StdoutLine: {'line': b'\x1b[35m\x1b[1mConsolidate compiler generated dependencies of target package_with_interfaces__rosidl_generator_py\x1b[0m\n'}
[2.002553] (-) TimerEvent: {}
[2.006572] (package_with_interfaces) StdoutLine: {'line': b'[ 82%] \x1b[32mBuilding C object CMakeFiles/package_with_interfaces__rosidl_generator_py.dir/rosidl_generator_py/package_with_interfaces/msg/_amazing_quote_s.c.o\x1b[0m\n'}
[2.006702] (package_with_interfaces) StdoutLine: {'line': b'[ 82%] \x1b[32mBuilding C object CMakeFiles/package_with_interfaces__rosidl_generator_py.dir/rosidl_generator_py/package_with_interfaces/srv/_what_is_the_point_s.c.o\x1b[0m\n'}
[2.102701] (-) TimerEvent: {}
[2.121381] (package_with_interfaces) StdoutLine: {'line': b'[ 85%] \x1b[32m\x1b[1mLinking C shared library rosidl_generator_py/package_with_interfaces/libpackage_with_interfaces__rosidl_generator_py.so\x1b[0m\n'}
[2.202826] (-) TimerEvent: {}
[2.205786] (package_with_interfaces) StdoutLine: {'line': b'[ 85%] Built target package_with_interfaces__rosidl_generator_py\n'}
[2.213833] (package_with_interfaces) StdoutLine: {'line': b'\x1b[35m\x1b[1mConsolidate compiler generated dependencies of target package_with_interfaces__rosidl_typesupport_fastrtps_c__pyext\x1b[0m\n'}
[2.213975] (package_with_interfaces) StdoutLine: {'line': b'\x1b[35m\x1b[1mConsolidate compiler generated dependencies of target package_with_interfaces__rosidl_typesupport_c__pyext\x1b[0m\n'}
[2.214088] (package_with_interfaces) StdoutLine: {'line': b'\x1b[35m\x1b[1mConsolidate compiler generated dependencies of target package_with_interfaces__rosidl_typesupport_introspection_c__pyext\x1b[0m\n'}
[2.221561] (package_with_interfaces) StdoutLine: {'line': b'[ 87%] \x1b[32mBuilding C object CMakeFiles/package_with_interfaces__rosidl_typesupport_c__pyext.dir/rosidl_generator_py/package_with_interfaces/_package_with_interfaces_s.ep.rosidl_typesupport_c.c.o\x1b[0m\n'}
[2.221780] (package_with_interfaces) StdoutLine: {'line': b'[ 90%] \x1b[32mBuilding C object CMakeFiles/package_with_interfaces__rosidl_typesupport_fastrtps_c__pyext.dir/rosidl_generator_py/package_with_interfaces/_package_with_interfaces_s.ep.rosidl_typesupport_fastrtps_c.c.o\x1b[0m\n'}
[2.222041] (package_with_interfaces) StdoutLine: {'line': b'[ 92%] \x1b[32mBuilding C object CMakeFiles/package_with_interfaces__rosidl_typesupport_introspection_c__pyext.dir/rosidl_generator_py/package_with_interfaces/_package_with_interfaces_s.ep.rosidl_typesupport_introspection_c.c.o\x1b[0m\n'}
[2.295257] (package_with_interfaces) StdoutLine: {'line': b'[100%] \x1b[32m\x1b[1mLinking C shared library rosidl_generator_py/package_with_interfaces/package_with_interfaces_s__rosidl_typesupport_introspection_c.cpython-310-x86_64-linux-gnu.so\x1b[0m\n'}
[2.295438] (package_with_interfaces) StdoutLine: {'line': b'[100%] \x1b[32m\x1b[1mLinking C shared library rosidl_generator_py/package_with_interfaces/package_with_interfaces_s__rosidl_typesupport_fastrtps_c.cpython-310-x86_64-linux-gnu.so\x1b[0m\n'}
[2.295501] (package_with_interfaces) StdoutLine: {'line': b'[100%] \x1b[32m\x1b[1mLinking C shared library rosidl_generator_py/package_with_interfaces/package_with_interfaces_s__rosidl_typesupport_c.cpython-310-x86_64-linux-gnu.so\x1b[0m\n'}
[2.302925] (-) TimerEvent: {}
[2.369517] (package_with_interfaces) StdoutLine: {'line': b'[100%] Built target package_with_interfaces__rosidl_typesupport_introspection_c__pyext\n'}
[2.369660] (package_with_interfaces) StdoutLine: {'line': b'[100%] Built target package_with_interfaces__rosidl_typesupport_c__pyext\n'}
[2.379387] (package_with_interfaces) StdoutLine: {'line': b'[100%] Built target package_with_interfaces__rosidl_typesupport_fastrtps_c__pyext\n'}
[2.386129] (package_with_interfaces) CommandEnded: {'returncode': 0}
[2.386998] (package_with_interfaces) JobProgress: {'identifier': 'package_with_interfaces', 'progress': 'install'}
[2.392542] (package_with_interfaces) Command: {'cmd': ['/usr/bin/cmake', '--install', '/home/ribeiro/ros2_tutorial_workspace/build/package_with_interfaces'], 'cwd': '/home/ribeiro/ros2_tutorial_workspace/build/package_with_interfaces', 'env': OrderedDict([('LESSOPEN', '| /usr/bin/lesspipe %s'), ('USER', 'ribeiro'), ('SHLVL', '1'), ('LIBGL_ALWAYS_SOFTWARE', '1'), ('LD_LIBRARY_PATH', '/usr/lib/x86_64-linux-gnu/gazebo-11/plugins:/opt/ros/humble/opt/rviz_ogre_vendor/lib:/opt/ros/humble/lib/x86_64-linux-gnu:/opt/ros/humble/lib'), ('HOME', '/home/ribeiro'), ('OLDPWD', '/home/ribeiro'), ('ROS_PYTHON_VERSION', '3'), ('DBUS_SESSION_BUS_ADDRESS', 'unix:path=/run/user/1000/bus'), ('WSL_DISTRO_NAME', 'Ubuntu-22.04'), ('WAYLAND_DISPLAY', 'wayland-0'), ('ROS_DISTRO', 'humble'), ('LOGNAME', 'ribeiro'), ('NAME', 'DESKTOP-15ICPHF'), ('WSL_INTEROP', '/run/WSL/1625_interop'), ('PULSE_SERVER', 'unix:/mnt/wslg/PulseServer'), ('_', '/usr/bin/colcon'), ('ROS_VERSION', '2'), ('TERM', 'xterm-256color'), ('ROS_LOCALHOST_ONLY', '1'), ('PATH', '/opt/ros/humble/bin:/usr/local/sbin:/usr/local/bin:/usr/sbin:/usr/bin:/sbin:/bin:/usr/games:/usr/local/games:/usr/lib/wsl/lib:/mnt/c/Program Files/WindowsApps/MicrosoftCorporationII.WindowsSubsystemForLinux_2.7.11.0_x64__8wekyb3d8bbwe:/mnt/c/Program Files/National Instruments/Shared/OpenVINO/:/mnt/c/Program Files (x86)/NVIDIA Corporation/PhysX/Common:/mnt/c/Program Files (x86)/Common Files/Oracle/Java/java8path:/mnt/c/Program Files (x86)/Common Files/Oracle/Java/javapath:/mnt/c/Program Files/Common Files/Siemens/Automation/Simatic OAM/bin:/mnt/c/WINDOWS/system32:/mnt/c/WINDOWS:/mnt/c/WINDOWS/System32/Wbem:/mnt/c/WINDOWS/System32/WindowsPowerShell/v1.0/:/mnt/c/WINDOWS/System32/OpenSSH/:/mnt/c/Program Files (x86)/NTP/bin:/mnt/c/Program Files/Docker/Docker/resources/bin:/mnt/c/Program Files/nodejs/:/mnt/c/Program Files/Microsoft SQL Server/Client SDK/ODBC/170/Tools/Binn/:/mnt/c/Program Files/dotnet/:/mnt/c/Program Files (x86)/Windows Kits/8.1/Windows Performance Toolkit/:/mnt/c/Program Files (x86)/IronRuby 1.1/bin:/mnt/c/Program Files/Git/cmd:/mnt/c/Program Files (x86)/Microsoft SQL Server/160/Tools/Binn/:/mnt/c/Program Files/Microsoft SQL Server/160/Tools/Binn/:/mnt/c/Program Files/Microsoft SQL Server/160/DTS/Binn/:/mnt/c/Program Files (x86)/Microsoft SQL Server/160/DTS/Binn/:/mnt/c/Program Files/Microsoft SQL Server/170/Tools/Binn/:/mnt/c/Users/SENAI/.local/bin:/mnt/c/Users/SENAI/AppData/Local/Microsoft/WindowsApps:/mnt/c/VISUALCODE/Microsoft VS Code/bin:/mnt/c/Users/SENAI/AppData/Roaming/npm:/mnt/c/Users/SENAI/.dotnet/tools:/snap/bin'), ('XDG_RUNTIME_DIR', '/run/user/1000'), ('DISPLAY', ':0'), ('LANG', 'en_US.UTF-8'), ('LS_COLORS', 'rs=0:di=01;34:ln=01;36:mh=00:pi=40;33:so=01;35:do=01;35:bd=40;33;01:cd=40;33;01:or=40;31;01:mi=00:su=37;41:sg=30;43:ca=30;41:tw=30;42:ow=34;42:st=37;44:ex=01;32:*.tar=01;31:*.tgz=01;31:*.arc=01;31:*.arj=01;31:*.taz=01;31:*.lha=01;31:*.lz4=01;31:*.lzh=01;31:*.lzma=01;31:*.tlz=01;31:*.txz=01;31:*.tzo=01;31:*.t7z=01;31:*.zip=01;31:*.z=01;31:*.dz=01;31:*.gz=01;31:*.lrz=01;31:*.lz=01;31:*.lzo=01;31:*.xz=01;31:*.zst=01;31:*.tzst=01;31:*.bz2=01;31:*.bz=01;31:*.tbz=01;31:*.tbz2=01;31:*.tz=01;31:*.deb=01;31:*.rpm=01;31:*.jar=01;31:*.war=01;31:*.ear=01;31:*.sar=01;31:*.rar=01;31:*.alz=01;31:*.ace=01;31:*.zoo=01;31:*.cpio=01;31:*.7z=01;31:*.rz=01;31:*.cab=01;31:*.wim=01;31:*.swm=01;31:*.dwm=01;31:*.esd=01;31:*.jpg=01;35:*.jpeg=01;35:*.mjpg=01;35:*.mjpeg=01;35:*.gif=01;35:*.bmp=01;35:*.pbm=01;35:*.pgm=01;35:*.ppm=01;35:*.tga=01;35:*.xbm=01;35:*.xpm=01;35:*.tif=01;35:*.tiff=01;35:*.png=01;35:*.svg=01;35:*.svgz=01;35:*.mng=01;35:*.pcx=01;35:*.mov=01;35:*.mpg=01;35:*.mpeg=01;35:*.m2v=01;35:*.mkv=01;35:*.webm=01;35:*.webp=01;35:*.ogm=01;35:*.mp4=01;35:*.m4v=01;35:*.mp4v=01;35:*.vob=01;35:*.qt=01;35:*.nuv=01;35:*.wmv=01;35:*.asf=01;35:*.rm=01;35:*.rmvb=01;35:*.flc=01;35:*.avi=01;35:*.fli=01;35:*.flv=01;35:*.gl=01;35:*.dl=01;35:*.xcf=01;35:*.xwd=01;35:*.yuv=01;35:*.cgm=01;35:*.emf=01;35:*.ogv=01;35:*.ogx=01;35:*.aac=00;36:*.au=00;36:*.flac=00;36:*.m4a=00;36:*.mid=00;36:*.midi=00;36:*.mka=00;36:*.mp3=00;36:*.mpc=00;36:*.ogg=00;36:*.ra=00;36:*.wav=00;36:*.oga=00;36:*.opus=00;36:*.spx=00;36:*.xspf=00;36:'), ('ROS_DOMAIN_ID', '23'), ('AMENT_PREFIX_PATH', '/opt/ros/humble'), ('SHELL', '/bin/bash'), ('LESSCLOSE', '/usr/bin/lesspipe %s %s'), ('PWD', '/home/ribeiro/ros2_tutorial_workspace/build/package_with_interfaces'), ('XDG_DATA_DIRS', '/usr/local/share:/usr/share:/var/lib/snapd/desktop'), ('PYTHONPATH', '/opt/ros/humble/lib/python3.10/site-packages:/opt/ros/humble/local/lib/python3.10/dist-packages'), ('COLCON', '1'), ('WSL2_GUI_APPS_ENABLED', '1'), ('HOSTTYPE', 'x86_64'), ('WSLENV', ''), ('CMAKE_PREFIX_PATH', '/opt/ros/humble')]), 'shell': False}
[2.397164] (package_with_interfaces) StdoutLine: {'line': b'-- Install configuration: ""\n'}
[2.397606] (package_with_interfaces) StdoutLine: {'line': b'-- Execute custom install script\n'}
[2.398060] (package_with_interfaces) StdoutLine: {'line': b'-- Up-to-date symlink: /home/ribeiro/ros2_tutorial_workspace/install/package_with_interfaces/share/ament_index/resource_index/rosidl_interfaces/package_with_interfaces\n'}
[2.398845] (package_with_interfaces) StdoutLine: {'line': b'-- Up-to-date symlink: /home/ribeiro/ros2_tutorial_workspace/install/package_with_interfaces/include/package_with_interfaces/package_with_interfaces/msg/amazing_quote.h\n'}
[2.399112] (package_with_interfaces) StdoutLine: {'line': b'-- Up-to-date symlink: /home/ribeiro/ros2_tutorial_workspace/install/package_with_interfaces/include/package_with_interfaces/package_with_interfaces/msg/detail/amazing_quote__functions.h\n'}
[2.399353] (package_with_interfaces) StdoutLine: {'line': b'-- Up-to-date symlink: /home/ribeiro/ros2_tutorial_workspace/install/package_with_interfaces/include/package_with_interfaces/package_with_interfaces/msg/detail/amazing_quote__struct.h\n'}
[2.399623] (package_with_interfaces) StdoutLine: {'line': b'-- Up-to-date symlink: /home/ribeiro/ros2_tutorial_workspace/install/package_with_interfaces/include/package_with_interfaces/package_with_interfaces/msg/detail/amazing_quote__type_support.h\n'}
[2.399903] (package_with_interfaces) StdoutLine: {'line': b'-- Up-to-date symlink: /home/ribeiro/ros2_tutorial_workspace/install/package_with_interfaces/include/package_with_interfaces/package_with_interfaces/msg/rosidl_generator_c__visibility_control.h\n'}
[2.400151] (package_with_interfaces) StdoutLine: {'line': b'-- Up-to-date symlink: /home/ribeiro/ros2_tutorial_workspace/install/package_with_interfaces/include/package_with_interfaces/package_with_interfaces/srv/detail/what_is_the_point__functions.h\n'}
[2.400510] (package_with_interfaces) StdoutLine: {'line': b'-- Up-to-date symlink: /home/ribeiro/ros2_tutorial_workspace/install/package_with_interfaces/include/package_with_interfaces/package_with_interfaces/srv/detail/what_is_the_point__struct.h\n'}
[2.400807] (package_with_interfaces) StdoutLine: {'line': b'-- Up-to-date symlink: /home/ribeiro/ros2_tutorial_workspace/install/package_with_interfaces/include/package_with_interfaces/package_with_interfaces/srv/detail/what_is_the_point__type_support.h\n'}
[2.401073] (package_with_interfaces) StdoutLine: {'line': b'-- Up-to-date symlink: /home/ribeiro/ros2_tutorial_workspace/install/package_with_interfaces/include/package_with_interfaces/package_with_interfaces/srv/what_is_the_point.h\n'}
[2.401429] (package_with_interfaces) StdoutLine: {'line': b'-- Up-to-date symlink: /home/ribeiro/ros2_tutorial_workspace/install/package_with_interfaces/share/package_with_interfaces/environment/library_path.sh\n'}
[2.401727] (package_with_interfaces) StdoutLine: {'line': b'-- Up-to-date symlink: /home/ribeiro/ros2_tutorial_workspace/install/package_with_interfaces/share/package_with_interfaces/environment/library_path.dsv\n'}
[2.402434] (package_with_interfaces) StdoutLine: {'line': b'-- Up-to-date symlink: /home/ribeiro/ros2_tutorial_workspace/install/package_with_interfaces/include/package_with_interfaces/package_with_interfaces/msg/detail/amazing_quote__rosidl_typesupport_fastrtps_c.h\n'}
[2.402755] (package_with_interfaces) StdoutLine: {'line': b'-- Up-to-date symlink: /home/ribeiro/ros2_tutorial_workspace/install/package_with_interfaces/include/package_with_interfaces/package_with_interfaces/msg/rosidl_typesupport_fastrtps_c__visibility_control.h\n'}
[2.403000] (-) TimerEvent: {}
[2.403153] (package_with_interfaces) StdoutLine: {'line': b'-- Up-to-date symlink: /home/ribeiro/ros2_tutorial_workspace/install/package_with_interfaces/include/package_with_interfaces/package_with_interfaces/srv/detail/what_is_the_point__rosidl_typesupport_fastrtps_c.h\n'}
[2.404091] (package_with_interfaces) StdoutLine: {'line': b'-- Up-to-date symlink: /home/ribeiro/ros2_tutorial_workspace/install/package_with_interfaces/include/package_with_interfaces/package_with_interfaces/msg/amazing_quote.hpp\n'}
[2.404390] (package_with_interfaces) StdoutLine: {'line': b'-- Up-to-date symlink: /home/ribeiro/ros2_tutorial_workspace/install/package_with_interfaces/include/package_with_interfaces/package_with_interfaces/msg/detail/amazing_quote__builder.hpp\n'}
[2.404777] (package_with_interfaces) StdoutLine: {'line': b'-- Up-to-date symlink: /home/ribeiro/ros2_tutorial_workspace/install/package_with_interfaces/include/package_with_interfaces/package_with_interfaces/msg/detail/amazing_quote__struct.hpp\n'}
[2.405063] (package_with_interfaces) StdoutLine: {'line': b'-- Up-to-date symlink: /home/ribeiro/ros2_tutorial_workspace/install/package_with_interfaces/include/package_with_interfaces/package_with_interfaces/msg/detail/amazing_quote__traits.hpp\n'}
[2.405312] (package_with_interfaces) StdoutLine: {'line': b'-- Up-to-date symlink: /home/ribeiro/ros2_tutorial_workspace/install/package_with_interfaces/include/package_with_interfaces/package_with_interfaces/msg/detail/amazing_quote__type_support.hpp\n'}
[2.405565] (package_with_interfaces) StdoutLine: {'line': b'-- Up-to-date symlink: /home/ribeiro/ros2_tutorial_workspace/install/package_with_interfaces/include/package_with_interfaces/package_with_interfaces/msg/rosidl_generator_cpp__visibility_control.hpp\n'}
[2.405816] (package_with_interfaces) StdoutLine: {'line': b'-- Up-to-date symlink: /home/ribeiro/ros2_tutorial_workspace/install/package_with_interfaces/include/package_with_interfaces/package_with_interfaces/srv/detail/what_is_the_point__builder.hpp\n'}
[2.406105] (package_with_interfaces) StdoutLine: {'line': b'-- Up-to-date symlink: /home/ribeiro/ros2_tutorial_workspace/install/package_with_interfaces/include/package_with_interfaces/package_with_interfaces/srv/detail/what_is_the_point__struct.hpp\n'}
[2.406439] (package_with_interfaces) StdoutLine: {'line': b'-- Up-to-date symlink: /home/ribeiro/ros2_tutorial_workspace/install/package_with_interfaces/include/package_with_interfaces/package_with_interfaces/srv/detail/what_is_the_point__traits.hpp\n'}
[2.406798] (package_with_interfaces) StdoutLine: {'line': b'-- Up-to-date symlink: /home/ribeiro/ros2_tutorial_workspace/install/package_with_interfaces/include/package_with_interfaces/package_with_interfaces/srv/detail/what_is_the_point__type_support.hpp\n'}
[2.407071] (package_with_interfaces) StdoutLine: {'line': b'-- Up-to-date symlink: /home/ribeiro/ros2_tutorial_workspace/install/package_with_interfaces/include/package_with_interfaces/package_with_interfaces/srv/what_is_the_point.hpp\n'}
[2.407991] (package_with_interfaces) StdoutLine: {'line': b'-- Up-to-date symlink: /home/ribeiro/ros2_tutorial_workspace/install/package_with_interfaces/include/package_with_interfaces/package_with_interfaces/msg/detail/amazing_quote__rosidl_typesupport_fastrtps_cpp.hpp\n'}
[2.408374] (package_with_interfaces) StdoutLine: {'line': b'-- Up-to-date symlink: /home/ribeiro/ros2_tutorial_workspace/install/package_with_interfaces/include/package_with_interfaces/package_with_interfaces/msg/rosidl_typesupport_fastrtps_cpp__visibility_control.h\n'}
[2.408652] (package_with_interfaces) StdoutLine: {'line': b'-- Up-to-date symlink: /home/ribeiro/ros2_tutorial_workspace/install/package_with_interfaces/include/package_with_interfaces/package_with_interfaces/srv/detail/what_is_the_point__rosidl_typesupport_fastrtps_cpp.hpp\n'}
[2.409384] (package_with_interfaces) StdoutLine: {'line': b'-- Up-to-date symlink: /home/ribeiro/ros2_tutorial_workspace/install/package_with_interfaces/include/package_with_interfaces/package_with_interfaces/msg/detail/amazing_quote__rosidl_typesupport_introspection_c.h\n'}
[2.409608] (package_with_interfaces) StdoutLine: {'line': b'-- Up-to-date symlink: /home/ribeiro/ros2_tutorial_workspace/install/package_with_interfaces/include/package_with_interfaces/package_with_interfaces/msg/rosidl_typesupport_introspection_c__visibility_control.h\n'}
[2.409861] (package_with_interfaces) StdoutLine: {'line': b'-- Up-to-date symlink: /home/ribeiro/ros2_tutorial_workspace/install/package_with_interfaces/include/package_with_interfaces/package_with_interfaces/srv/detail/what_is_the_point__rosidl_typesupport_introspection_c.h\n'}
[2.410786] (package_with_interfaces) StdoutLine: {'line': b'-- Up-to-date symlink: /home/ribeiro/ros2_tutorial_workspace/install/package_with_interfaces/include/package_with_interfaces/package_with_interfaces/msg/detail/amazing_quote__rosidl_typesupport_introspection_cpp.hpp\n'}
[2.411028] (package_with_interfaces) StdoutLine: {'line': b'-- Up-to-date symlink: /home/ribeiro/ros2_tutorial_workspace/install/package_with_interfaces/include/package_with_interfaces/package_with_interfaces/srv/detail/what_is_the_point__rosidl_typesupport_introspection_cpp.hpp\n'}
[2.411314] (package_with_interfaces) StdoutLine: {'line': b'-- Up-to-date symlink: /home/ribeiro/ros2_tutorial_workspace/install/package_with_interfaces/share/package_with_interfaces/environment/pythonpath.sh\n'}
[2.411582] (package_with_interfaces) StdoutLine: {'line': b'-- Up-to-date symlink: /home/ribeiro/ros2_tutorial_workspace/install/package_with_interfaces/share/package_with_interfaces/environment/pythonpath.dsv\n'}
[2.411995] (package_with_interfaces) StdoutLine: {'line': b'-- Up-to-date symlink: /home/ribeiro/ros2_tutorial_workspace/install/package_with_interfaces/local/lib/python3.10/dist-packages/package_with_interfaces-0.0.0-py3.10.egg-info/PKG-INFO\n'}
[2.412251] (package_with_interfaces) StdoutLine: {'line': b'-- Up-to-date symlink: /home/ribeiro/ros2_tutorial_workspace/install/package_with_interfaces/local/lib/python3.10/dist-packages/package_with_interfaces-0.0.0-py3.10.egg-info/SOURCES.txt\n'}
[2.412487] (package_with_interfaces) StdoutLine: {'line': b'-- Up-to-date symlink: /home/ribeiro/ros2_tutorial_workspace/install/package_with_interfaces/local/lib/python3.10/dist-packages/package_with_interfaces-0.0.0-py3.10.egg-info/dependency_links.txt\n'}
[2.412826] (package_with_interfaces) StdoutLine: {'line': b'-- Up-to-date symlink: /home/ribeiro/ros2_tutorial_workspace/install/package_with_interfaces/local/lib/python3.10/dist-packages/package_with_interfaces-0.0.0-py3.10.egg-info/top_level.txt\n'}
[2.413438] (package_with_interfaces) StdoutLine: {'line': b'-- Up-to-date symlink: /home/ribeiro/ros2_tutorial_workspace/install/package_with_interfaces/local/lib/python3.10/dist-packages/package_with_interfaces/__init__.py\n'}
[2.413716] (package_with_interfaces) StdoutLine: {'line': b'-- Up-to-date symlink: /home/ribeiro/ros2_tutorial_workspace/install/package_with_interfaces/local/lib/python3.10/dist-packages/package_with_interfaces/_package_with_interfaces_s.ep.rosidl_typesupport_c.c\n'}
[2.414105] (package_with_interfaces) StdoutLine: {'line': b'-- Up-to-date symlink: /home/ribeiro/ros2_tutorial_workspace/install/package_with_interfaces/local/lib/python3.10/dist-packages/package_with_interfaces/_package_with_interfaces_s.ep.rosidl_typesupport_fastrtps_c.c\n'}
[2.414411] (package_with_interfaces) StdoutLine: {'line': b'-- Up-to-date symlink: /home/ribeiro/ros2_tutorial_workspace/install/package_with_interfaces/local/lib/python3.10/dist-packages/package_with_interfaces/_package_with_interfaces_s.ep.rosidl_typesupport_introspection_c.c\n'}
[2.414790] (package_with_interfaces) StdoutLine: {'line': b'-- Up-to-date symlink: /home/ribeiro/ros2_tutorial_workspace/install/package_with_interfaces/local/lib/python3.10/dist-packages/package_with_interfaces/libpackage_with_interfaces__rosidl_generator_py.so\n'}
[2.415123] (package_with_interfaces) StdoutLine: {'line': b'-- Up-to-date symlink: /home/ribeiro/ros2_tutorial_workspace/install/package_with_interfaces/local/lib/python3.10/dist-packages/package_with_interfaces/msg/__init__.py\n'}
[2.415375] (package_with_interfaces) StdoutLine: {'line': b'-- Up-to-date symlink: /home/ribeiro/ros2_tutorial_workspace/install/package_with_interfaces/local/lib/python3.10/dist-packages/package_with_interfaces/msg/_amazing_quote.py\n'}
[2.415628] (package_with_interfaces) StdoutLine: {'line': b'-- Up-to-date symlink: /home/ribeiro/ros2_tutorial_workspace/install/package_with_interfaces/local/lib/python3.10/dist-packages/package_with_interfaces/msg/_amazing_quote_s.c\n'}
[2.415916] (package_with_interfaces) StdoutLine: {'line': b'-- Up-to-date symlink: /home/ribeiro/ros2_tutorial_workspace/install/package_with_interfaces/local/lib/python3.10/dist-packages/package_with_interfaces/package_with_interfaces_s__rosidl_typesupport_c.cpython-310-x86_64-linux-gnu.so\n'}
[2.416190] (package_with_interfaces) StdoutLine: {'line': b'-- Up-to-date symlink: /home/ribeiro/ros2_tutorial_workspace/install/package_with_interfaces/local/lib/python3.10/dist-packages/package_with_interfaces/package_with_interfaces_s__rosidl_typesupport_fastrtps_c.cpython-310-x86_64-linux-gnu.so\n'}
[2.416509] (package_with_interfaces) StdoutLine: {'line': b'-- Up-to-date symlink: /home/ribeiro/ros2_tutorial_workspace/install/package_with_interfaces/local/lib/python3.10/dist-packages/package_with_interfaces/package_with_interfaces_s__rosidl_typesupport_introspection_c.cpython-310-x86_64-linux-gnu.so\n'}
[2.416805] (package_with_interfaces) StdoutLine: {'line': b'-- Up-to-date symlink: /home/ribeiro/ros2_tutorial_workspace/install/package_with_interfaces/local/lib/python3.10/dist-packages/package_with_interfaces/srv/__init__.py\n'}
[2.417111] (package_with_interfaces) StdoutLine: {'line': b'-- Up-to-date symlink: /home/ribeiro/ros2_tutorial_workspace/install/package_with_interfaces/local/lib/python3.10/dist-packages/package_with_interfaces/srv/_what_is_the_point.py\n'}
[2.417332] (package_with_interfaces) StdoutLine: {'line': b'-- Up-to-date symlink: /home/ribeiro/ros2_tutorial_workspace/install/package_with_interfaces/local/lib/python3.10/dist-packages/package_with_interfaces/srv/_what_is_the_point_s.c\n'}
[2.417541] (package_with_interfaces) StdoutLine: {'line': b'-- Up-to-date symlink: /home/ribeiro/ros2_tutorial_workspace/install/package_with_interfaces/local/lib/python3.10/dist-packages/package_with_interfaces/package_with_interfaces_s__rosidl_typesupport_fastrtps_c.cpython-310-x86_64-linux-gnu.so\n'}
[2.417748] (package_with_interfaces) StdoutLine: {'line': b'-- Up-to-date symlink: /home/ribeiro/ros2_tutorial_workspace/install/package_with_interfaces/local/lib/python3.10/dist-packages/package_with_interfaces/package_with_interfaces_s__rosidl_typesupport_introspection_c.cpython-310-x86_64-linux-gnu.so\n'}
[2.417906] (package_with_interfaces) StdoutLine: {'line': b'-- Up-to-date symlink: /home/ribeiro/ros2_tutorial_workspace/install/package_with_interfaces/local/lib/python3.10/dist-packages/package_with_interfaces/package_with_interfaces_s__rosidl_typesupport_c.cpython-310-x86_64-linux-gnu.so\n'}
[2.418219] (package_with_interfaces) StdoutLine: {'line': b'-- Up-to-date symlink: /home/ribeiro/ros2_tutorial_workspace/install/package_with_interfaces/share/ament_index/resource_index/rust_packages/package_with_interfaces\n'}
[2.419311] (package_with_interfaces) StdoutLine: {'line': b'-- Up-to-date symlink: /home/ribeiro/ros2_tutorial_workspace/install/package_with_interfaces/share/package_with_interfaces/rust/Cargo.toml\n'}
[2.419594] (package_with_interfaces) StdoutLine: {'line': b'-- Up-to-date symlink: /home/ribeiro/ros2_tutorial_workspace/install/package_with_interfaces/share/package_with_interfaces/rust/build.rs\n'}
[2.419853] (package_with_interfaces) StdoutLine: {'line': b'-- Up-to-date symlink: /home/ribeiro/ros2_tutorial_workspace/install/package_with_interfaces/share/package_with_interfaces/rust/src/lib.rs\n'}
[2.420080] (package_with_interfaces) StdoutLine: {'line': b'-- Up-to-date symlink: /home/ribeiro/ros2_tutorial_workspace/install/package_with_interfaces/share/package_with_interfaces/rust/src/msg.rs\n'}
[2.420283] (package_with_interfaces) StdoutLine: {'line': b'-- Up-to-date symlink: /home/ribeiro/ros2_tutorial_workspace/install/package_with_interfaces/share/package_with_interfaces/rust/src/msg/rmw.rs\n'}
[2.420597] (package_with_interfaces) StdoutLine: {'line': b'-- Up-to-date symlink: /home/ribeiro/ros2_tutorial_workspace/install/package_with_interfaces/share/package_with_interfaces/rust/src/srv.rs\n'}
[2.420870] (package_with_interfaces) StdoutLine: {'line': b'-- Up-to-date symlink: /home/ribeiro/ros2_tutorial_workspace/install/package_with_interfaces/share/package_with_interfaces/rust/src/srv/rmw.rs\n'}
[2.421186] (package_with_interfaces) StdoutLine: {'line': b'-- Up-to-date symlink: /home/ribeiro/ros2_tutorial_workspace/install/package_with_interfaces/share/package_with_interfaces/msg/AmazingQuote.idl\n'}
[2.421481] (package_with_interfaces) StdoutLine: {'line': b'-- Up-to-date symlink: /home/ribeiro/ros2_tutorial_workspace/install/package_with_interfaces/share/package_with_interfaces/srv/WhatIsThePoint.idl\n'}
[2.421774] (package_with_interfaces) StdoutLine: {'line': b'-- Up-to-date symlink: /home/ribeiro/ros2_tutorial_workspace/install/package_with_interfaces/share/package_with_interfaces/msg/AmazingQuote.msg\n'}
[2.422058] (package_with_interfaces) StdoutLine: {'line': b'-- Up-to-date symlink: /home/ribeiro/ros2_tutorial_workspace/install/package_with_interfaces/share/package_with_interfaces/srv/WhatIsThePoint.srv\n'}
[2.422365] (package_with_interfaces) StdoutLine: {'line': b'-- Up-to-date symlink: /home/ribeiro/ros2_tutorial_workspace/install/package_with_interfaces/share/package_with_interfaces/srv/WhatIsThePoint_Request.msg\n'}
[2.422765] (package_with_interfaces) StdoutLine: {'line': b'-- Up-to-date symlink: /home/ribeiro/ros2_tutorial_workspace/install/package_with_interfaces/share/package_with_interfaces/srv/WhatIsThePoint_Response.msg\n'}
[2.423092] (package_with_interfaces) StdoutLine: {'line': b'-- Up-to-date symlink: /home/ribeiro/ros2_tutorial_workspace/install/package_with_interfaces/share/ament_index/resource_index/package_run_dependencies/package_with_interfaces\n'}
[2.423377] (package_with_interfaces) StdoutLine: {'line': b'-- Up-to-date symlink: /home/ribeiro/ros2_tutorial_workspace/install/package_with_interfaces/share/ament_index/resource_index/parent_prefix_path/package_with_interfaces\n'}
[2.423709] (package_with_interfaces) StdoutLine: {'line': b'-- Up-to-date symlink: /home/ribeiro/ros2_tutorial_workspace/install/package_with_interfaces/share/package_with_interfaces/environment/ament_prefix_path.sh\n'}
[2.424022] (package_with_interfaces) StdoutLine: {'line': b'-- Up-to-date symlink: /home/ribeiro/ros2_tutorial_workspace/install/package_with_interfaces/share/package_with_interfaces/environment/ament_prefix_path.dsv\n'}
[2.424360] (package_with_interfaces) StdoutLine: {'line': b'-- Up-to-date symlink: /home/ribeiro/ros2_tutorial_workspace/install/package_with_interfaces/share/package_with_interfaces/environment/path.sh\n'}
[2.424602] (package_with_interfaces) StdoutLine: {'line': b'-- Up-to-date symlink: /home/ribeiro/ros2_tutorial_workspace/install/package_with_interfaces/share/package_with_interfaces/environment/path.dsv\n'}
[2.424897] (package_with_interfaces) StdoutLine: {'line': b'-- Up-to-date symlink: /home/ribeiro/ros2_tutorial_workspace/install/package_with_interfaces/share/package_with_interfaces/local_setup.bash\n'}
[2.425233] (package_with_interfaces) StdoutLine: {'line': b'-- Up-to-date symlink: /home/ribeiro/ros2_tutorial_workspace/install/package_with_interfaces/share/package_with_interfaces/local_setup.sh\n'}
[2.425522] (package_with_interfaces) StdoutLine: {'line': b'-- Up-to-date symlink: /home/ribeiro/ros2_tutorial_workspace/install/package_with_interfaces/share/package_with_interfaces/local_setup.zsh\n'}
[2.425754] (package_with_interfaces) StdoutLine: {'line': b'-- Up-to-date symlink: /home/ribeiro/ros2_tutorial_workspace/install/package_with_interfaces/share/package_with_interfaces/local_setup.dsv\n'}
[2.425899] (package_with_interfaces) StdoutLine: {'line': b'-- Symlinking: /home/ribeiro/ros2_tutorial_workspace/install/package_with_interfaces/share/package_with_interfaces/package.dsv\n'}
[2.431696] (package_with_interfaces) StdoutLine: {'line': b'-- Up-to-date symlink: /home/ribeiro/ros2_tutorial_workspace/install/package_with_interfaces/share/ament_index/resource_index/packages/package_with_interfaces\n'}
[2.432026] (package_with_interfaces) StdoutLine: {'line': b'-- Up-to-date symlink: /home/ribeiro/ros2_tutorial_workspace/install/package_with_interfaces/share/package_with_interfaces/cmake/rosidl_cmake-extras.cmake\n'}
[2.432341] (package_with_interfaces) StdoutLine: {'line': b'-- Up-to-date symlink: /home/ribeiro/ros2_tutorial_workspace/install/package_with_interfaces/share/package_with_interfaces/cmake/ament_cmake_export_dependencies-extras.cmake\n'}
[2.432617] (package_with_interfaces) StdoutLine: {'line': b'-- Up-to-date symlink: /home/ribeiro/ros2_tutorial_workspace/install/package_with_interfaces/share/package_with_interfaces/cmake/ament_cmake_export_include_directories-extras.cmake\n'}
[2.432946] (package_with_interfaces) StdoutLine: {'line': b'-- Up-to-date symlink: /home/ribeiro/ros2_tutorial_workspace/install/package_with_interfaces/share/package_with_interfaces/cmake/ament_cmake_export_libraries-extras.cmake\n'}
[2.433213] (package_with_interfaces) StdoutLine: {'line': b'-- Up-to-date symlink: /home/ribeiro/ros2_tutorial_workspace/install/package_with_interfaces/share/package_with_interfaces/cmake/ament_cmake_export_targets-extras.cmake\n'}
[2.433484] (package_with_interfaces) StdoutLine: {'line': b'-- Up-to-date symlink: /home/ribeiro/ros2_tutorial_workspace/install/package_with_interfaces/share/package_with_interfaces/cmake/rosidl_cmake_export_typesupport_targets-extras.cmake\n'}
[2.433788] (package_with_interfaces) StdoutLine: {'line': b'-- Up-to-date symlink: /home/ribeiro/ros2_tutorial_workspace/install/package_with_interfaces/share/package_with_interfaces/cmake/rosidl_cmake_export_typesupport_libraries-extras.cmake\n'}
[2.434082] (package_with_interfaces) StdoutLine: {'line': b'-- Up-to-date symlink: /home/ribeiro/ros2_tutorial_workspace/install/package_with_interfaces/share/package_with_interfaces/cmake/rosidl_cmake_aggregate_target-extras.cmake\n'}
[2.434431] (package_with_interfaces) StdoutLine: {'line': b'-- Up-to-date symlink: /home/ribeiro/ros2_tutorial_workspace/install/package_with_interfaces/share/package_with_interfaces/cmake/package_with_interfacesConfig.cmake\n'}
[2.434803] (package_with_interfaces) StdoutLine: {'line': b'-- Up-to-date symlink: /home/ribeiro/ros2_tutorial_workspace/install/package_with_interfaces/share/package_with_interfaces/cmake/package_with_interfacesConfig-version.cmake\n'}
[2.435128] (package_with_interfaces) StdoutLine: {'line': b'-- Up-to-date symlink: /home/ribeiro/ros2_tutorial_workspace/install/package_with_interfaces/share/package_with_interfaces/package.xml\n'}
[2.435497] (package_with_interfaces) StdoutLine: {'line': b'-- Installing: /home/ribeiro/ros2_tutorial_workspace/install/package_with_interfaces/lib/libpackage_with_interfaces__rosidl_generator_c.so\n'}
[2.435890] (package_with_interfaces) StdoutLine: {'line': b'-- Set runtime path of "/home/ribeiro/ros2_tutorial_workspace/install/package_with_interfaces/lib/libpackage_with_interfaces__rosidl_generator_c.so" to ""\n'}
[2.436201] (package_with_interfaces) StdoutLine: {'line': b'-- Installing: /home/ribeiro/ros2_tutorial_workspace/install/package_with_interfaces/lib/libpackage_with_interfaces__rosidl_typesupport_fastrtps_c.so\n'}
[2.436457] (package_with_interfaces) StdoutLine: {'line': b'-- Set runtime path of "/home/ribeiro/ros2_tutorial_workspace/install/package_with_interfaces/lib/libpackage_with_interfaces__rosidl_typesupport_fastrtps_c.so" to ""\n'}
[2.436902] (package_with_interfaces) StdoutLine: {'line': b'-- Installing: /home/ribeiro/ros2_tutorial_workspace/install/package_with_interfaces/lib/libpackage_with_interfaces__rosidl_typesupport_fastrtps_cpp.so\n'}
[2.437161] (package_with_interfaces) StdoutLine: {'line': b'-- Set runtime path of "/home/ribeiro/ros2_tutorial_workspace/install/package_with_interfaces/lib/libpackage_with_interfaces__rosidl_typesupport_fastrtps_cpp.so" to ""\n'}
[2.437474] (package_with_interfaces) StdoutLine: {'line': b'-- Installing: /home/ribeiro/ros2_tutorial_workspace/install/package_with_interfaces/lib/libpackage_with_interfaces__rosidl_typesupport_introspection_c.so\n'}
[2.437672] (package_with_interfaces) StdoutLine: {'line': b'-- Set runtime path of "/home/ribeiro/ros2_tutorial_workspace/install/package_with_interfaces/lib/libpackage_with_interfaces__rosidl_typesupport_introspection_c.so" to ""\n'}
[2.438045] (package_with_interfaces) StdoutLine: {'line': b'-- Installing: /home/ribeiro/ros2_tutorial_workspace/install/package_with_interfaces/lib/libpackage_with_interfaces__rosidl_typesupport_c.so\n'}
[2.438219] (package_with_interfaces) StdoutLine: {'line': b'-- Set runtime path of "/home/ribeiro/ros2_tutorial_workspace/install/package_with_interfaces/lib/libpackage_with_interfaces__rosidl_typesupport_c.so" to ""\n'}
[2.438883] (package_with_interfaces) StdoutLine: {'line': b'-- Installing: /home/ribeiro/ros2_tutorial_workspace/install/package_with_interfaces/lib/libpackage_with_interfaces__rosidl_typesupport_introspection_cpp.so\n'}
[2.438954] (package_with_interfaces) StdoutLine: {'line': b'-- Set runtime path of "/home/ribeiro/ros2_tutorial_workspace/install/package_with_interfaces/lib/libpackage_with_interfaces__rosidl_typesupport_introspection_cpp.so" to ""\n'}
[2.439189] (package_with_interfaces) StdoutLine: {'line': b'-- Installing: /home/ribeiro/ros2_tutorial_workspace/install/package_with_interfaces/lib/libpackage_with_interfaces__rosidl_typesupport_cpp.so\n'}
[2.439399] (package_with_interfaces) StdoutLine: {'line': b'-- Set runtime path of "/home/ribeiro/ros2_tutorial_workspace/install/package_with_interfaces/lib/libpackage_with_interfaces__rosidl_typesupport_cpp.so" to ""\n'}
[2.469387] (package_with_interfaces) StdoutLine: {'line': b"Listing '/home/ribeiro/ros2_tutorial_workspace/install/package_with_interfaces/local/lib/python3.10/dist-packages/package_with_interfaces'...\n"}
[2.469524] (package_with_interfaces) StdoutLine: {'line': b"Compiling '/home/ribeiro/ros2_tutorial_workspace/install/package_with_interfaces/local/lib/python3.10/dist-packages/package_with_interfaces/__init__.py'...\n"}
[2.469566] (package_with_interfaces) StdoutLine: {'line': b"Listing '/home/ribeiro/ros2_tutorial_workspace/install/package_with_interfaces/local/lib/python3.10/dist-packages/package_with_interfaces/msg'...\n"}
[2.469601] (package_with_interfaces) StdoutLine: {'line': b"Compiling '/home/ribeiro/ros2_tutorial_workspace/install/package_with_interfaces/local/lib/python3.10/dist-packages/package_with_interfaces/msg/__init__.py'...\n"}
[2.469634] (package_with_interfaces) StdoutLine: {'line': b"Compiling '/home/ribeiro/ros2_tutorial_workspace/install/package_with_interfaces/local/lib/python3.10/dist-packages/package_with_interfaces/msg/_amazing_quote.py'...\n"}
[2.469666] (package_with_interfaces) StdoutLine: {'line': b"Listing '/home/ribeiro/ros2_tutorial_workspace/install/package_with_interfaces/local/lib/python3.10/dist-packages/package_with_interfaces/srv'...\n"}
[2.469697] (package_with_interfaces) StdoutLine: {'line': b"Compiling '/home/ribeiro/ros2_tutorial_workspace/install/package_with_interfaces/local/lib/python3.10/dist-packages/package_with_interfaces/srv/__init__.py'...\n"}
[2.469729] (package_with_interfaces) StdoutLine: {'line': b"Compiling '/home/ribeiro/ros2_tutorial_workspace/install/package_with_interfaces/local/lib/python3.10/dist-packages/package_with_interfaces/srv/_what_is_the_point.py'...\n"}
[2.472711] (package_with_interfaces) StdoutLine: {'line': b'-- Installing: /home/ribeiro/ros2_tutorial_workspace/install/package_with_interfaces/lib/libpackage_with_interfaces__rosidl_generator_py.so\n'}
[2.472955] (package_with_interfaces) StdoutLine: {'line': b'-- Set runtime path of "/home/ribeiro/ros2_tutorial_workspace/install/package_with_interfaces/lib/libpackage_with_interfaces__rosidl_generator_py.so" to ""\n'}
[2.473250] (package_with_interfaces) StdoutLine: {'line': b'-- Up-to-date: /home/ribeiro/ros2_tutorial_workspace/install/package_with_interfaces/share/package_with_interfaces/cmake/export_package_with_interfaces__rosidl_generator_cExport.cmake\n'}
[2.473422] (package_with_interfaces) StdoutLine: {'line': b'-- Up-to-date: /home/ribeiro/ros2_tutorial_workspace/install/package_with_interfaces/share/package_with_interfaces/cmake/export_package_with_interfaces__rosidl_generator_cExport-noconfig.cmake\n'}
[2.473581] (package_with_interfaces) StdoutLine: {'line': b'-- Up-to-date: /home/ribeiro/ros2_tutorial_workspace/install/package_with_interfaces/share/package_with_interfaces/cmake/export_package_with_interfaces__rosidl_typesupport_fastrtps_cExport.cmake\n'}
[2.473763] (package_with_interfaces) StdoutLine: {'line': b'-- Up-to-date: /home/ribeiro/ros2_tutorial_workspace/install/package_with_interfaces/share/package_with_interfaces/cmake/export_package_with_interfaces__rosidl_typesupport_fastrtps_cExport-noconfig.cmake\n'}
[2.473890] (package_with_interfaces) StdoutLine: {'line': b'-- Up-to-date: /home/ribeiro/ros2_tutorial_workspace/install/package_with_interfaces/share/package_with_interfaces/cmake/export_package_with_interfaces__rosidl_generator_cppExport.cmake\n'}
[2.474166] (package_with_interfaces) StdoutLine: {'line': b'-- Up-to-date: /home/ribeiro/ros2_tutorial_workspace/install/package_with_interfaces/share/package_with_interfaces/cmake/export_package_with_interfaces__rosidl_typesupport_fastrtps_cppExport.cmake\n'}
[2.474236] (package_with_interfaces) StdoutLine: {'line': b'-- Up-to-date: /home/ribeiro/ros2_tutorial_workspace/install/package_with_interfaces/share/package_with_interfaces/cmake/export_package_with_interfaces__rosidl_typesupport_fastrtps_cppExport-noconfig.cmake\n'}
[2.474553] (package_with_interfaces) StdoutLine: {'line': b'-- Up-to-date: /home/ribeiro/ros2_tutorial_workspace/install/package_with_interfaces/share/package_with_interfaces/cmake/package_with_interfaces__rosidl_typesupport_introspection_cExport.cmake\n'}
[2.474632] (package_with_interfaces) StdoutLine: {'line': b'-- Up-to-date: /home/ribeiro/ros2_tutorial_workspace/install/package_with_interfaces/share/package_with_interfaces/cmake/package_with_interfaces__rosidl_typesupport_introspection_cExport-noconfig.cmake\n'}
[2.474891] (package_with_interfaces) StdoutLine: {'line': b'-- Up-to-date: /home/ribeiro/ros2_tutorial_workspace/install/package_with_interfaces/share/package_with_interfaces/cmake/package_with_interfaces__rosidl_typesupport_cExport.cmake\n'}
[2.475086] (package_with_interfaces) StdoutLine: {'line': b'-- Up-to-date: /home/ribeiro/ros2_tutorial_workspace/install/package_with_interfaces/share/package_with_interfaces/cmake/package_with_interfaces__rosidl_typesupport_cExport-noconfig.cmake\n'}
[2.475198] (package_with_interfaces) StdoutLine: {'line': b'-- Up-to-date: /home/ribeiro/ros2_tutorial_workspace/install/package_with_interfaces/share/package_with_interfaces/cmake/package_with_interfaces__rosidl_typesupport_introspection_cppExport.cmake\n'}
[2.475352] (package_with_interfaces) StdoutLine: {'line': b'-- Up-to-date: /home/ribeiro/ros2_tutorial_workspace/install/package_with_interfaces/share/package_with_interfaces/cmake/package_with_interfaces__rosidl_typesupport_introspection_cppExport-noconfig.cmake\n'}
[2.475532] (package_with_interfaces) StdoutLine: {'line': b'-- Up-to-date: /home/ribeiro/ros2_tutorial_workspace/install/package_with_interfaces/share/package_with_interfaces/cmake/package_with_interfaces__rosidl_typesupport_cppExport.cmake\n'}
[2.475721] (package_with_interfaces) StdoutLine: {'line': b'-- Up-to-date: /home/ribeiro/ros2_tutorial_workspace/install/package_with_interfaces/share/package_with_interfaces/cmake/package_with_interfaces__rosidl_typesupport_cppExport-noconfig.cmake\n'}
[2.475830] (package_with_interfaces) StdoutLine: {'line': b'-- Up-to-date: /home/ribeiro/ros2_tutorial_workspace/install/package_with_interfaces/share/package_with_interfaces/cmake/export_package_with_interfaces__rosidl_generator_pyExport.cmake\n'}
[2.476014] (package_with_interfaces) StdoutLine: {'line': b'-- Up-to-date: /home/ribeiro/ros2_tutorial_workspace/install/package_with_interfaces/share/package_with_interfaces/cmake/export_package_with_interfaces__rosidl_generator_pyExport-noconfig.cmake\n'}
[2.477645] (package_with_interfaces) CommandEnded: {'returncode': 0}
[2.491566] (package_with_interfaces) JobEnded: {'identifier': 'package_with_interfaces', 'rc': 0}
[2.492386] (python_package_that_uses_parameters_and_launch_files) JobStarted: {'identifier': 'python_package_that_uses_parameters_and_launch_files'}
[2.495516] (python_package_that_uses_the_messages) JobStarted: {'identifier': 'python_package_that_uses_the_messages'}
[2.499411] (python_package_that_uses_the_services) JobStarted: {'identifier': 'python_package_that_uses_the_services'}
[2.503102] (-) TimerEvent: {}
[2.603336] (-) TimerEvent: {}
[2.703584] (-) TimerEvent: {}
[2.803873] (-) TimerEvent: {}
[2.904199] (-) TimerEvent: {}
[3.004500] (-) TimerEvent: {}
[3.104884] (-) TimerEvent: {}
[3.205189] (-) TimerEvent: {}
[3.271233] (python_package_that_uses_the_messages) Command: {'cmd': ['/usr/bin/python3', '-W', 'ignore:setup.py install is deprecated', '-W', 'ignore:easy_install command is deprecated', 'setup.py', 'egg_info', '--egg-base', '../../build/python_package_that_uses_the_messages', 'build', '--build-base', '/home/ribeiro/ros2_tutorial_workspace/build/python_package_that_uses_the_messages/build', 'install', '--record', '/home/ribeiro/ros2_tutorial_workspace/build/python_package_that_uses_the_messages/install.log', '--install-scripts', '$base/lib/python_package_that_uses_the_messages', '--single-version-externally-managed', 'install_data'], 'cwd': '/home/ribeiro/ros2_tutorial_workspace/src/python_package_that_uses_the_messages', 'env': {'LESSOPEN': '| /usr/bin/lesspipe %s', 'USER': 'ribeiro', 'SHLVL': '1', 'LIBGL_ALWAYS_SOFTWARE': '1', 'LD_LIBRARY_PATH': '/home/ribeiro/ros2_tutorial_workspace/install/package_with_interfaces/lib:/usr/lib/x86_64-linux-gnu/gazebo-11/plugins:/opt/ros/humble/opt/rviz_ogre_vendor/lib:/opt/ros/humble/lib/x86_64-linux-gnu:/opt/ros/humble/lib', 'HOME': '/home/ribeiro', 'OLDPWD': '/home/ribeiro', 'ROS_PYTHON_VERSION': '3', 'DBUS_SESSION_BUS_ADDRESS': 'unix:path=/run/user/1000/bus', 'WSL_DISTRO_NAME': 'Ubuntu-22.04', 'WAYLAND_DISPLAY': 'wayland-0', 'ROS_DISTRO': 'humble', 'LOGNAME': 'ribeiro', 'NAME': 'DESKTOP-15ICPHF', 'WSL_INTEROP': '/run/WSL/1625_interop', 'PULSE_SERVER': 'unix:/mnt/wslg/PulseServer', '_': '/usr/bin/colcon', 'ROS_VERSION': '2', 'TERM': 'xterm-256color', 'ROS_LOCALHOST_ONLY': '1', 'PATH': '/opt/ros/humble/bin:/usr/local/sbin:/usr/local/bin:/usr/sbin:/usr/bin:/sbin:/bin:/usr/games:/usr/local/games:/usr/lib/wsl/lib:/mnt/c/Program Files/WindowsApps/MicrosoftCorporationII.WindowsSubsystemForLinux_2.7.11.0_x64__8wekyb3d8bbwe:/mnt/c/Program Files/National Instruments/Shared/OpenVINO/:/mnt/c/Program Files (x86)/NVIDIA Corporation/PhysX/Common:/mnt/c/Program Files (x86)/Common Files/Oracle/Java/java8path:/mnt/c/Program Files (x86)/Common Files/Oracle/Java/javapath:/mnt/c/Program Files/Common Files/Siemens/Automation/Simatic OAM/bin:/mnt/c/WINDOWS/system32:/mnt/c/WINDOWS:/mnt/c/WINDOWS/System32/Wbem:/mnt/c/WINDOWS/System32/WindowsPowerShell/v1.0/:/mnt/c/WINDOWS/System32/OpenSSH/:/mnt/c/Program Files (x86)/NTP/bin:/mnt/c/Program Files/Docker/Docker/resources/bin:/mnt/c/Program Files/nodejs/:/mnt/c/Program Files/Microsoft SQL Server/Client SDK/ODBC/170/Tools/Binn/:/mnt/c/Program Files/dotnet/:/mnt/c/Program Files (x86)/Windows Kits/8.1/Windows Performance Toolkit/:/mnt/c/Program Files (x86)/IronRuby 1.1/bin:/mnt/c/Program Files/Git/cmd:/mnt/c/Program Files (x86)/Microsoft SQL Server/160/Tools/Binn/:/mnt/c/Program Files/Microsoft SQL Server/160/Tools/Binn/:/mnt/c/Program Files/Microsoft SQL Server/160/DTS/Binn/:/mnt/c/Program Files (x86)/Microsoft SQL Server/160/DTS/Binn/:/mnt/c/Program Files/Microsoft SQL Server/170/Tools/Binn/:/mnt/c/Users/SENAI/.local/bin:/mnt/c/Users/SENAI/AppData/Local/Microsoft/WindowsApps:/mnt/c/VISUALCODE/Microsoft VS Code/bin:/mnt/c/Users/SENAI/AppData/Roaming/npm:/mnt/c/Users/SENAI/.dotnet/tools:/snap/bin', 'XDG_RUNTIME_DIR': '/run/user/1000', 'DISPLAY': ':0', 'LANG': 'en_US.UTF-8', 'LS_COLORS': 'rs=0:di=01;34:ln=01;36:mh=00:pi=40;33:so=01;35:do=01;35:bd=40;33;01:cd=40;33;01:or=40;31;01:mi=00:su=37;41:sg=30;43:ca=30;41:tw=30;42:ow=34;42:st=37;44:ex=01;32:*.tar=01;31:*.tgz=01;31:*.arc=01;31:*.arj=01;31:*.taz=01;31:*.lha=01;31:*.lz4=01;31:*.lzh=01;31:*.lzma=01;31:*.tlz=01;31:*.txz=01;31:*.tzo=01;31:*.t7z=01;31:*.zip=01;31:*.z=01;31:*.dz=01;31:*.gz=01;31:*.lrz=01;31:*.lz=01;31:*.lzo=01;31:*.xz=01;31:*.zst=01;31:*.tzst=01;31:*.bz2=01;31:*.bz=01;31:*.tbz=01;31:*.tbz2=01;31:*.tz=01;31:*.deb=01;31:*.rpm=01;31:*.jar=01;31:*.war=01;31:*.ear=01;31:*.sar=01;31:*.rar=01;31:*.alz=01;31:*.ace=01;31:*.zoo=01;31:*.cpio=01;31:*.7z=01;31:*.rz=01;31:*.cab=01;31:*.wim=01;31:*.swm=01;31:*.dwm=01;31:*.esd=01;31:*.jpg=01;35:*.jpeg=01;35:*.mjpg=01;35:*.mjpeg=01;35:*.gif=01;35:*.bmp=01;35:*.pbm=01;35:*.pgm=01;35:*.ppm=01;35:*.tga=01;35:*.xbm=01;35:*.xpm=01;35:*.tif=01;35:*.tiff=01;35:*.png=01;35:*.svg=01;35:*.svgz=01;35:*.mng=01;35:*.pcx=01;35:*.mov=01;35:*.mpg=01;35:*.mpeg=01;35:*.m2v=01;35:*.mkv=01;35:*.webm=01;35:*.webp=01;35:*.ogm=01;35:*.mp4=01;35:*.m4v=01;35:*.mp4v=01;35:*.vob=01;35:*.qt=01;35:*.nuv=01;35:*.wmv=01;35:*.asf=01;35:*.rm=01;35:*.rmvb=01;35:*.flc=01;35:*.avi=01;35:*.fli=01;35:*.flv=01;35:*.gl=01;35:*.dl=01;35:*.xcf=01;35:*.xwd=01;35:*.yuv=01;35:*.cgm=01;35:*.emf=01;35:*.ogv=01;35:*.ogx=01;35:*.aac=00;36:*.au=00;36:*.flac=00;36:*.m4a=00;36:*.mid=00;36:*.midi=00;36:*.mka=00;36:*.mp3=00;36:*.mpc=00;36:*.ogg=00;36:*.ra=00;36:*.wav=00;36:*.oga=00;36:*.opus=00;36:*.spx=00;36:*.xspf=00;36:', 'ROS_DOMAIN_ID': '23', 'AMENT_PREFIX_PATH': '/home/ribeiro/ros2_tutorial_workspace/install/package_with_interfaces:/opt/ros/humble', 'SHELL': '/bin/bash', 'LESSCLOSE': '/usr/bin/lesspipe %s %s', 'PWD': '/home/ribeiro/ros2_tutorial_workspace/build/python_package_that_uses_the_messages', 'XDG_DATA_DIRS': '/usr/local/share:/usr/share:/var/lib/snapd/desktop', 'PYTHONPATH': '/home/ribeiro/ros2_tutorial_workspace/build/python_package_that_uses_the_messages/prefix_override:/usr/lib/python3/dist-packages/colcon_core/task/python/colcon_distutils_commands:/home/ribeiro/ros2_tutorial_workspace/install/python_package_that_uses_the_messages/lib/python3.10/site-packages:/home/ribeiro/ros2_tutorial_workspace/install/package_with_interfaces/local/lib/python3.10/dist-packages:/opt/ros/humble/lib/python3.10/site-packages:/opt/ros/humble/local/lib/python3.10/dist-packages', 'COLCON': '1', 'WSL2_GUI_APPS_ENABLED': '1', 'HOSTTYPE': 'x86_64', 'WSLENV': '', 'CMAKE_PREFIX_PATH': '/home/ribeiro/ros2_tutorial_workspace/install/package_with_interfaces'}, 'shell': False}
[3.283486] (python_package_that_uses_parameters_and_launch_files) Command: {'cmd': ['/usr/bin/python3', '-W', 'ignore:setup.py install is deprecated', '-W', 'ignore:easy_install command is deprecated', 'setup.py', 'egg_info', '--egg-base', '../../build/python_package_that_uses_parameters_and_launch_files', 'build', '--build-base', '/home/ribeiro/ros2_tutorial_workspace/build/python_package_that_uses_parameters_and_launch_files/build', 'install', '--record', '/home/ribeiro/ros2_tutorial_workspace/build/python_package_that_uses_parameters_and_launch_files/install.log', '--install-scripts', '$base/lib/python_package_that_uses_parameters_and_launch_files', '--single-version-externally-managed', 'install_data'], 'cwd': '/home/ribeiro/ros2_tutorial_workspace/src/python_package_that_uses_parameters_and_launch_files', 'env': {'LESSOPEN': '| /usr/bin/lesspipe %s', 'USER': 'ribeiro', 'SHLVL': '1', 'LIBGL_ALWAYS_SOFTWARE': '1', 'LD_LIBRARY_PATH': '/home/ribeiro/ros2_tutorial_workspace/install/package_with_interfaces/lib:/usr/lib/x86_64-linux-gnu/gazebo-11/plugins:/opt/ros/humble/opt/rviz_ogre_vendor/lib:/opt/ros/humble/lib/x86_64-linux-gnu:/opt/ros/humble/lib', 'HOME': '/home/ribeiro', 'OLDPWD': '/home/ribeiro', 'ROS_PYTHON_VERSION': '3', 'DBUS_SESSION_BUS_ADDRESS': 'unix:path=/run/user/1000/bus', 'WSL_DISTRO_NAME': 'Ubuntu-22.04', 'WAYLAND_DISPLAY': 'wayland-0', 'ROS_DISTRO': 'humble', 'LOGNAME': 'ribeiro', 'NAME': 'DESKTOP-15ICPHF', 'WSL_INTEROP': '/run/WSL/1625_interop', 'PULSE_SERVER': 'unix:/mnt/wslg/PulseServer', '_': '/usr/bin/colcon', 'ROS_VERSION': '2', 'TERM': 'xterm-256color', 'ROS_LOCALHOST_ONLY': '1', 'PATH': '/opt/ros/humble/bin:/usr/local/sbin:/usr/local/bin:/usr/sbin:/usr/bin:/sbin:/bin:/usr/games:/usr/local/games:/usr/lib/wsl/lib:/mnt/c/Program Files/WindowsApps/MicrosoftCorporationII.WindowsSubsystemForLinux_2.7.11.0_x64__8wekyb3d8bbwe:/mnt/c/Program Files/National Instruments/Shared/OpenVINO/:/mnt/c/Program Files (x86)/NVIDIA Corporation/PhysX/Common:/mnt/c/Program Files (x86)/Common Files/Oracle/Java/java8path:/mnt/c/Program Files (x86)/Common Files/Oracle/Java/javapath:/mnt/c/Program Files/Common Files/Siemens/Automation/Simatic OAM/bin:/mnt/c/WINDOWS/system32:/mnt/c/WINDOWS:/mnt/c/WINDOWS/System32/Wbem:/mnt/c/WINDOWS/System32/WindowsPowerShell/v1.0/:/mnt/c/WINDOWS/System32/OpenSSH/:/mnt/c/Program Files (x86)/NTP/bin:/mnt/c/Program Files/Docker/Docker/resources/bin:/mnt/c/Program Files/nodejs/:/mnt/c/Program Files/Microsoft SQL Server/Client SDK/ODBC/170/Tools/Binn/:/mnt/c/Program Files/dotnet/:/mnt/c/Program Files (x86)/Windows Kits/8.1/Windows Performance Toolkit/:/mnt/c/Program Files (x86)/IronRuby 1.1/bin:/mnt/c/Program Files/Git/cmd:/mnt/c/Program Files (x86)/Microsoft SQL Server/160/Tools/Binn/:/mnt/c/Program Files/Microsoft SQL Server/160/Tools/Binn/:/mnt/c/Program Files/Microsoft SQL Server/160/DTS/Binn/:/mnt/c/Program Files (x86)/Microsoft SQL Server/160/DTS/Binn/:/mnt/c/Program Files/Microsoft SQL Server/170/Tools/Binn/:/mnt/c/Users/SENAI/.local/bin:/mnt/c/Users/SENAI/AppData/Local/Microsoft/WindowsApps:/mnt/c/VISUALCODE/Microsoft VS Code/bin:/mnt/c/Users/SENAI/AppData/Roaming/npm:/mnt/c/Users/SENAI/.dotnet/tools:/snap/bin', 'XDG_RUNTIME_DIR': '/run/user/1000', 'DISPLAY': ':0', 'LANG': 'en_US.UTF-8', 'LS_COLORS': 'rs=0:di=01;34:ln=01;36:mh=00:pi=40;33:so=01;35:do=01;35:bd=40;33;01:cd=40;33;01:or=40;31;01:mi=00:su=37;41:sg=30;43:ca=30;41:tw=30;42:ow=34;42:st=37;44:ex=01;32:*.tar=01;31:*.tgz=01;31:*.arc=01;31:*.arj=01;31:*.taz=01;31:*.lha=01;31:*.lz4=01;31:*.lzh=01;31:*.lzma=01;31:*.tlz=01;31:*.txz=01;31:*.tzo=01;31:*.t7z=01;31:*.zip=01;31:*.z=01;31:*.dz=01;31:*.gz=01;31:*.lrz=01;31:*.lz=01;31:*.lzo=01;31:*.xz=01;31:*.zst=01;31:*.tzst=01;31:*.bz2=01;31:*.bz=01;31:*.tbz=01;31:*.tbz2=01;31:*.tz=01;31:*.deb=01;31:*.rpm=01;31:*.jar=01;31:*.war=01;31:*.ear=01;31:*.sar=01;31:*.rar=01;31:*.alz=01;31:*.ace=01;31:*.zoo=01;31:*.cpio=01;31:*.7z=01;31:*.rz=01;31:*.cab=01;31:*.wim=01;31:*.swm=01;31:*.dwm=01;31:*.esd=01;31:*.jpg=01;35:*.jpeg=01;35:*.mjpg=01;35:*.mjpeg=01;35:*.gif=01;35:*.bmp=01;35:*.pbm=01;35:*.pgm=01;35:*.ppm=01;35:*.tga=01;35:*.xbm=01;35:*.xpm=01;35:*.tif=01;35:*.tiff=01;35:*.png=01;35:*.svg=01;35:*.svgz=01;35:*.mng=01;35:*.pcx=01;35:*.mov=01;35:*.mpg=01;35:*.mpeg=01;35:*.m2v=01;35:*.mkv=01;35:*.webm=01;35:*.webp=01;35:*.ogm=01;35:*.mp4=01;35:*.m4v=01;35:*.mp4v=01;35:*.vob=01;35:*.qt=01;35:*.nuv=01;35:*.wmv=01;35:*.asf=01;35:*.rm=01;35:*.rmvb=01;35:*.flc=01;35:*.avi=01;35:*.fli=01;35:*.flv=01;35:*.gl=01;35:*.dl=01;35:*.xcf=01;35:*.xwd=01;35:*.yuv=01;35:*.cgm=01;35:*.emf=01;35:*.ogv=01;35:*.ogx=01;35:*.aac=00;36:*.au=00;36:*.flac=00;36:*.m4a=00;36:*.mid=00;36:*.midi=00;36:*.mka=00;36:*.mp3=00;36:*.mpc=00;36:*.ogg=00;36:*.ra=00;36:*.wav=00;36:*.oga=00;36:*.opus=00;36:*.spx=00;36:*.xspf=00;36:', 'ROS_DOMAIN_ID': '23', 'AMENT_PREFIX_PATH': '/home/ribeiro/ros2_tutorial_workspace/install/package_with_interfaces:/opt/ros/humble', 'SHELL': '/bin/bash', 'LESSCLOSE': '/usr/bin/lesspipe %s %s', 'PWD': '/home/ribeiro/ros2_tutorial_workspace/build/python_package_that_uses_parameters_and_launch_files', 'XDG_DATA_DIRS': '/usr/local/share:/usr/share:/var/lib/snapd/desktop', 'PYTHONPATH': '/home/ribeiro/ros2_tutorial_workspace/build/python_package_that_uses_parameters_and_launch_files/prefix_override:/usr/lib/python3/dist-packages/colcon_core/task/python/colcon_distutils_commands:/home/ribeiro/ros2_tutorial_workspace/install/python_package_that_uses_parameters_and_launch_files/lib/python3.10/site-packages:/home/ribeiro/ros2_tutorial_workspace/install/package_with_interfaces/local/lib/python3.10/dist-packages:/opt/ros/humble/lib/python3.10/site-packages:/opt/ros/humble/local/lib/python3.10/dist-packages', 'COLCON': '1', 'WSL2_GUI_APPS_ENABLED': '1', 'HOSTTYPE': 'x86_64', 'WSLENV': '', 'CMAKE_PREFIX_PATH': '/home/ribeiro/ros2_tutorial_workspace/install/package_with_interfaces'}, 'shell': False}
[3.305377] (-) TimerEvent: {}
[3.359438] (python_package_that_uses_the_services) Command: {'cmd': ['/usr/bin/python3', '-W', 'ignore:setup.py install is deprecated', '-W', 'ignore:easy_install command is deprecated', 'setup.py', 'egg_info', '--egg-base', '../../build/python_package_that_uses_the_services', 'build', '--build-base', '/home/ribeiro/ros2_tutorial_workspace/build/python_package_that_uses_the_services/build', 'install', '--record', '/home/ribeiro/ros2_tutorial_workspace/build/python_package_that_uses_the_services/install.log', '--install-scripts', '$base/lib/python_package_that_uses_the_services', '--single-version-externally-managed', 'install_data'], 'cwd': '/home/ribeiro/ros2_tutorial_workspace/src/python_package_that_uses_the_services', 'env': {'LESSOPEN': '| /usr/bin/lesspipe %s', 'USER': 'ribeiro', 'SHLVL': '1', 'LIBGL_ALWAYS_SOFTWARE': '1', 'LD_LIBRARY_PATH': '/home/ribeiro/ros2_tutorial_workspace/install/package_with_interfaces/lib:/usr/lib/x86_64-linux-gnu/gazebo-11/plugins:/opt/ros/humble/opt/rviz_ogre_vendor/lib:/opt/ros/humble/lib/x86_64-linux-gnu:/opt/ros/humble/lib', 'HOME': '/home/ribeiro', 'OLDPWD': '/home/ribeiro', 'ROS_PYTHON_VERSION': '3', 'DBUS_SESSION_BUS_ADDRESS': 'unix:path=/run/user/1000/bus', 'WSL_DISTRO_NAME': 'Ubuntu-22.04', 'WAYLAND_DISPLAY': 'wayland-0', 'ROS_DISTRO': 'humble', 'LOGNAME': 'ribeiro', 'NAME': 'DESKTOP-15ICPHF', 'WSL_INTEROP': '/run/WSL/1625_interop', 'PULSE_SERVER': 'unix:/mnt/wslg/PulseServer', '_': '/usr/bin/colcon', 'ROS_VERSION': '2', 'TERM': 'xterm-256color', 'ROS_LOCALHOST_ONLY': '1', 'PATH': '/opt/ros/humble/bin:/usr/local/sbin:/usr/local/bin:/usr/sbin:/usr/bin:/sbin:/bin:/usr/games:/usr/local/games:/usr/lib/wsl/lib:/mnt/c/Program Files/WindowsApps/MicrosoftCorporationII.WindowsSubsystemForLinux_2.7.11.0_x64__8wekyb3d8bbwe:/mnt/c/Program Files/National Instruments/Shared/OpenVINO/:/mnt/c/Program Files (x86)/NVIDIA Corporation/PhysX/Common:/mnt/c/Program Files (x86)/Common Files/Oracle/Java/java8path:/mnt/c/Program Files (x86)/Common Files/Oracle/Java/javapath:/mnt/c/Program Files/Common Files/Siemens/Automation/Simatic OAM/bin:/mnt/c/WINDOWS/system32:/mnt/c/WINDOWS:/mnt/c/WINDOWS/System32/Wbem:/mnt/c/WINDOWS/System32/WindowsPowerShell/v1.0/:/mnt/c/WINDOWS/System32/OpenSSH/:/mnt/c/Program Files (x86)/NTP/bin:/mnt/c/Program Files/Docker/Docker/resources/bin:/mnt/c/Program Files/nodejs/:/mnt/c/Program Files/Microsoft SQL Server/Client SDK/ODBC/170/Tools/Binn/:/mnt/c/Program Files/dotnet/:/mnt/c/Program Files (x86)/Windows Kits/8.1/Windows Performance Toolkit/:/mnt/c/Program Files (x86)/IronRuby 1.1/bin:/mnt/c/Program Files/Git/cmd:/mnt/c/Program Files (x86)/Microsoft SQL Server/160/Tools/Binn/:/mnt/c/Program Files/Microsoft SQL Server/160/Tools/Binn/:/mnt/c/Program Files/Microsoft SQL Server/160/DTS/Binn/:/mnt/c/Program Files (x86)/Microsoft SQL Server/160/DTS/Binn/:/mnt/c/Program Files/Microsoft SQL Server/170/Tools/Binn/:/mnt/c/Users/SENAI/.local/bin:/mnt/c/Users/SENAI/AppData/Local/Microsoft/WindowsApps:/mnt/c/VISUALCODE/Microsoft VS Code/bin:/mnt/c/Users/SENAI/AppData/Roaming/npm:/mnt/c/Users/SENAI/.dotnet/tools:/snap/bin', 'XDG_RUNTIME_DIR': '/run/user/1000', 'DISPLAY': ':0', 'LANG': 'en_US.UTF-8', 'LS_COLORS': 'rs=0:di=01;34:ln=01;36:mh=00:pi=40;33:so=01;35:do=01;35:bd=40;33;01:cd=40;33;01:or=40;31;01:mi=00:su=37;41:sg=30;43:ca=30;41:tw=30;42:ow=34;42:st=37;44:ex=01;32:*.tar=01;31:*.tgz=01;31:*.arc=01;31:*.arj=01;31:*.taz=01;31:*.lha=01;31:*.lz4=01;31:*.lzh=01;31:*.lzma=01;31:*.tlz=01;31:*.txz=01;31:*.tzo=01;31:*.t7z=01;31:*.zip=01;31:*.z=01;31:*.dz=01;31:*.gz=01;31:*.lrz=01;31:*.lz=01;31:*.lzo=01;31:*.xz=01;31:*.zst=01;31:*.tzst=01;31:*.bz2=01;31:*.bz=01;31:*.tbz=01;31:*.tbz2=01;31:*.tz=01;31:*.deb=01;31:*.rpm=01;31:*.jar=01;31:*.war=01;31:*.ear=01;31:*.sar=01;31:*.rar=01;31:*.alz=01;31:*.ace=01;31:*.zoo=01;31:*.cpio=01;31:*.7z=01;31:*.rz=01;31:*.cab=01;31:*.wim=01;31:*.swm=01;31:*.dwm=01;31:*.esd=01;31:*.jpg=01;35:*.jpeg=01;35:*.mjpg=01;35:*.mjpeg=01;35:*.gif=01;35:*.bmp=01;35:*.pbm=01;35:*.pgm=01;35:*.ppm=01;35:*.tga=01;35:*.xbm=01;35:*.xpm=01;35:*.tif=01;35:*.tiff=01;35:*.png=01;35:*.svg=01;35:*.svgz=01;35:*.mng=01;35:*.pcx=01;35:*.mov=01;35:*.mpg=01;35:*.mpeg=01;35:*.m2v=01;35:*.mkv=01;35:*.webm=01;35:*.webp=01;35:*.ogm=01;35:*.mp4=01;35:*.m4v=01;35:*.mp4v=01;35:*.vob=01;35:*.qt=01;35:*.nuv=01;35:*.wmv=01;35:*.asf=01;35:*.rm=01;35:*.rmvb=01;35:*.flc=01;35:*.avi=01;35:*.fli=01;35:*.flv=01;35:*.gl=01;35:*.dl=01;35:*.xcf=01;35:*.xwd=01;35:*.yuv=01;35:*.cgm=01;35:*.emf=01;35:*.ogv=01;35:*.ogx=01;35:*.aac=00;36:*.au=00;36:*.flac=00;36:*.m4a=00;36:*.mid=00;36:*.midi=00;36:*.mka=00;36:*.mp3=00;36:*.mpc=00;36:*.ogg=00;36:*.ra=00;36:*.wav=00;36:*.oga=00;36:*.opus=00;36:*.spx=00;36:*.xspf=00;36:', 'ROS_DOMAIN_ID': '23', 'AMENT_PREFIX_PATH': '/home/ribeiro/ros2_tutorial_workspace/install/package_with_interfaces:/opt/ros/humble', 'SHELL': '/bin/bash', 'LESSCLOSE': '/usr/bin/lesspipe %s %s', 'PWD': '/home/ribeiro/ros2_tutorial_workspace/build/python_package_that_uses_the_services', 'XDG_DATA_DIRS': '/usr/local/share:/usr/share:/var/lib/snapd/desktop', 'PYTHONPATH': '/home/ribeiro/ros2_tutorial_workspace/build/python_package_that_uses_the_services/prefix_override:/usr/lib/python3/dist-packages/colcon_core/task/python/colcon_distutils_commands:/home/ribeiro/ros2_tutorial_workspace/install/python_package_that_uses_the_services/lib/python3.10/site-packages:/home/ribeiro/ros2_tutorial_workspace/install/package_with_interfaces/local/lib/python3.10/dist-packages:/opt/ros/humble/lib/python3.10/site-packages:/opt/ros/humble/local/lib/python3.10/dist-packages', 'COLCON': '1', 'WSL2_GUI_APPS_ENABLED': '1', 'HOSTTYPE': 'x86_64', 'WSLENV': '', 'CMAKE_PREFIX_PATH': '/home/ribeiro/ros2_tutorial_workspace/install/package_with_interfaces'}, 'shell': False}
[3.405478] (-) TimerEvent: {}
[3.429317] (python_package_that_uses_the_messages) StdoutLine: {'line': b'running egg_info\n'}
[3.430073] (python_package_that_uses_the_messages) StdoutLine: {'line': b'writing ../../build/python_package_that_uses_the_messages/python_package_that_uses_the_messages.egg-info/PKG-INFO\n'}
[3.430542] (python_package_that_uses_the_messages) StdoutLine: {'line': b'writing dependency_links to ../../build/python_package_that_uses_the_messages/python_package_that_uses_the_messages.egg-info/dependency_links.txt\n'}
[3.430703] (python_package_that_uses_the_messages) StdoutLine: {'line': b'writing entry points to ../../build/python_package_that_uses_the_messages/python_package_that_uses_the_messages.egg-info/entry_points.txt\n'}
[3.430941] (python_package_that_uses_the_messages) StdoutLine: {'line': b'writing requirements to ../../build/python_package_that_uses_the_messages/python_package_that_uses_the_messages.egg-info/requires.txt\n'}
[3.431153] (python_package_that_uses_the_messages) StdoutLine: {'line': b'writing top-level names to ../../build/python_package_that_uses_the_messages/python_package_that_uses_the_messages.egg-info/top_level.txt\n'}
[3.432674] (python_package_that_uses_the_messages) StdoutLine: {'line': b"reading manifest file '../../build/python_package_that_uses_the_messages/python_package_that_uses_the_messages.egg-info/SOURCES.txt'\n"}
[3.433539] (python_package_that_uses_the_messages) StdoutLine: {'line': b"writing manifest file '../../build/python_package_that_uses_the_messages/python_package_that_uses_the_messages.egg-info/SOURCES.txt'\n"}
[3.433677] (python_package_that_uses_the_messages) StdoutLine: {'line': b'running build\n'}
[3.433742] (python_package_that_uses_the_messages) StdoutLine: {'line': b'running build_py\n'}
[3.433965] (python_package_that_uses_the_messages) StdoutLine: {'line': b'running install\n'}
[3.434204] (python_package_that_uses_the_messages) StdoutLine: {'line': b'running install_lib\n'}
[3.436212] (python_package_that_uses_the_messages) StdoutLine: {'line': b'running install_data\n'}
[3.436416] (python_package_that_uses_the_messages) StdoutLine: {'line': b'running install_egg_info\n'}
[3.437652] (python_package_that_uses_the_messages) StdoutLine: {'line': b"removing '/home/ribeiro/ros2_tutorial_workspace/install/python_package_that_uses_the_messages/lib/python3.10/site-packages/python_package_that_uses_the_messages-0.0.0-py3.10.egg-info' (and everything under it)\n"}
[3.437837] (python_package_that_uses_the_messages) StdoutLine: {'line': b'Copying ../../build/python_package_that_uses_the_messages/python_package_that_uses_the_messages.egg-info to /home/ribeiro/ros2_tutorial_workspace/install/python_package_that_uses_the_messages/lib/python3.10/site-packages/python_package_that_uses_the_messages-0.0.0-py3.10.egg-info\n'}
[3.438896] (python_package_that_uses_the_messages) StdoutLine: {'line': b'running install_scripts\n'}
[3.447773] (python_package_that_uses_parameters_and_launch_files) StdoutLine: {'line': b'running egg_info\n'}
[3.448953] (python_package_that_uses_parameters_and_launch_files) StdoutLine: {'line': b'writing ../../build/python_package_that_uses_parameters_and_launch_files/python_package_that_uses_parameters_and_launch_files.egg-info/PKG-INFO\n'}
[3.449356] (python_package_that_uses_parameters_and_launch_files) StdoutLine: {'line': b'writing dependency_links to ../../build/python_package_that_uses_parameters_and_launch_files/python_package_that_uses_parameters_and_launch_files.egg-info/dependency_links.txt\n'}
[3.449524] (python_package_that_uses_parameters_and_launch_files) StdoutLine: {'line': b'writing entry points to ../../build/python_package_that_uses_parameters_and_launch_files/python_package_that_uses_parameters_and_launch_files.egg-info/entry_points.txt\n'}
[3.449800] (python_package_that_uses_parameters_and_launch_files) StdoutLine: {'line': b'writing requirements to ../../build/python_package_that_uses_parameters_and_launch_files/python_package_that_uses_parameters_and_launch_files.egg-info/requires.txt\n'}
[3.449991] (python_package_that_uses_parameters_and_launch_files) StdoutLine: {'line': b'writing top-level names to ../../build/python_package_that_uses_parameters_and_launch_files/python_package_that_uses_parameters_and_launch_files.egg-info/top_level.txt\n'}
[3.451461] (python_package_that_uses_parameters_and_launch_files) StdoutLine: {'line': b"reading manifest file '../../build/python_package_that_uses_parameters_and_launch_files/python_package_that_uses_parameters_and_launch_files.egg-info/SOURCES.txt'\n"}
[3.452445] (python_package_that_uses_the_messages) StdoutLine: {'line': b'Installing amazing_quote_publisher_node script to /home/ribeiro/ros2_tutorial_workspace/install/python_package_that_uses_the_messages/lib/python_package_that_uses_the_messages\n'}
[3.452621] (python_package_that_uses_parameters_and_launch_files) StdoutLine: {'line': b"writing manifest file '../../build/python_package_that_uses_parameters_and_launch_files/python_package_that_uses_parameters_and_launch_files.egg-info/SOURCES.txt'\n"}
[3.452963] (python_package_that_uses_parameters_and_launch_files) StdoutLine: {'line': b'running build\n'}
[3.453037] (python_package_that_uses_the_messages) StdoutLine: {'line': b'Installing amazing_quote_subscriber_node script to /home/ribeiro/ros2_tutorial_workspace/install/python_package_that_uses_the_messages/lib/python_package_that_uses_the_messages\n'}
[3.453075] (python_package_that_uses_the_messages) StdoutLine: {'line': b"writing list of installed files to '/home/ribeiro/ros2_tutorial_workspace/build/python_package_that_uses_the_messages/install.log'\n"}
[3.453104] (python_package_that_uses_parameters_and_launch_files) StdoutLine: {'line': b'running build_py\n'}
[3.453131] (python_package_that_uses_parameters_and_launch_files) StdoutLine: {'line': b'running install\n'}
[3.453217] (python_package_that_uses_parameters_and_launch_files) StdoutLine: {'line': b'running install_lib\n'}
[3.454517] (python_package_that_uses_parameters_and_launch_files) StdoutLine: {'line': b'running install_data\n'}
[3.454666] (python_package_that_uses_parameters_and_launch_files) StdoutLine: {'line': b'running install_egg_info\n'}
[3.456087] (python_package_that_uses_parameters_and_launch_files) StdoutLine: {'line': b"removing '/home/ribeiro/ros2_tutorial_workspace/install/python_package_that_uses_parameters_and_launch_files/lib/python3.10/site-packages/python_package_that_uses_parameters_and_launch_files-0.0.0-py3.10.egg-info' (and everything under it)\n"}
[3.456336] (python_package_that_uses_parameters_and_launch_files) StdoutLine: {'line': b'Copying ../../build/python_package_that_uses_parameters_and_launch_files/python_package_that_uses_parameters_and_launch_files.egg-info to /home/ribeiro/ros2_tutorial_workspace/install/python_package_that_uses_parameters_and_launch_files/lib/python3.10/site-packages/python_package_that_uses_parameters_and_launch_files-0.0.0-py3.10.egg-info\n'}
[3.457206] (python_package_that_uses_parameters_and_launch_files) StdoutLine: {'line': b'running install_scripts\n'}
[3.471141] (python_package_that_uses_the_messages) CommandEnded: {'returncode': 0}
[3.475981] (python_package_that_uses_parameters_and_launch_files) StdoutLine: {'line': b'Installing amazing_quote_configurable_publisher_node script to /home/ribeiro/ros2_tutorial_workspace/install/python_package_that_uses_parameters_and_launch_files/lib/python_package_that_uses_parameters_and_launch_files\n'}
[3.476221] (python_package_that_uses_parameters_and_launch_files) StdoutLine: {'line': b"writing list of installed files to '/home/ribeiro/ros2_tutorial_workspace/build/python_package_that_uses_parameters_and_launch_files/install.log'\n"}
[3.477675] (python_package_that_uses_the_messages) JobEnded: {'identifier': 'python_package_that_uses_the_messages', 'rc': 0}
[3.492429] (python_package_that_uses_parameters_and_launch_files) CommandEnded: {'returncode': 0}
[3.498009] (python_package_that_uses_parameters_and_launch_files) JobEnded: {'identifier': 'python_package_that_uses_parameters_and_launch_files', 'rc': 0}
[3.505585] (-) TimerEvent: {}
[3.510592] (python_package_that_uses_the_services) StdoutLine: {'line': b'running egg_info\n'}
[3.511047] (python_package_that_uses_the_services) StdoutLine: {'line': b'writing ../../build/python_package_that_uses_the_services/python_package_that_uses_the_services.egg-info/PKG-INFO\n'}
[3.511435] (python_package_that_uses_the_services) StdoutLine: {'line': b'writing dependency_links to ../../build/python_package_that_uses_the_services/python_package_that_uses_the_services.egg-info/dependency_links.txt\n'}
[3.511593] (python_package_that_uses_the_services) StdoutLine: {'line': b'writing entry points to ../../build/python_package_that_uses_the_services/python_package_that_uses_the_services.egg-info/entry_points.txt\n'}
[3.511770] (python_package_that_uses_the_services) StdoutLine: {'line': b'writing requirements to ../../build/python_package_that_uses_the_services/python_package_that_uses_the_services.egg-info/requires.txt\n'}
[3.511952] (python_package_that_uses_the_services) StdoutLine: {'line': b'writing top-level names to ../../build/python_package_that_uses_the_services/python_package_that_uses_the_services.egg-info/top_level.txt\n'}
[3.513333] (python_package_that_uses_the_services) StdoutLine: {'line': b"reading manifest file '../../build/python_package_that_uses_the_services/python_package_that_uses_the_services.egg-info/SOURCES.txt'\n"}
[3.514053] (python_package_that_uses_the_services) StdoutLine: {'line': b"writing manifest file '../../build/python_package_that_uses_the_services/python_package_that_uses_the_services.egg-info/SOURCES.txt'\n"}
[3.514250] (python_package_that_uses_the_services) StdoutLine: {'line': b'running build\n'}
[3.514315] (python_package_that_uses_the_services) StdoutLine: {'line': b'running build_py\n'}
[3.514578] (python_package_that_uses_the_services) StdoutLine: {'line': b'running install\n'}
[3.514745] (python_package_that_uses_the_services) StdoutLine: {'line': b'running install_lib\n'}
[3.516400] (python_package_that_uses_the_services) StdoutLine: {'line': b'running install_data\n'}
[3.516537] (python_package_that_uses_the_services) StdoutLine: {'line': b'running install_egg_info\n'}
[3.517529] (python_package_that_uses_the_services) StdoutLine: {'line': b"removing '/home/ribeiro/ros2_tutorial_workspace/install/python_package_that_uses_the_services/lib/python3.10/site-packages/python_package_that_uses_the_services-0.0.0-py3.10.egg-info' (and everything under it)\n"}
[3.517686] (python_package_that_uses_the_services) StdoutLine: {'line': b'Copying ../../build/python_package_that_uses_the_services/python_package_that_uses_the_services.egg-info to /home/ribeiro/ros2_tutorial_workspace/install/python_package_that_uses_the_services/lib/python3.10/site-packages/python_package_that_uses_the_services-0.0.0-py3.10.egg-info\n'}
[3.518531] (python_package_that_uses_the_services) StdoutLine: {'line': b'running install_scripts\n'}
[3.531147] (python_package_that_uses_the_services) StdoutLine: {'line': b'Installing what_is_the_point_service_client_node script to /home/ribeiro/ros2_tutorial_workspace/install/python_package_that_uses_the_services/lib/python_package_that_uses_the_services\n'}
[3.531353] (python_package_that_uses_the_services) StdoutLine: {'line': b'Installing what_is_the_point_service_server_node script to /home/ribeiro/ros2_tutorial_workspace/install/python_package_that_uses_the_services/lib/python_package_that_uses_the_services\n'}
[3.531494] (python_package_that_uses_the_services) StdoutLine: {'line': b"writing list of installed files to '/home/ribeiro/ros2_tutorial_workspace/build/python_package_that_uses_the_services/install.log'\n"}
[3.545235] (python_package_that_uses_the_services) CommandEnded: {'returncode': 0}
[3.551955] (python_package_that_uses_the_services) JobEnded: {'identifier': 'python_package_that_uses_the_services', 'rc': 0}
[3.605711] (-) TimerEvent: {}
[3.705999] (-) TimerEvent: {}
[3.806251] (-) TimerEvent: {}
[3.906623] (-) TimerEvent: {}
[4.006908] (-) TimerEvent: {}
[4.107195] (-) TimerEvent: {}
[4.207473] (-) TimerEvent: {}
[4.256396] (cpp_package_with_a_node) StdoutLine: {'line': b"-- Using RMW implementation 'rmw_fastrtps_cpp' as default\n"}
[4.305540] (cpp_package_with_a_node) StdoutLine: {'line': b'-- Found ament_lint_auto: 0.12.15 (/opt/ros/humble/share/ament_lint_auto/cmake)\n'}
[4.307697] (-) TimerEvent: {}
[4.348992] (cpp_package_with_a_node) StdoutLine: {'line': b"-- Added test 'cppcheck' to perform static code analysis on C / C++ code\n"}
[4.349229] (cpp_package_with_a_node) StdoutLine: {'line': b'-- Configured cppcheck include dirs: $<BUILD_INTERFACE:/home/ribeiro/ros2_tutorial_workspace/src/cpp_package_with_a_node/include>\n'}
[4.349313] (cpp_package_with_a_node) StdoutLine: {'line': b'-- Configured cppcheck exclude dirs and/or files: \n'}
[4.349682] (cpp_package_with_a_node) StdoutLine: {'line': b"-- Added test 'lint_cmake' to check CMake code style\n"}
[4.350419] (cpp_package_with_a_node) StdoutLine: {'line': b"-- Added test 'uncrustify' to check C / C++ code style\n"}
[4.350525] (cpp_package_with_a_node) StdoutLine: {'line': b'-- Configured uncrustify additional arguments: \n'}
[4.350845] (cpp_package_with_a_node) StdoutLine: {'line': b"-- Added test 'xmllint' to check XML markup files\n"}
[4.352479] (cpp_package_with_a_node) StdoutLine: {'line': b'-- Configuring done\n'}
[4.361145] (cpp_package_with_a_node) StdoutLine: {'line': b'-- Generating done\n'}
[4.363593] (cpp_package_with_a_node) StdoutLine: {'line': b'-- Build files have been written to: /home/ribeiro/ros2_tutorial_workspace/build/cpp_package_with_a_node\n'}
[4.379039] (cpp_package_with_a_node) StdoutLine: {'line': b'\x1b[35m\x1b[1mConsolidate compiler generated dependencies of target print_forever_node\x1b[0m\n'}
[4.389823] (cpp_package_with_a_node) StdoutLine: {'line': b'[ 33%] \x1b[32mBuilding CXX object CMakeFiles/print_forever_node.dir/src/print_forever_node_main.cpp.o\x1b[0m\n'}
[4.389945] (cpp_package_with_a_node) StdoutLine: {'line': b'[ 66%] \x1b[32mBuilding CXX object CMakeFiles/print_forever_node.dir/src/print_forever_node.cpp.o\x1b[0m\n'}
[4.407820] (-) TimerEvent: {}
[4.508108] (-) TimerEvent: {}
[4.608394] (-) TimerEvent: {}
[4.708787] (-) TimerEvent: {}
[4.809151] (-) TimerEvent: {}
[4.909504] (-) TimerEvent: {}
[5.009807] (-) TimerEvent: {}
[5.110211] (-) TimerEvent: {}
[5.210555] (-) TimerEvent: {}
[5.310967] (-) TimerEvent: {}
[5.411321] (-) TimerEvent: {}
[5.511669] (-) TimerEvent: {}
[5.611993] (-) TimerEvent: {}
[5.712302] (-) TimerEvent: {}
[5.812808] (-) TimerEvent: {}
[5.913146] (-) TimerEvent: {}
[6.013448] (-) TimerEvent: {}
[6.113782] (-) TimerEvent: {}
[6.214088] (-) TimerEvent: {}
[6.314368] (-) TimerEvent: {}
[6.359816] (cpp_package_with_a_node) StdoutLine: {'line': b'[100%] \x1b[32m\x1b[1mLinking CXX executable print_forever_node\x1b[0m\n'}
[6.414530] (-) TimerEvent: {}
[6.486265] (cpp_package_with_a_node) StdoutLine: {'line': b'[100%] Built target print_forever_node\n'}
[6.492462] (cpp_package_with_a_node) CommandEnded: {'returncode': 0}
[6.493010] (cpp_package_with_a_node) JobProgress: {'identifier': 'cpp_package_with_a_node', 'progress': 'install'}
[6.493667] (cpp_package_with_a_node) Command: {'cmd': ['/usr/bin/cmake', '--install', '/home/ribeiro/ros2_tutorial_workspace/build/cpp_package_with_a_node'], 'cwd': '/home/ribeiro/ros2_tutorial_workspace/build/cpp_package_with_a_node', 'env': OrderedDict([('LESSOPEN', '| /usr/bin/lesspipe %s'), ('USER', 'ribeiro'), ('SHLVL', '1'), ('LIBGL_ALWAYS_SOFTWARE', '1'), ('LD_LIBRARY_PATH', '/usr/lib/x86_64-linux-gnu/gazebo-11/plugins:/opt/ros/humble/opt/rviz_ogre_vendor/lib:/opt/ros/humble/lib/x86_64-linux-gnu:/opt/ros/humble/lib'), ('HOME', '/home/ribeiro'), ('OLDPWD', '/home/ribeiro'), ('ROS_PYTHON_VERSION', '3'), ('DBUS_SESSION_BUS_ADDRESS', 'unix:path=/run/user/1000/bus'), ('WSL_DISTRO_NAME', 'Ubuntu-22.04'), ('WAYLAND_DISPLAY', 'wayland-0'), ('ROS_DISTRO', 'humble'), ('LOGNAME', 'ribeiro'), ('NAME', 'DESKTOP-15ICPHF'), ('WSL_INTEROP', '/run/WSL/1625_interop'), ('PULSE_SERVER', 'unix:/mnt/wslg/PulseServer'), ('_', '/usr/bin/colcon'), ('ROS_VERSION', '2'), ('TERM', 'xterm-256color'), ('ROS_LOCALHOST_ONLY', '1'), ('PATH', '/opt/ros/humble/bin:/usr/local/sbin:/usr/local/bin:/usr/sbin:/usr/bin:/sbin:/bin:/usr/games:/usr/local/games:/usr/lib/wsl/lib:/mnt/c/Program Files/WindowsApps/MicrosoftCorporationII.WindowsSubsystemForLinux_2.7.11.0_x64__8wekyb3d8bbwe:/mnt/c/Program Files/National Instruments/Shared/OpenVINO/:/mnt/c/Program Files (x86)/NVIDIA Corporation/PhysX/Common:/mnt/c/Program Files (x86)/Common Files/Oracle/Java/java8path:/mnt/c/Program Files (x86)/Common Files/Oracle/Java/javapath:/mnt/c/Program Files/Common Files/Siemens/Automation/Simatic OAM/bin:/mnt/c/WINDOWS/system32:/mnt/c/WINDOWS:/mnt/c/WINDOWS/System32/Wbem:/mnt/c/WINDOWS/System32/WindowsPowerShell/v1.0/:/mnt/c/WINDOWS/System32/OpenSSH/:/mnt/c/Program Files (x86)/NTP/bin:/mnt/c/Program Files/Docker/Docker/resources/bin:/mnt/c/Program Files/nodejs/:/mnt/c/Program Files/Microsoft SQL Server/Client SDK/ODBC/170/Tools/Binn/:/mnt/c/Program Files/dotnet/:/mnt/c/Program Files (x86)/Windows Kits/8.1/Windows Performance Toolkit/:/mnt/c/Program Files (x86)/IronRuby 1.1/bin:/mnt/c/Program Files/Git/cmd:/mnt/c/Program Files (x86)/Microsoft SQL Server/160/Tools/Binn/:/mnt/c/Program Files/Microsoft SQL Server/160/Tools/Binn/:/mnt/c/Program Files/Microsoft SQL Server/160/DTS/Binn/:/mnt/c/Program Files (x86)/Microsoft SQL Server/160/DTS/Binn/:/mnt/c/Program Files/Microsoft SQL Server/170/Tools/Binn/:/mnt/c/Users/SENAI/.local/bin:/mnt/c/Users/SENAI/AppData/Local/Microsoft/WindowsApps:/mnt/c/VISUALCODE/Microsoft VS Code/bin:/mnt/c/Users/SENAI/AppData/Roaming/npm:/mnt/c/Users/SENAI/.dotnet/tools:/snap/bin'), ('XDG_RUNTIME_DIR', '/run/user/1000'), ('DISPLAY', ':0'), ('LANG', 'en_US.UTF-8'), ('LS_COLORS', 'rs=0:di=01;34:ln=01;36:mh=00:pi=40;33:so=01;35:do=01;35:bd=40;33;01:cd=40;33;01:or=40;31;01:mi=00:su=37;41:sg=30;43:ca=30;41:tw=30;42:ow=34;42:st=37;44:ex=01;32:*.tar=01;31:*.tgz=01;31:*.arc=01;31:*.arj=01;31:*.taz=01;31:*.lha=01;31:*.lz4=01;31:*.lzh=01;31:*.lzma=01;31:*.tlz=01;31:*.txz=01;31:*.tzo=01;31:*.t7z=01;31:*.zip=01;31:*.z=01;31:*.dz=01;31:*.gz=01;31:*.lrz=01;31:*.lz=01;31:*.lzo=01;31:*.xz=01;31:*.zst=01;31:*.tzst=01;31:*.bz2=01;31:*.bz=01;31:*.tbz=01;31:*.tbz2=01;31:*.tz=01;31:*.deb=01;31:*.rpm=01;31:*.jar=01;31:*.war=01;31:*.ear=01;31:*.sar=01;31:*.rar=01;31:*.alz=01;31:*.ace=01;31:*.zoo=01;31:*.cpio=01;31:*.7z=01;31:*.rz=01;31:*.cab=01;31:*.wim=01;31:*.swm=01;31:*.dwm=01;31:*.esd=01;31:*.jpg=01;35:*.jpeg=01;35:*.mjpg=01;35:*.mjpeg=01;35:*.gif=01;35:*.bmp=01;35:*.pbm=01;35:*.pgm=01;35:*.ppm=01;35:*.tga=01;35:*.xbm=01;35:*.xpm=01;35:*.tif=01;35:*.tiff=01;35:*.png=01;35:*.svg=01;35:*.svgz=01;35:*.mng=01;35:*.pcx=01;35:*.mov=01;35:*.mpg=01;35:*.mpeg=01;35:*.m2v=01;35:*.mkv=01;35:*.webm=01;35:*.webp=01;35:*.ogm=01;35:*.mp4=01;35:*.m4v=01;35:*.mp4v=01;35:*.vob=01;35:*.qt=01;35:*.nuv=01;35:*.wmv=01;35:*.asf=01;35:*.rm=01;35:*.rmvb=01;35:*.flc=01;35:*.avi=01;35:*.fli=01;35:*.flv=01;35:*.gl=01;35:*.dl=01;35:*.xcf=01;35:*.xwd=01;35:*.yuv=01;35:*.cgm=01;35:*.emf=01;35:*.ogv=01;35:*.ogx=01;35:*.aac=00;36:*.au=00;36:*.flac=00;36:*.m4a=00;36:*.mid=00;36:*.midi=00;36:*.mka=00;36:*.mp3=00;36:*.mpc=00;36:*.ogg=00;36:*.ra=00;36:*.wav=00;36:*.oga=00;36:*.opus=00;36:*.spx=00;36:*.xspf=00;36:'), ('ROS_DOMAIN_ID', '23'), ('AMENT_PREFIX_PATH', '/opt/ros/humble'), ('SHELL', '/bin/bash'), ('LESSCLOSE', '/usr/bin/lesspipe %s %s'), ('PWD', '/home/ribeiro/ros2_tutorial_workspace/build/cpp_package_with_a_node'), ('XDG_DATA_DIRS', '/usr/local/share:/usr/share:/var/lib/snapd/desktop'), ('PYTHONPATH', '/opt/ros/humble/lib/python3.10/site-packages:/opt/ros/humble/local/lib/python3.10/dist-packages'), ('COLCON', '1'), ('WSL2_GUI_APPS_ENABLED', '1'), ('HOSTTYPE', 'x86_64'), ('WSLENV', ''), ('CMAKE_PREFIX_PATH', '/opt/ros/humble')]), 'shell': False}
[6.497567] (cpp_package_with_a_node) StdoutLine: {'line': b'-- Install configuration: ""\n'}
[6.497891] (cpp_package_with_a_node) StdoutLine: {'line': b'-- Execute custom install script\n'}
[6.498537] (cpp_package_with_a_node) StdoutLine: {'line': b'-- Up-to-date symlink: /home/ribeiro/ros2_tutorial_workspace/install/cpp_package_with_a_node/lib/cpp_package_with_a_node/print_forever_node\n'}
[6.498946] (cpp_package_with_a_node) StdoutLine: {'line': b'-- Up-to-date symlink: /home/ribeiro/ros2_tutorial_workspace/install/cpp_package_with_a_node/share/ament_index/resource_index/package_run_dependencies/cpp_package_with_a_node\n'}
[6.499172] (cpp_package_with_a_node) StdoutLine: {'line': b'-- Up-to-date symlink: /home/ribeiro/ros2_tutorial_workspace/install/cpp_package_with_a_node/share/ament_index/resource_index/parent_prefix_path/cpp_package_with_a_node\n'}
[6.499478] (cpp_package_with_a_node) StdoutLine: {'line': b'-- Up-to-date symlink: /home/ribeiro/ros2_tutorial_workspace/install/cpp_package_with_a_node/share/cpp_package_with_a_node/environment/ament_prefix_path.sh\n'}
[6.499721] (cpp_package_with_a_node) StdoutLine: {'line': b'-- Up-to-date symlink: /home/ribeiro/ros2_tutorial_workspace/install/cpp_package_with_a_node/share/cpp_package_with_a_node/environment/ament_prefix_path.dsv\n'}
[6.500004] (cpp_package_with_a_node) StdoutLine: {'line': b'-- Up-to-date symlink: /home/ribeiro/ros2_tutorial_workspace/install/cpp_package_with_a_node/share/cpp_package_with_a_node/environment/path.sh\n'}
[6.500278] (cpp_package_with_a_node) StdoutLine: {'line': b'-- Up-to-date symlink: /home/ribeiro/ros2_tutorial_workspace/install/cpp_package_with_a_node/share/cpp_package_with_a_node/environment/path.dsv\n'}
[6.500531] (cpp_package_with_a_node) StdoutLine: {'line': b'-- Up-to-date symlink: /home/ribeiro/ros2_tutorial_workspace/install/cpp_package_with_a_node/share/cpp_package_with_a_node/local_setup.bash\n'}
[6.500807] (cpp_package_with_a_node) StdoutLine: {'line': b'-- Up-to-date symlink: /home/ribeiro/ros2_tutorial_workspace/install/cpp_package_with_a_node/share/cpp_package_with_a_node/local_setup.sh\n'}
[6.501139] (cpp_package_with_a_node) StdoutLine: {'line': b'-- Up-to-date symlink: /home/ribeiro/ros2_tutorial_workspace/install/cpp_package_with_a_node/share/cpp_package_with_a_node/local_setup.zsh\n'}
[6.501323] (cpp_package_with_a_node) StdoutLine: {'line': b'-- Up-to-date symlink: /home/ribeiro/ros2_tutorial_workspace/install/cpp_package_with_a_node/share/cpp_package_with_a_node/local_setup.dsv\n'}
[6.501412] (cpp_package_with_a_node) StdoutLine: {'line': b'-- Symlinking: /home/ribeiro/ros2_tutorial_workspace/install/cpp_package_with_a_node/share/cpp_package_with_a_node/package.dsv\n'}
[6.506476] (cpp_package_with_a_node) StdoutLine: {'line': b'-- Up-to-date symlink: /home/ribeiro/ros2_tutorial_workspace/install/cpp_package_with_a_node/share/ament_index/resource_index/packages/cpp_package_with_a_node\n'}
[6.506802] (cpp_package_with_a_node) StdoutLine: {'line': b'-- Up-to-date symlink: /home/ribeiro/ros2_tutorial_workspace/install/cpp_package_with_a_node/share/cpp_package_with_a_node/cmake/cpp_package_with_a_nodeConfig.cmake\n'}
[6.506993] (cpp_package_with_a_node) StdoutLine: {'line': b'-- Up-to-date symlink: /home/ribeiro/ros2_tutorial_workspace/install/cpp_package_with_a_node/share/cpp_package_with_a_node/cmake/cpp_package_with_a_nodeConfig-version.cmake\n'}
[6.507347] (cpp_package_with_a_node) StdoutLine: {'line': b'-- Up-to-date symlink: /home/ribeiro/ros2_tutorial_workspace/install/cpp_package_with_a_node/share/cpp_package_with_a_node/package.xml\n'}
[6.508511] (cpp_package_with_a_node) CommandEnded: {'returncode': 0}
[6.514703] (-) TimerEvent: {}
[6.517346] (cpp_package_with_a_node) JobEnded: {'identifier': 'cpp_package_with_a_node', 'rc': 0}
[6.518037] (-) EventReactorShutdown: {}
