[0.122s] DEBUG:colcon:Command line arguments: ['/usr/bin/colcon', 'build', '--symlink-install']
[0.122s] DEBUG:colcon:Parsed command line arguments: Namespace(log_base=None, log_level=None, verb_name='build', build_base='build', install_base='install', merge_install=False, symlink_install=True, test_result_base=None, continue_on_error=False, executor='parallel', parallel_workers=12, event_handlers=None, ignore_user_meta=False, metas=['./colcon.meta'], base_paths=['.'], packages_ignore=None, packages_ignore_regex=None, paths=None, packages_up_to=None, packages_up_to_regex=None, packages_above=None, packages_above_and_dependencies=None, packages_above_depth=None, packages_select_by_dep=None, packages_skip_by_dep=None, packages_skip_up_to=None, packages_select_build_failed=False, packages_skip_build_finished=False, packages_select_test_failures=False, packages_skip_test_passed=False, packages_select=None, packages_skip=None, packages_select_regex=None, packages_skip_regex=None, packages_start=None, packages_end=None, allow_overriding=[], cmake_args=None, cmake_target=None, cmake_target_skip_unavailable=False, cmake_clean_cache=False, cmake_clean_first=False, cmake_force_configure=False, ament_cmake_args=None, catkin_cmake_args=None, catkin_skip_building_tests=False, mixin_files=None, mixin=None, verb_parser=<colcon_mixin.mixin.mixin_argument.MixinArgumentDecorator object at 0x779416203e80>, verb_extension=<colcon_core.verb.build.BuildVerb object at 0x7794162039d0>, main=<bound method BuildVerb.main of <colcon_core.verb.build.BuildVerb object at 0x7794162039d0>>, mixin_verb=('build',))
[0.219s] Level 1:colcon.colcon_core.package_discovery:discover_packages(colcon_meta) check parameters
[0.219s] Level 1:colcon.colcon_core.package_discovery:discover_packages(recursive) check parameters
[0.219s] Level 1:colcon.colcon_core.package_discovery:discover_packages(ignore) check parameters
[0.219s] Level 1:colcon.colcon_core.package_discovery:discover_packages(path) check parameters
[0.219s] Level 1:colcon.colcon_core.package_discovery:discover_packages(colcon_meta) discover
[0.219s] Level 1:colcon.colcon_core.package_discovery:discover_packages(recursive) discover
[0.219s] INFO:colcon.colcon_core.package_discovery:Crawling recursively for packages in '/home/ribeiro/ros2_tutorial_workspace'
[0.219s] Level 1:colcon.colcon_core.package_identification:_identify(.) by extensions ['ignore', 'ignore_ament_install']
[0.220s] Level 1:colcon.colcon_core.package_identification:_identify(.) by extension 'ignore'
[0.220s] Level 1:colcon.colcon_core.package_identification:_identify(.) by extension 'ignore_ament_install'
[0.220s] Level 1:colcon.colcon_core.package_identification:_identify(.) by extensions ['colcon_pkg']
[0.220s] Level 1:colcon.colcon_core.package_identification:_identify(.) by extension 'colcon_pkg'
[0.220s] Level 1:colcon.colcon_core.package_identification:_identify(.) by extensions ['colcon_meta']
[0.220s] Level 1:colcon.colcon_core.package_identification:_identify(.) by extension 'colcon_meta'
[0.220s] Level 1:colcon.colcon_core.package_identification:_identify(.) by extensions ['ros']
[0.220s] Level 1:colcon.colcon_core.package_identification:_identify(.) by extension 'ros'
[0.227s] Level 1:colcon.colcon_core.package_identification:_identify(.) by extensions ['cmake', 'python']
[0.227s] Level 1:colcon.colcon_core.package_identification:_identify(.) by extension 'cmake'
[0.227s] Level 1:colcon.colcon_core.package_identification:_identify(.) by extension 'python'
[0.227s] Level 1:colcon.colcon_core.package_identification:_identify(.) by extensions ['python_setup_py']
[0.227s] Level 1:colcon.colcon_core.package_identification:_identify(.) by extension 'python_setup_py'
[0.227s] Level 1:colcon.colcon_core.package_identification:_identify(build) by extensions ['ignore', 'ignore_ament_install']
[0.227s] Level 1:colcon.colcon_core.package_identification:_identify(build) by extension 'ignore'
[0.228s] Level 1:colcon.colcon_core.package_identification:_identify(build) ignored
[0.228s] Level 1:colcon.colcon_core.package_identification:_identify(install) by extensions ['ignore', 'ignore_ament_install']
[0.228s] Level 1:colcon.colcon_core.package_identification:_identify(install) by extension 'ignore'
[0.228s] Level 1:colcon.colcon_core.package_identification:_identify(install) ignored
[0.228s] Level 1:colcon.colcon_core.package_identification:_identify(log) by extensions ['ignore', 'ignore_ament_install']
[0.228s] Level 1:colcon.colcon_core.package_identification:_identify(log) by extension 'ignore'
[0.228s] Level 1:colcon.colcon_core.package_identification:_identify(log) ignored
[0.228s] Level 1:colcon.colcon_core.package_identification:_identify(src) by extensions ['ignore', 'ignore_ament_install']
[0.228s] Level 1:colcon.colcon_core.package_identification:_identify(src) by extension 'ignore'
[0.228s] Level 1:colcon.colcon_core.package_identification:_identify(src) by extension 'ignore_ament_install'
[0.228s] Level 1:colcon.colcon_core.package_identification:_identify(src) by extensions ['colcon_pkg']
[0.228s] Level 1:colcon.colcon_core.package_identification:_identify(src) by extension 'colcon_pkg'
[0.228s] Level 1:colcon.colcon_core.package_identification:_identify(src) by extensions ['colcon_meta']
[0.228s] Level 1:colcon.colcon_core.package_identification:_identify(src) by extension 'colcon_meta'
[0.228s] Level 1:colcon.colcon_core.package_identification:_identify(src) by extensions ['ros']
[0.228s] Level 1:colcon.colcon_core.package_identification:_identify(src) by extension 'ros'
[0.228s] Level 1:colcon.colcon_core.package_identification:_identify(src) by extensions ['cmake', 'python']
[0.228s] Level 1:colcon.colcon_core.package_identification:_identify(src) by extension 'cmake'
[0.229s] Level 1:colcon.colcon_core.package_identification:_identify(src) by extension 'python'
[0.229s] Level 1:colcon.colcon_core.package_identification:_identify(src) by extensions ['python_setup_py']
[0.229s] Level 1:colcon.colcon_core.package_identification:_identify(src) by extension 'python_setup_py'
[0.229s] Level 1:colcon.colcon_core.package_identification:_identify(src/articubot_one) by extensions ['ignore', 'ignore_ament_install']
[0.229s] Level 1:colcon.colcon_core.package_identification:_identify(src/articubot_one) by extension 'ignore'
[0.229s] Level 1:colcon.colcon_core.package_identification:_identify(src/articubot_one) by extension 'ignore_ament_install'
[0.229s] Level 1:colcon.colcon_core.package_identification:_identify(src/articubot_one) by extensions ['colcon_pkg']
[0.229s] Level 1:colcon.colcon_core.package_identification:_identify(src/articubot_one) by extension 'colcon_pkg'
[0.229s] Level 1:colcon.colcon_core.package_identification:_identify(src/articubot_one) by extensions ['colcon_meta']
[0.229s] Level 1:colcon.colcon_core.package_identification:_identify(src/articubot_one) by extension 'colcon_meta'
[0.229s] Level 1:colcon.colcon_core.package_identification:_identify(src/articubot_one) by extensions ['ros']
[0.229s] Level 1:colcon.colcon_core.package_identification:_identify(src/articubot_one) by extension 'ros'
[0.230s] DEBUG:colcon.colcon_core.package_identification:Package 'src/articubot_one' with type 'ros.ament_cmake' and name 'articubot_one'
[0.230s] Level 1:colcon.colcon_core.package_identification:_identify(src/cpp_package_with_a_node) by extensions ['ignore', 'ignore_ament_install']
[0.231s] Level 1:colcon.colcon_core.package_identification:_identify(src/cpp_package_with_a_node) by extension 'ignore'
[0.231s] Level 1:colcon.colcon_core.package_identification:_identify(src/cpp_package_with_a_node) by extension 'ignore_ament_install'
[0.231s] Level 1:colcon.colcon_core.package_identification:_identify(src/cpp_package_with_a_node) by extensions ['colcon_pkg']
[0.231s] Level 1:colcon.colcon_core.package_identification:_identify(src/cpp_package_with_a_node) by extension 'colcon_pkg'
[0.231s] Level 1:colcon.colcon_core.package_identification:_identify(src/cpp_package_with_a_node) by extensions ['colcon_meta']
[0.231s] Level 1:colcon.colcon_core.package_identification:_identify(src/cpp_package_with_a_node) by extension 'colcon_meta'
[0.231s] Level 1:colcon.colcon_core.package_identification:_identify(src/cpp_package_with_a_node) by extensions ['ros']
[0.231s] Level 1:colcon.colcon_core.package_identification:_identify(src/cpp_package_with_a_node) by extension 'ros'
[0.231s] DEBUG:colcon.colcon_core.package_identification:Package 'src/cpp_package_with_a_node' with type 'ros.ament_cmake' and name 'cpp_package_with_a_node'
[0.231s] Level 1:colcon.colcon_core.package_identification:_identify(src/package_with_interfaces) by extensions ['ignore', 'ignore_ament_install']
[0.232s] Level 1:colcon.colcon_core.package_identification:_identify(src/package_with_interfaces) by extension 'ignore'
[0.232s] Level 1:colcon.colcon_core.package_identification:_identify(src/package_with_interfaces) by extension 'ignore_ament_install'
[0.232s] Level 1:colcon.colcon_core.package_identification:_identify(src/package_with_interfaces) by extensions ['colcon_pkg']
[0.232s] Level 1:colcon.colcon_core.package_identification:_identify(src/package_with_interfaces) by extension 'colcon_pkg'
[0.232s] Level 1:colcon.colcon_core.package_identification:_identify(src/package_with_interfaces) by extensions ['colcon_meta']
[0.232s] Level 1:colcon.colcon_core.package_identification:_identify(src/package_with_interfaces) by extension 'colcon_meta'
[0.232s] Level 1:colcon.colcon_core.package_identification:_identify(src/package_with_interfaces) by extensions ['ros']
[0.232s] Level 1:colcon.colcon_core.package_identification:_identify(src/package_with_interfaces) by extension 'ros'
[0.232s] DEBUG:colcon.colcon_core.package_identification:Package 'src/package_with_interfaces' with type 'ros.ament_cmake' and name 'package_with_interfaces'
[0.232s] Level 1:colcon.colcon_core.package_identification:_identify(src/python_package_that_uses_parameters_and_launch_files) by extensions ['ignore', 'ignore_ament_install']
[0.232s] Level 1:colcon.colcon_core.package_identification:_identify(src/python_package_that_uses_parameters_and_launch_files) by extension 'ignore'
[0.233s] Level 1:colcon.colcon_core.package_identification:_identify(src/python_package_that_uses_parameters_and_launch_files) by extension 'ignore_ament_install'
[0.233s] Level 1:colcon.colcon_core.package_identification:_identify(src/python_package_that_uses_parameters_and_launch_files) by extensions ['colcon_pkg']
[0.233s] Level 1:colcon.colcon_core.package_identification:_identify(src/python_package_that_uses_parameters_and_launch_files) by extension 'colcon_pkg'
[0.233s] Level 1:colcon.colcon_core.package_identification:_identify(src/python_package_that_uses_parameters_and_launch_files) by extensions ['colcon_meta']
[0.233s] Level 1:colcon.colcon_core.package_identification:_identify(src/python_package_that_uses_parameters_and_launch_files) by extension 'colcon_meta'
[0.233s] Level 1:colcon.colcon_core.package_identification:_identify(src/python_package_that_uses_parameters_and_launch_files) by extensions ['ros']
[0.233s] Level 1:colcon.colcon_core.package_identification:_identify(src/python_package_that_uses_parameters_and_launch_files) by extension 'ros'
[0.233s] DEBUG:colcon.colcon_core.package_identification:Package 'src/python_package_that_uses_parameters_and_launch_files' with type 'ros.ament_python' and name 'python_package_that_uses_parameters_and_launch_files'
[0.233s] Level 1:colcon.colcon_core.package_identification:_identify(src/python_package_that_uses_the_library) by extensions ['ignore', 'ignore_ament_install']
[0.234s] Level 1:colcon.colcon_core.package_identification:_identify(src/python_package_that_uses_the_library) by extension 'ignore'
[0.234s] Level 1:colcon.colcon_core.package_identification:_identify(src/python_package_that_uses_the_library) by extension 'ignore_ament_install'
[0.234s] Level 1:colcon.colcon_core.package_identification:_identify(src/python_package_that_uses_the_library) by extensions ['colcon_pkg']
[0.234s] Level 1:colcon.colcon_core.package_identification:_identify(src/python_package_that_uses_the_library) by extension 'colcon_pkg'
[0.234s] Level 1:colcon.colcon_core.package_identification:_identify(src/python_package_that_uses_the_library) by extensions ['colcon_meta']
[0.234s] Level 1:colcon.colcon_core.package_identification:_identify(src/python_package_that_uses_the_library) by extension 'colcon_meta'
[0.234s] Level 1:colcon.colcon_core.package_identification:_identify(src/python_package_that_uses_the_library) by extensions ['ros']
[0.234s] Level 1:colcon.colcon_core.package_identification:_identify(src/python_package_that_uses_the_library) by extension 'ros'
[0.234s] DEBUG:colcon.colcon_core.package_identification:Package 'src/python_package_that_uses_the_library' with type 'ros.ament_python' and name 'python_package_that_uses_the_library'
[0.234s] Level 1:colcon.colcon_core.package_identification:_identify(src/python_package_that_uses_the_messages) by extensions ['ignore', 'ignore_ament_install']
[0.234s] Level 1:colcon.colcon_core.package_identification:_identify(src/python_package_that_uses_the_messages) by extension 'ignore'
[0.235s] Level 1:colcon.colcon_core.package_identification:_identify(src/python_package_that_uses_the_messages) by extension 'ignore_ament_install'
[0.235s] Level 1:colcon.colcon_core.package_identification:_identify(src/python_package_that_uses_the_messages) by extensions ['colcon_pkg']
[0.235s] Level 1:colcon.colcon_core.package_identification:_identify(src/python_package_that_uses_the_messages) by extension 'colcon_pkg'
[0.235s] Level 1:colcon.colcon_core.package_identification:_identify(src/python_package_that_uses_the_messages) by extensions ['colcon_meta']
[0.235s] Level 1:colcon.colcon_core.package_identification:_identify(src/python_package_that_uses_the_messages) by extension 'colcon_meta'
[0.235s] Level 1:colcon.colcon_core.package_identification:_identify(src/python_package_that_uses_the_messages) by extensions ['ros']
[0.235s] Level 1:colcon.colcon_core.package_identification:_identify(src/python_package_that_uses_the_messages) by extension 'ros'
[0.235s] DEBUG:colcon.colcon_core.package_identification:Package 'src/python_package_that_uses_the_messages' with type 'ros.ament_python' and name 'python_package_that_uses_the_messages'
[0.235s] Level 1:colcon.colcon_core.package_identification:_identify(src/python_package_that_uses_the_services) by extensions ['ignore', 'ignore_ament_install']
[0.235s] Level 1:colcon.colcon_core.package_identification:_identify(src/python_package_that_uses_the_services) by extension 'ignore'
[0.236s] Level 1:colcon.colcon_core.package_identification:_identify(src/python_package_that_uses_the_services) by extension 'ignore_ament_install'
[0.236s] Level 1:colcon.colcon_core.package_identification:_identify(src/python_package_that_uses_the_services) by extensions ['colcon_pkg']
[0.236s] Level 1:colcon.colcon_core.package_identification:_identify(src/python_package_that_uses_the_services) by extension 'colcon_pkg'
[0.236s] Level 1:colcon.colcon_core.package_identification:_identify(src/python_package_that_uses_the_services) by extensions ['colcon_meta']
[0.236s] Level 1:colcon.colcon_core.package_identification:_identify(src/python_package_that_uses_the_services) by extension 'colcon_meta'
[0.236s] Level 1:colcon.colcon_core.package_identification:_identify(src/python_package_that_uses_the_services) by extensions ['ros']
[0.236s] Level 1:colcon.colcon_core.package_identification:_identify(src/python_package_that_uses_the_services) by extension 'ros'
[0.236s] DEBUG:colcon.colcon_core.package_identification:Package 'src/python_package_that_uses_the_services' with type 'ros.ament_python' and name 'python_package_that_uses_the_services'
[0.236s] Level 1:colcon.colcon_core.package_identification:_identify(src/python_package_with_a_library) by extensions ['ignore', 'ignore_ament_install']
[0.236s] Level 1:colcon.colcon_core.package_identification:_identify(src/python_package_with_a_library) by extension 'ignore'
[0.236s] Level 1:colcon.colcon_core.package_identification:_identify(src/python_package_with_a_library) by extension 'ignore_ament_install'
[0.236s] Level 1:colcon.colcon_core.package_identification:_identify(src/python_package_with_a_library) by extensions ['colcon_pkg']
[0.237s] Level 1:colcon.colcon_core.package_identification:_identify(src/python_package_with_a_library) by extension 'colcon_pkg'
[0.237s] Level 1:colcon.colcon_core.package_identification:_identify(src/python_package_with_a_library) by extensions ['colcon_meta']
[0.237s] Level 1:colcon.colcon_core.package_identification:_identify(src/python_package_with_a_library) by extension 'colcon_meta'
[0.237s] Level 1:colcon.colcon_core.package_identification:_identify(src/python_package_with_a_library) by extensions ['ros']
[0.237s] Level 1:colcon.colcon_core.package_identification:_identify(src/python_package_with_a_library) by extension 'ros'
[0.237s] DEBUG:colcon.colcon_core.package_identification:Package 'src/python_package_with_a_library' with type 'ros.ament_python' and name 'python_package_with_a_library'
[0.237s] Level 1:colcon.colcon_core.package_discovery:discover_packages(recursive) using defaults
[0.237s] Level 1:colcon.colcon_core.package_discovery:discover_packages(ignore) discover
[0.237s] Level 1:colcon.colcon_core.package_discovery:discover_packages(ignore) using defaults
[0.237s] Level 1:colcon.colcon_core.package_discovery:discover_packages(path) discover
[0.237s] Level 1:colcon.colcon_core.package_discovery:discover_packages(path) using defaults
[0.259s] Level 1:colcon.colcon_core.package_discovery:discover_packages(prefix_path) check parameters
[0.259s] Level 1:colcon.colcon_core.package_discovery:discover_packages(prefix_path) discover
[0.260s] DEBUG:colcon.colcon_installed_package_information.package_discovery:Found 8 installed packages in /home/ribeiro/ros2_tutorial_workspace/install
[0.261s] DEBUG:colcon.colcon_installed_package_information.package_discovery:Found 350 installed packages in /opt/ros/humble
[0.262s] Level 1:colcon.colcon_core.package_discovery:discover_packages(prefix_path) using defaults
[0.287s] Level 5:colcon.colcon_core.verb:set package 'articubot_one' build argument 'cmake_args' from command line to 'None'
[0.287s] Level 5:colcon.colcon_core.verb:set package 'articubot_one' build argument 'cmake_target' from command line to 'None'
[0.287s] Level 5:colcon.colcon_core.verb:set package 'articubot_one' build argument 'cmake_target_skip_unavailable' from command line to 'False'
[0.287s] Level 5:colcon.colcon_core.verb:set package 'articubot_one' build argument 'cmake_clean_cache' from command line to 'False'
[0.287s] Level 5:colcon.colcon_core.verb:set package 'articubot_one' build argument 'cmake_clean_first' from command line to 'False'
[0.287s] Level 5:colcon.colcon_core.verb:set package 'articubot_one' build argument 'cmake_force_configure' from command line to 'False'
[0.287s] Level 5:colcon.colcon_core.verb:set package 'articubot_one' build argument 'ament_cmake_args' from command line to 'None'
[0.287s] Level 5:colcon.colcon_core.verb:set package 'articubot_one' build argument 'catkin_cmake_args' from command line to 'None'
[0.287s] Level 5:colcon.colcon_core.verb:set package 'articubot_one' build argument 'catkin_skip_building_tests' from command line to 'False'
[0.287s] DEBUG:colcon.colcon_core.verb:Building package 'articubot_one' with the following arguments: {'ament_cmake_args': None, 'build_base': '/home/ribeiro/ros2_tutorial_workspace/build/articubot_one', 'catkin_cmake_args': None, 'catkin_skip_building_tests': False, 'cmake_args': None, 'cmake_clean_cache': False, 'cmake_clean_first': False, 'cmake_force_configure': False, 'cmake_target': None, 'cmake_target_skip_unavailable': False, 'install_base': '/home/ribeiro/ros2_tutorial_workspace/install/articubot_one', 'merge_install': False, 'path': '/home/ribeiro/ros2_tutorial_workspace/src/articubot_one', 'symlink_install': True, 'test_result_base': None}
[0.288s] Level 5:colcon.colcon_core.verb:set package 'cpp_package_with_a_node' build argument 'cmake_args' from command line to 'None'
[0.288s] Level 5:colcon.colcon_core.verb:set package 'cpp_package_with_a_node' build argument 'cmake_target' from command line to 'None'
[0.288s] Level 5:colcon.colcon_core.verb:set package 'cpp_package_with_a_node' build argument 'cmake_target_skip_unavailable' from command line to 'False'
[0.288s] Level 5:colcon.colcon_core.verb:set package 'cpp_package_with_a_node' build argument 'cmake_clean_cache' from command line to 'False'
[0.288s] Level 5:colcon.colcon_core.verb:set package 'cpp_package_with_a_node' build argument 'cmake_clean_first' from command line to 'False'
[0.288s] Level 5:colcon.colcon_core.verb:set package 'cpp_package_with_a_node' build argument 'cmake_force_configure' from command line to 'False'
[0.288s] Level 5:colcon.colcon_core.verb:set package 'cpp_package_with_a_node' build argument 'ament_cmake_args' from command line to 'None'
[0.288s] Level 5:colcon.colcon_core.verb:set package 'cpp_package_with_a_node' build argument 'catkin_cmake_args' from command line to 'None'
[0.288s] Level 5:colcon.colcon_core.verb:set package 'cpp_package_with_a_node' build argument 'catkin_skip_building_tests' from command line to 'False'
[0.288s] DEBUG:colcon.colcon_core.verb:Building package 'cpp_package_with_a_node' with the following arguments: {'ament_cmake_args': None, 'build_base': '/home/ribeiro/ros2_tutorial_workspace/build/cpp_package_with_a_node', 'catkin_cmake_args': None, 'catkin_skip_building_tests': False, 'cmake_args': None, 'cmake_clean_cache': False, 'cmake_clean_first': False, 'cmake_force_configure': False, 'cmake_target': None, 'cmake_target_skip_unavailable': False, 'install_base': '/home/ribeiro/ros2_tutorial_workspace/install/cpp_package_with_a_node', 'merge_install': False, 'path': '/home/ribeiro/ros2_tutorial_workspace/src/cpp_package_with_a_node', 'symlink_install': True, 'test_result_base': None}
[0.288s] Level 5:colcon.colcon_core.verb:set package 'package_with_interfaces' build argument 'cmake_args' from command line to 'None'
[0.288s] Level 5:colcon.colcon_core.verb:set package 'package_with_interfaces' build argument 'cmake_target' from command line to 'None'
[0.288s] Level 5:colcon.colcon_core.verb:set package 'package_with_interfaces' build argument 'cmake_target_skip_unavailable' from command line to 'False'
[0.288s] Level 5:colcon.colcon_core.verb:set package 'package_with_interfaces' build argument 'cmake_clean_cache' from command line to 'False'
[0.288s] Level 5:colcon.colcon_core.verb:set package 'package_with_interfaces' build argument 'cmake_clean_first' from command line to 'False'
[0.288s] Level 5:colcon.colcon_core.verb:set package 'package_with_interfaces' build argument 'cmake_force_configure' from command line to 'False'
[0.288s] Level 5:colcon.colcon_core.verb:set package 'package_with_interfaces' build argument 'ament_cmake_args' from command line to 'None'
[0.288s] Level 5:colcon.colcon_core.verb:set package 'package_with_interfaces' build argument 'catkin_cmake_args' from command line to 'None'
[0.288s] Level 5:colcon.colcon_core.verb:set package 'package_with_interfaces' build argument 'catkin_skip_building_tests' from command line to 'False'
[0.288s] DEBUG:colcon.colcon_core.verb:Building package 'package_with_interfaces' with the following arguments: {'ament_cmake_args': None, 'build_base': '/home/ribeiro/ros2_tutorial_workspace/build/package_with_interfaces', 'catkin_cmake_args': None, 'catkin_skip_building_tests': False, 'cmake_args': None, 'cmake_clean_cache': False, 'cmake_clean_first': False, 'cmake_force_configure': False, 'cmake_target': None, 'cmake_target_skip_unavailable': False, 'install_base': '/home/ribeiro/ros2_tutorial_workspace/install/package_with_interfaces', 'merge_install': False, 'path': '/home/ribeiro/ros2_tutorial_workspace/src/package_with_interfaces', 'symlink_install': True, 'test_result_base': None}
[0.288s] Level 5:colcon.colcon_core.verb:set package 'python_package_with_a_library' build argument 'cmake_args' from command line to 'None'
[0.288s] Level 5:colcon.colcon_core.verb:set package 'python_package_with_a_library' build argument 'cmake_target' from command line to 'None'
[0.288s] Level 5:colcon.colcon_core.verb:set package 'python_package_with_a_library' build argument 'cmake_target_skip_unavailable' from command line to 'False'
[0.289s] Level 5:colcon.colcon_core.verb:set package 'python_package_with_a_library' build argument 'cmake_clean_cache' from command line to 'False'
[0.289s] Level 5:colcon.colcon_core.verb:set package 'python_package_with_a_library' build argument 'cmake_clean_first' from command line to 'False'
[0.289s] Level 5:colcon.colcon_core.verb:set package 'python_package_with_a_library' build argument 'cmake_force_configure' from command line to 'False'
[0.289s] Level 5:colcon.colcon_core.verb:set package 'python_package_with_a_library' build argument 'ament_cmake_args' from command line to 'None'
[0.289s] Level 5:colcon.colcon_core.verb:set package 'python_package_with_a_library' build argument 'catkin_cmake_args' from command line to 'None'
[0.289s] Level 5:colcon.colcon_core.verb:set package 'python_package_with_a_library' build argument 'catkin_skip_building_tests' from command line to 'False'
[0.289s] DEBUG:colcon.colcon_core.verb:Building package 'python_package_with_a_library' with the following arguments: {'ament_cmake_args': None, 'build_base': '/home/ribeiro/ros2_tutorial_workspace/build/python_package_with_a_library', 'catkin_cmake_args': None, 'catkin_skip_building_tests': False, 'cmake_args': None, 'cmake_clean_cache': False, 'cmake_clean_first': False, 'cmake_force_configure': False, 'cmake_target': None, 'cmake_target_skip_unavailable': False, 'install_base': '/home/ribeiro/ros2_tutorial_workspace/install/python_package_with_a_library', 'merge_install': False, 'path': '/home/ribeiro/ros2_tutorial_workspace/src/python_package_with_a_library', 'symlink_install': True, 'test_result_base': None}
[0.289s] Level 5:colcon.colcon_core.verb:set package 'python_package_that_uses_parameters_and_launch_files' build argument 'cmake_args' from command line to 'None'
[0.289s] Level 5:colcon.colcon_core.verb:set package 'python_package_that_uses_parameters_and_launch_files' build argument 'cmake_target' from command line to 'None'
[0.289s] Level 5:colcon.colcon_core.verb:set package 'python_package_that_uses_parameters_and_launch_files' build argument 'cmake_target_skip_unavailable' from command line to 'False'
[0.289s] Level 5:colcon.colcon_core.verb:set package 'python_package_that_uses_parameters_and_launch_files' build argument 'cmake_clean_cache' from command line to 'False'
[0.289s] Level 5:colcon.colcon_core.verb:set package 'python_package_that_uses_parameters_and_launch_files' build argument 'cmake_clean_first' from command line to 'False'
[0.289s] Level 5:colcon.colcon_core.verb:set package 'python_package_that_uses_parameters_and_launch_files' build argument 'cmake_force_configure' from command line to 'False'
[0.289s] Level 5:colcon.colcon_core.verb:set package 'python_package_that_uses_parameters_and_launch_files' build argument 'ament_cmake_args' from command line to 'None'
[0.289s] Level 5:colcon.colcon_core.verb:set package 'python_package_that_uses_parameters_and_launch_files' build argument 'catkin_cmake_args' from command line to 'None'
[0.289s] Level 5:colcon.colcon_core.verb:set package 'python_package_that_uses_parameters_and_launch_files' build argument 'catkin_skip_building_tests' from command line to 'False'
[0.289s] DEBUG:colcon.colcon_core.verb:Building package 'python_package_that_uses_parameters_and_launch_files' with the following arguments: {'ament_cmake_args': None, 'build_base': '/home/ribeiro/ros2_tutorial_workspace/build/python_package_that_uses_parameters_and_launch_files', 'catkin_cmake_args': None, 'catkin_skip_building_tests': False, 'cmake_args': None, 'cmake_clean_cache': False, 'cmake_clean_first': False, 'cmake_force_configure': False, 'cmake_target': None, 'cmake_target_skip_unavailable': False, 'install_base': '/home/ribeiro/ros2_tutorial_workspace/install/python_package_that_uses_parameters_and_launch_files', 'merge_install': False, 'path': '/home/ribeiro/ros2_tutorial_workspace/src/python_package_that_uses_parameters_and_launch_files', 'symlink_install': True, 'test_result_base': None}
[0.289s] Level 5:colcon.colcon_core.verb:set package 'python_package_that_uses_the_library' build argument 'cmake_args' from command line to 'None'
[0.289s] Level 5:colcon.colcon_core.verb:set package 'python_package_that_uses_the_library' build argument 'cmake_target' from command line to 'None'
[0.289s] Level 5:colcon.colcon_core.verb:set package 'python_package_that_uses_the_library' build argument 'cmake_target_skip_unavailable' from command line to 'False'
[0.289s] Level 5:colcon.colcon_core.verb:set package 'python_package_that_uses_the_library' build argument 'cmake_clean_cache' from command line to 'False'
[0.289s] Level 5:colcon.colcon_core.verb:set package 'python_package_that_uses_the_library' build argument 'cmake_clean_first' from command line to 'False'
[0.289s] Level 5:colcon.colcon_core.verb:set package 'python_package_that_uses_the_library' build argument 'cmake_force_configure' from command line to 'False'
[0.289s] Level 5:colcon.colcon_core.verb:set package 'python_package_that_uses_the_library' build argument 'ament_cmake_args' from command line to 'None'
[0.289s] Level 5:colcon.colcon_core.verb:set package 'python_package_that_uses_the_library' build argument 'catkin_cmake_args' from command line to 'None'
[0.289s] Level 5:colcon.colcon_core.verb:set package 'python_package_that_uses_the_library' build argument 'catkin_skip_building_tests' from command line to 'False'
[0.290s] DEBUG:colcon.colcon_core.verb:Building package 'python_package_that_uses_the_library' with the following arguments: {'ament_cmake_args': None, 'build_base': '/home/ribeiro/ros2_tutorial_workspace/build/python_package_that_uses_the_library', 'catkin_cmake_args': None, 'catkin_skip_building_tests': False, 'cmake_args': None, 'cmake_clean_cache': False, 'cmake_clean_first': False, 'cmake_force_configure': False, 'cmake_target': None, 'cmake_target_skip_unavailable': False, 'install_base': '/home/ribeiro/ros2_tutorial_workspace/install/python_package_that_uses_the_library', 'merge_install': False, 'path': '/home/ribeiro/ros2_tutorial_workspace/src/python_package_that_uses_the_library', 'symlink_install': True, 'test_result_base': None}
[0.290s] Level 5:colcon.colcon_core.verb:set package 'python_package_that_uses_the_messages' build argument 'cmake_args' from command line to 'None'
[0.290s] Level 5:colcon.colcon_core.verb:set package 'python_package_that_uses_the_messages' build argument 'cmake_target' from command line to 'None'
[0.290s] Level 5:colcon.colcon_core.verb:set package 'python_package_that_uses_the_messages' build argument 'cmake_target_skip_unavailable' from command line to 'False'
[0.290s] Level 5:colcon.colcon_core.verb:set package 'python_package_that_uses_the_messages' build argument 'cmake_clean_cache' from command line to 'False'
[0.290s] Level 5:colcon.colcon_core.verb:set package 'python_package_that_uses_the_messages' build argument 'cmake_clean_first' from command line to 'False'
[0.290s] Level 5:colcon.colcon_core.verb:set package 'python_package_that_uses_the_messages' build argument 'cmake_force_configure' from command line to 'False'
[0.290s] Level 5:colcon.colcon_core.verb:set package 'python_package_that_uses_the_messages' build argument 'ament_cmake_args' from command line to 'None'
[0.290s] Level 5:colcon.colcon_core.verb:set package 'python_package_that_uses_the_messages' build argument 'catkin_cmake_args' from command line to 'None'
[0.290s] Level 5:colcon.colcon_core.verb:set package 'python_package_that_uses_the_messages' build argument 'catkin_skip_building_tests' from command line to 'False'
[0.290s] DEBUG:colcon.colcon_core.verb:Building package 'python_package_that_uses_the_messages' with the following arguments: {'ament_cmake_args': None, 'build_base': '/home/ribeiro/ros2_tutorial_workspace/build/python_package_that_uses_the_messages', 'catkin_cmake_args': None, 'catkin_skip_building_tests': False, 'cmake_args': None, 'cmake_clean_cache': False, 'cmake_clean_first': False, 'cmake_force_configure': False, 'cmake_target': None, 'cmake_target_skip_unavailable': False, 'install_base': '/home/ribeiro/ros2_tutorial_workspace/install/python_package_that_uses_the_messages', 'merge_install': False, 'path': '/home/ribeiro/ros2_tutorial_workspace/src/python_package_that_uses_the_messages', 'symlink_install': True, 'test_result_base': None}
[0.290s] Level 5:colcon.colcon_core.verb:set package 'python_package_that_uses_the_services' build argument 'cmake_args' from command line to 'None'
[0.290s] Level 5:colcon.colcon_core.verb:set package 'python_package_that_uses_the_services' build argument 'cmake_target' from command line to 'None'
[0.290s] Level 5:colcon.colcon_core.verb:set package 'python_package_that_uses_the_services' build argument 'cmake_target_skip_unavailable' from command line to 'False'
[0.290s] Level 5:colcon.colcon_core.verb:set package 'python_package_that_uses_the_services' build argument 'cmake_clean_cache' from command line to 'False'
[0.290s] Level 5:colcon.colcon_core.verb:set package 'python_package_that_uses_the_services' build argument 'cmake_clean_first' from command line to 'False'
[0.290s] Level 5:colcon.colcon_core.verb:set package 'python_package_that_uses_the_services' build argument 'cmake_force_configure' from command line to 'False'
[0.290s] Level 5:colcon.colcon_core.verb:set package 'python_package_that_uses_the_services' build argument 'ament_cmake_args' from command line to 'None'
[0.290s] Level 5:colcon.colcon_core.verb:set package 'python_package_that_uses_the_services' build argument 'catkin_cmake_args' from command line to 'None'
[0.290s] Level 5:colcon.colcon_core.verb:set package 'python_package_that_uses_the_services' build argument 'catkin_skip_building_tests' from command line to 'False'
[0.290s] DEBUG:colcon.colcon_core.verb:Building package 'python_package_that_uses_the_services' with the following arguments: {'ament_cmake_args': None, 'build_base': '/home/ribeiro/ros2_tutorial_workspace/build/python_package_that_uses_the_services', 'catkin_cmake_args': None, 'catkin_skip_building_tests': False, 'cmake_args': None, 'cmake_clean_cache': False, 'cmake_clean_first': False, 'cmake_force_configure': False, 'cmake_target': None, 'cmake_target_skip_unavailable': False, 'install_base': '/home/ribeiro/ros2_tutorial_workspace/install/python_package_that_uses_the_services', 'merge_install': False, 'path': '/home/ribeiro/ros2_tutorial_workspace/src/python_package_that_uses_the_services', 'symlink_install': True, 'test_result_base': None}
[0.290s] INFO:colcon.colcon_core.executor:Executing jobs using 'parallel' executor
[0.291s] DEBUG:colcon.colcon_parallel_executor.executor.parallel:run_until_complete
[0.292s] INFO:colcon.colcon_ros.task.ament_cmake.build:Building ROS package in '/home/ribeiro/ros2_tutorial_workspace/src/package_with_interfaces' with build type 'ament_cmake'
[0.292s] INFO:colcon.colcon_cmake.task.cmake.build:Building CMake package in '/home/ribeiro/ros2_tutorial_workspace/src/package_with_interfaces'
[0.294s] INFO:colcon.colcon_core.plugin_system:Skipping extension 'colcon_core.shell.bat': Not used on non-Windows systems
[0.294s] INFO:colcon.colcon_core.shell:Skip shell extension 'powershell' for command environment: Not usable outside of PowerShell
[0.294s] DEBUG:colcon.colcon_core.shell:Skip shell extension 'dsv' for command environment
[0.297s] INFO:colcon.colcon_ros.task.ament_python.build:Building ROS package in '/home/ribeiro/ros2_tutorial_workspace/src/python_package_with_a_library' with build type 'ament_python'
[0.297s] Level 1:colcon.colcon_core.shell:create_environment_hook('python_package_with_a_library', 'ament_prefix_path')
[0.297s] INFO:colcon.colcon_core.shell:Creating environment hook '/home/ribeiro/ros2_tutorial_workspace/install/python_package_with_a_library/share/python_package_with_a_library/hook/ament_prefix_path.ps1'
[0.298s] INFO:colcon.colcon_core.shell:Creating environment descriptor '/home/ribeiro/ros2_tutorial_workspace/install/python_package_with_a_library/share/python_package_with_a_library/hook/ament_prefix_path.dsv'
[0.298s] INFO:colcon.colcon_core.shell:Creating environment hook '/home/ribeiro/ros2_tutorial_workspace/install/python_package_with_a_library/share/python_package_with_a_library/hook/ament_prefix_path.sh'
[0.299s] INFO:colcon.colcon_core.shell:Skip shell extension 'powershell' for command environment: Not usable outside of PowerShell
[0.299s] DEBUG:colcon.colcon_core.shell:Skip shell extension 'dsv' for command environment
[0.301s] INFO:colcon.colcon_ros.task.ament_cmake.build:Building ROS package in '/home/ribeiro/ros2_tutorial_workspace/src/articubot_one' with build type 'ament_cmake'
[0.301s] INFO:colcon.colcon_cmake.task.cmake.build:Building CMake package in '/home/ribeiro/ros2_tutorial_workspace/src/articubot_one'
[0.302s] INFO:colcon.colcon_core.shell:Skip shell extension 'powershell' for command environment: Not usable outside of PowerShell
[0.302s] DEBUG:colcon.colcon_core.shell:Skip shell extension 'dsv' for command environment
[0.305s] INFO:colcon.colcon_ros.task.ament_cmake.build:Building ROS package in '/home/ribeiro/ros2_tutorial_workspace/src/cpp_package_with_a_node' with build type 'ament_cmake'
[0.305s] INFO:colcon.colcon_cmake.task.cmake.build:Building CMake package in '/home/ribeiro/ros2_tutorial_workspace/src/cpp_package_with_a_node'
[0.305s] INFO:colcon.colcon_core.shell:Skip shell extension 'powershell' for command environment: Not usable outside of PowerShell
[0.305s] DEBUG:colcon.colcon_core.shell:Skip shell extension 'dsv' for command environment
[0.312s] DEBUG:colcon.colcon_core.event_handler.log_command:Invoking command in '/home/ribeiro/ros2_tutorial_workspace/build/package_with_interfaces': CMAKE_PREFIX_PATH=${CMAKE_PREFIX_PATH}:/home/ribeiro/ros2_tutorial_workspace/install/python_package_that_uses_the_library:/home/ribeiro/ros2_tutorial_workspace/install/python_package_with_a_library:/home/ribeiro/ros2_tutorial_workspace/install/python_package_that_uses_the_services:/home/ribeiro/ros2_tutorial_workspace/install/python_package_that_uses_the_messages:/home/ribeiro/ros2_tutorial_workspace/install/python_package_that_uses_parameters_and_launch_files:/opt/ros/humble /usr/bin/cmake --build /home/ribeiro/ros2_tutorial_workspace/build/package_with_interfaces -- -j12 -l12
[0.496s] INFO:colcon.colcon_core.task.python.build:Building Python package in '/home/ribeiro/ros2_tutorial_workspace/src/python_package_with_a_library'
[0.496s] INFO:colcon.colcon_core.shell:Skip shell extension 'powershell' for command environment: Not usable outside of PowerShell
[0.496s] DEBUG:colcon.colcon_core.shell:Skip shell extension 'dsv' for command environment
[0.503s] DEBUG:colcon.colcon_core.event_handler.log_command:Invoking command in '/home/ribeiro/ros2_tutorial_workspace/build/articubot_one': CMAKE_PREFIX_PATH=${CMAKE_PREFIX_PATH}:/home/ribeiro/ros2_tutorial_workspace/install/python_package_that_uses_the_library:/home/ribeiro/ros2_tutorial_workspace/install/python_package_with_a_library:/home/ribeiro/ros2_tutorial_workspace/install/python_package_that_uses_the_services:/home/ribeiro/ros2_tutorial_workspace/install/python_package_that_uses_the_messages:/home/ribeiro/ros2_tutorial_workspace/install/python_package_that_uses_parameters_and_launch_files:/opt/ros/humble /usr/bin/cmake --build /home/ribeiro/ros2_tutorial_workspace/build/articubot_one -- -j12 -l12
[0.511s] DEBUG:colcon.colcon_core.event_handler.log_command:Invoking command in '/home/ribeiro/ros2_tutorial_workspace/build/cpp_package_with_a_node': CMAKE_PREFIX_PATH=${CMAKE_PREFIX_PATH}:/home/ribeiro/ros2_tutorial_workspace/install/python_package_that_uses_the_library:/home/ribeiro/ros2_tutorial_workspace/install/python_package_with_a_library:/home/ribeiro/ros2_tutorial_workspace/install/python_package_that_uses_the_services:/home/ribeiro/ros2_tutorial_workspace/install/python_package_that_uses_the_messages:/home/ribeiro/ros2_tutorial_workspace/install/python_package_that_uses_parameters_and_launch_files:/opt/ros/humble /usr/bin/cmake --build /home/ribeiro/ros2_tutorial_workspace/build/cpp_package_with_a_node -- -j12 -l12
[0.528s] DEBUG:colcon.colcon_core.event_handler.log_command:Invoked command in '/home/ribeiro/ros2_tutorial_workspace/build/articubot_one' returned '0': CMAKE_PREFIX_PATH=${CMAKE_PREFIX_PATH}:/home/ribeiro/ros2_tutorial_workspace/install/python_package_that_uses_the_library:/home/ribeiro/ros2_tutorial_workspace/install/python_package_with_a_library:/home/ribeiro/ros2_tutorial_workspace/install/python_package_that_uses_the_services:/home/ribeiro/ros2_tutorial_workspace/install/python_package_that_uses_the_messages:/home/ribeiro/ros2_tutorial_workspace/install/python_package_that_uses_parameters_and_launch_files:/opt/ros/humble /usr/bin/cmake --build /home/ribeiro/ros2_tutorial_workspace/build/articubot_one -- -j12 -l12
[0.535s] DEBUG:colcon.colcon_core.event_handler.log_command:Invoking command in '/home/ribeiro/ros2_tutorial_workspace/build/articubot_one': CMAKE_PREFIX_PATH=${CMAKE_PREFIX_PATH}:/home/ribeiro/ros2_tutorial_workspace/install/python_package_that_uses_the_library:/home/ribeiro/ros2_tutorial_workspace/install/python_package_with_a_library:/home/ribeiro/ros2_tutorial_workspace/install/python_package_that_uses_the_services:/home/ribeiro/ros2_tutorial_workspace/install/python_package_that_uses_the_messages:/home/ribeiro/ros2_tutorial_workspace/install/python_package_that_uses_parameters_and_launch_files:/opt/ros/humble /usr/bin/cmake --install /home/ribeiro/ros2_tutorial_workspace/build/articubot_one
[0.559s] DEBUG:colcon.colcon_core.event_handler.log_command:Invoked command in '/home/ribeiro/ros2_tutorial_workspace/build/cpp_package_with_a_node' returned '0': CMAKE_PREFIX_PATH=${CMAKE_PREFIX_PATH}:/home/ribeiro/ros2_tutorial_workspace/install/python_package_that_uses_the_library:/home/ribeiro/ros2_tutorial_workspace/install/python_package_with_a_library:/home/ribeiro/ros2_tutorial_workspace/install/python_package_that_uses_the_services:/home/ribeiro/ros2_tutorial_workspace/install/python_package_that_uses_the_messages:/home/ribeiro/ros2_tutorial_workspace/install/python_package_that_uses_parameters_and_launch_files:/opt/ros/humble /usr/bin/cmake --build /home/ribeiro/ros2_tutorial_workspace/build/cpp_package_with_a_node -- -j12 -l12
[0.563s] Level 1:colcon.colcon_core.environment:create_environment_scripts_only(articubot_one)
[0.563s] DEBUG:colcon.colcon_core.event_handler.log_command:Invoking command in '/home/ribeiro/ros2_tutorial_workspace/build/cpp_package_with_a_node': CMAKE_PREFIX_PATH=${CMAKE_PREFIX_PATH}:/home/ribeiro/ros2_tutorial_workspace/install/python_package_that_uses_the_library:/home/ribeiro/ros2_tutorial_workspace/install/python_package_with_a_library:/home/ribeiro/ros2_tutorial_workspace/install/python_package_that_uses_the_services:/home/ribeiro/ros2_tutorial_workspace/install/python_package_that_uses_the_messages:/home/ribeiro/ros2_tutorial_workspace/install/python_package_that_uses_parameters_and_launch_files:/opt/ros/humble /usr/bin/cmake --install /home/ribeiro/ros2_tutorial_workspace/build/cpp_package_with_a_node
[0.564s] DEBUG:colcon.colcon_core.event_handler.log_command:Invoked command in '/home/ribeiro/ros2_tutorial_workspace/build/articubot_one' returned '0': CMAKE_PREFIX_PATH=${CMAKE_PREFIX_PATH}:/home/ribeiro/ros2_tutorial_workspace/install/python_package_that_uses_the_library:/home/ribeiro/ros2_tutorial_workspace/install/python_package_with_a_library:/home/ribeiro/ros2_tutorial_workspace/install/python_package_that_uses_the_services:/home/ribeiro/ros2_tutorial_workspace/install/python_package_that_uses_the_messages:/home/ribeiro/ros2_tutorial_workspace/install/python_package_that_uses_parameters_and_launch_files:/opt/ros/humble /usr/bin/cmake --install /home/ribeiro/ros2_tutorial_workspace/build/articubot_one
[0.565s] Level 1:colcon.colcon_core.environment:checking '/home/ribeiro/ros2_tutorial_workspace/install/articubot_one' for CMake module files
[0.566s] Level 1:colcon.colcon_core.environment:checking '/home/ribeiro/ros2_tutorial_workspace/install/articubot_one' for CMake config files
[0.566s] Level 1:colcon.colcon_core.shell:create_environment_hook('articubot_one', 'cmake_prefix_path')
[0.566s] INFO:colcon.colcon_core.shell:Creating environment hook '/home/ribeiro/ros2_tutorial_workspace/install/articubot_one/share/articubot_one/hook/cmake_prefix_path.ps1'
[0.567s] INFO:colcon.colcon_core.shell:Creating environment descriptor '/home/ribeiro/ros2_tutorial_workspace/install/articubot_one/share/articubot_one/hook/cmake_prefix_path.dsv'
[0.568s] INFO:colcon.colcon_core.shell:Creating environment hook '/home/ribeiro/ros2_tutorial_workspace/install/articubot_one/share/articubot_one/hook/cmake_prefix_path.sh'
[0.569s] Level 1:colcon.colcon_core.environment:checking '/home/ribeiro/ros2_tutorial_workspace/install/articubot_one/bin'
[0.570s] Level 1:colcon.colcon_core.environment:checking '/home/ribeiro/ros2_tutorial_workspace/install/articubot_one/lib/pkgconfig/articubot_one.pc'
[0.570s] Level 1:colcon.colcon_core.environment:checking '/home/ribeiro/ros2_tutorial_workspace/install/articubot_one/lib/python3.10/site-packages'
[0.570s] Level 1:colcon.colcon_core.environment:checking '/home/ribeiro/ros2_tutorial_workspace/install/articubot_one/bin'
[0.571s] INFO:colcon.colcon_core.shell:Creating package script '/home/ribeiro/ros2_tutorial_workspace/install/articubot_one/share/articubot_one/package.ps1'
[0.572s] INFO:colcon.colcon_core.shell:Creating package descriptor '/home/ribeiro/ros2_tutorial_workspace/install/articubot_one/share/articubot_one/package.dsv'
[0.573s] INFO:colcon.colcon_core.shell:Creating package script '/home/ribeiro/ros2_tutorial_workspace/install/articubot_one/share/articubot_one/package.sh'
[0.573s] INFO:colcon.colcon_core.shell:Creating package script '/home/ribeiro/ros2_tutorial_workspace/install/articubot_one/share/articubot_one/package.bash'
[0.574s] INFO:colcon.colcon_core.shell:Creating package script '/home/ribeiro/ros2_tutorial_workspace/install/articubot_one/share/articubot_one/package.zsh'
[0.574s] Level 1:colcon.colcon_core.environment:create_file_with_runtime_dependencies(/home/ribeiro/ros2_tutorial_workspace/install/articubot_one/share/colcon-core/packages/articubot_one)
[0.575s] Level 1:colcon.colcon_core.environment:create_environment_scripts_only(articubot_one)
[0.575s] Level 1:colcon.colcon_core.environment:checking '/home/ribeiro/ros2_tutorial_workspace/install/articubot_one' for CMake module files
[0.576s] Level 1:colcon.colcon_core.environment:checking '/home/ribeiro/ros2_tutorial_workspace/install/articubot_one' for CMake config files
[0.577s] Level 1:colcon.colcon_core.shell:create_environment_hook('articubot_one', 'cmake_prefix_path')
[0.577s] INFO:colcon.colcon_core.shell:Creating environment hook '/home/ribeiro/ros2_tutorial_workspace/install/articubot_one/share/articubot_one/hook/cmake_prefix_path.ps1'
[0.577s] INFO:colcon.colcon_core.shell:Creating environment descriptor '/home/ribeiro/ros2_tutorial_workspace/install/articubot_one/share/articubot_one/hook/cmake_prefix_path.dsv'
[0.578s] INFO:colcon.colcon_core.shell:Creating environment hook '/home/ribeiro/ros2_tutorial_workspace/install/articubot_one/share/articubot_one/hook/cmake_prefix_path.sh'
[0.578s] Level 1:colcon.colcon_core.environment:checking '/home/ribeiro/ros2_tutorial_workspace/install/articubot_one/bin'
[0.578s] Level 1:colcon.colcon_core.environment:checking '/home/ribeiro/ros2_tutorial_workspace/install/articubot_one/lib/pkgconfig/articubot_one.pc'
[0.578s] Level 1:colcon.colcon_core.environment:checking '/home/ribeiro/ros2_tutorial_workspace/install/articubot_one/lib/python3.10/site-packages'
[0.579s] Level 1:colcon.colcon_core.environment:checking '/home/ribeiro/ros2_tutorial_workspace/install/articubot_one/bin'
[0.579s] INFO:colcon.colcon_core.shell:Creating package script '/home/ribeiro/ros2_tutorial_workspace/install/articubot_one/share/articubot_one/package.ps1'
[0.579s] INFO:colcon.colcon_core.shell:Creating package descriptor '/home/ribeiro/ros2_tutorial_workspace/install/articubot_one/share/articubot_one/package.dsv'
[0.580s] INFO:colcon.colcon_core.shell:Creating package script '/home/ribeiro/ros2_tutorial_workspace/install/articubot_one/share/articubot_one/package.sh'
[0.580s] INFO:colcon.colcon_core.shell:Creating package script '/home/ribeiro/ros2_tutorial_workspace/install/articubot_one/share/articubot_one/package.bash'
[0.580s] INFO:colcon.colcon_core.shell:Creating package script '/home/ribeiro/ros2_tutorial_workspace/install/articubot_one/share/articubot_one/package.zsh'
[0.581s] Level 1:colcon.colcon_core.environment:create_file_with_runtime_dependencies(/home/ribeiro/ros2_tutorial_workspace/install/articubot_one/share/colcon-core/packages/articubot_one)
[0.583s] DEBUG:colcon.colcon_core.event_handler.log_command:Invoked command in '/home/ribeiro/ros2_tutorial_workspace/build/package_with_interfaces' returned '0': CMAKE_PREFIX_PATH=${CMAKE_PREFIX_PATH}:/home/ribeiro/ros2_tutorial_workspace/install/python_package_that_uses_the_library:/home/ribeiro/ros2_tutorial_workspace/install/python_package_with_a_library:/home/ribeiro/ros2_tutorial_workspace/install/python_package_that_uses_the_services:/home/ribeiro/ros2_tutorial_workspace/install/python_package_that_uses_the_messages:/home/ribeiro/ros2_tutorial_workspace/install/python_package_that_uses_parameters_and_launch_files:/opt/ros/humble /usr/bin/cmake --build /home/ribeiro/ros2_tutorial_workspace/build/package_with_interfaces -- -j12 -l12
[0.585s] Level 1:colcon.colcon_core.environment:create_environment_scripts_only(cpp_package_with_a_node)
[0.585s] DEBUG:colcon.colcon_core.event_handler.log_command:Invoking command in '/home/ribeiro/ros2_tutorial_workspace/build/package_with_interfaces': CMAKE_PREFIX_PATH=${CMAKE_PREFIX_PATH}:/home/ribeiro/ros2_tutorial_workspace/install/python_package_that_uses_the_library:/home/ribeiro/ros2_tutorial_workspace/install/python_package_with_a_library:/home/ribeiro/ros2_tutorial_workspace/install/python_package_that_uses_the_services:/home/ribeiro/ros2_tutorial_workspace/install/python_package_that_uses_the_messages:/home/ribeiro/ros2_tutorial_workspace/install/python_package_that_uses_parameters_and_launch_files:/opt/ros/humble /usr/bin/cmake --install /home/ribeiro/ros2_tutorial_workspace/build/package_with_interfaces
[0.585s] Level 1:colcon.colcon_core.environment:checking '/home/ribeiro/ros2_tutorial_workspace/install/cpp_package_with_a_node' for CMake module files
[0.586s] DEBUG:colcon.colcon_core.event_handler.log_command:Invoked command in '/home/ribeiro/ros2_tutorial_workspace/build/cpp_package_with_a_node' returned '0': CMAKE_PREFIX_PATH=${CMAKE_PREFIX_PATH}:/home/ribeiro/ros2_tutorial_workspace/install/python_package_that_uses_the_library:/home/ribeiro/ros2_tutorial_workspace/install/python_package_with_a_library:/home/ribeiro/ros2_tutorial_workspace/install/python_package_that_uses_the_services:/home/ribeiro/ros2_tutorial_workspace/install/python_package_that_uses_the_messages:/home/ribeiro/ros2_tutorial_workspace/install/python_package_that_uses_parameters_and_launch_files:/opt/ros/humble /usr/bin/cmake --install /home/ribeiro/ros2_tutorial_workspace/build/cpp_package_with_a_node
[0.587s] Level 1:colcon.colcon_core.environment:checking '/home/ribeiro/ros2_tutorial_workspace/install/cpp_package_with_a_node' for CMake config files
[0.587s] Level 1:colcon.colcon_core.shell:create_environment_hook('cpp_package_with_a_node', 'cmake_prefix_path')
[0.587s] INFO:colcon.colcon_core.shell:Creating environment hook '/home/ribeiro/ros2_tutorial_workspace/install/cpp_package_with_a_node/share/cpp_package_with_a_node/hook/cmake_prefix_path.ps1'
[0.588s] INFO:colcon.colcon_core.shell:Creating environment descriptor '/home/ribeiro/ros2_tutorial_workspace/install/cpp_package_with_a_node/share/cpp_package_with_a_node/hook/cmake_prefix_path.dsv'
[0.588s] INFO:colcon.colcon_core.shell:Creating environment hook '/home/ribeiro/ros2_tutorial_workspace/install/cpp_package_with_a_node/share/cpp_package_with_a_node/hook/cmake_prefix_path.sh'
[0.588s] Level 1:colcon.colcon_core.environment:checking '/home/ribeiro/ros2_tutorial_workspace/install/cpp_package_with_a_node/lib'
[0.588s] Level 1:colcon.colcon_core.environment:checking '/home/ribeiro/ros2_tutorial_workspace/install/cpp_package_with_a_node/bin'
[0.589s] Level 1:colcon.colcon_core.environment:checking '/home/ribeiro/ros2_tutorial_workspace/install/cpp_package_with_a_node/lib/pkgconfig/cpp_package_with_a_node.pc'
[0.589s] Level 1:colcon.colcon_core.environment:checking '/home/ribeiro/ros2_tutorial_workspace/install/cpp_package_with_a_node/lib/python3.10/site-packages'
[0.589s] Level 1:colcon.colcon_core.environment:checking '/home/ribeiro/ros2_tutorial_workspace/install/cpp_package_with_a_node/bin'
[0.589s] INFO:colcon.colcon_core.shell:Creating package script '/home/ribeiro/ros2_tutorial_workspace/install/cpp_package_with_a_node/share/cpp_package_with_a_node/package.ps1'
[0.590s] INFO:colcon.colcon_core.shell:Creating package descriptor '/home/ribeiro/ros2_tutorial_workspace/install/cpp_package_with_a_node/share/cpp_package_with_a_node/package.dsv'
[0.592s] INFO:colcon.colcon_core.shell:Creating package script '/home/ribeiro/ros2_tutorial_workspace/install/cpp_package_with_a_node/share/cpp_package_with_a_node/package.sh'
[0.593s] INFO:colcon.colcon_core.shell:Creating package script '/home/ribeiro/ros2_tutorial_workspace/install/cpp_package_with_a_node/share/cpp_package_with_a_node/package.bash'
[0.594s] INFO:colcon.colcon_core.shell:Creating package script '/home/ribeiro/ros2_tutorial_workspace/install/cpp_package_with_a_node/share/cpp_package_with_a_node/package.zsh'
[0.595s] Level 1:colcon.colcon_core.environment:create_file_with_runtime_dependencies(/home/ribeiro/ros2_tutorial_workspace/install/cpp_package_with_a_node/share/colcon-core/packages/cpp_package_with_a_node)
[0.596s] Level 1:colcon.colcon_core.environment:create_environment_scripts_only(cpp_package_with_a_node)
[0.597s] Level 1:colcon.colcon_core.environment:checking '/home/ribeiro/ros2_tutorial_workspace/install/cpp_package_with_a_node' for CMake module files
[0.598s] Level 1:colcon.colcon_core.environment:checking '/home/ribeiro/ros2_tutorial_workspace/install/cpp_package_with_a_node' for CMake config files
[0.602s] Level 1:colcon.colcon_core.shell:create_environment_hook('cpp_package_with_a_node', 'cmake_prefix_path')
[0.602s] INFO:colcon.colcon_core.shell:Creating environment hook '/home/ribeiro/ros2_tutorial_workspace/install/cpp_package_with_a_node/share/cpp_package_with_a_node/hook/cmake_prefix_path.ps1'
[0.603s] INFO:colcon.colcon_core.shell:Creating environment descriptor '/home/ribeiro/ros2_tutorial_workspace/install/cpp_package_with_a_node/share/cpp_package_with_a_node/hook/cmake_prefix_path.dsv'
[0.604s] INFO:colcon.colcon_core.shell:Creating environment hook '/home/ribeiro/ros2_tutorial_workspace/install/cpp_package_with_a_node/share/cpp_package_with_a_node/hook/cmake_prefix_path.sh'
[0.606s] Level 1:colcon.colcon_core.environment:checking '/home/ribeiro/ros2_tutorial_workspace/install/cpp_package_with_a_node/lib'
[0.606s] Level 1:colcon.colcon_core.environment:checking '/home/ribeiro/ros2_tutorial_workspace/install/cpp_package_with_a_node/bin'
[0.606s] Level 1:colcon.colcon_core.environment:checking '/home/ribeiro/ros2_tutorial_workspace/install/cpp_package_with_a_node/lib/pkgconfig/cpp_package_with_a_node.pc'
[0.607s] Level 1:colcon.colcon_core.environment:checking '/home/ribeiro/ros2_tutorial_workspace/install/cpp_package_with_a_node/lib/python3.10/site-packages'
[0.607s] Level 1:colcon.colcon_core.environment:checking '/home/ribeiro/ros2_tutorial_workspace/install/cpp_package_with_a_node/bin'
[0.607s] INFO:colcon.colcon_core.shell:Creating package script '/home/ribeiro/ros2_tutorial_workspace/install/cpp_package_with_a_node/share/cpp_package_with_a_node/package.ps1'
[0.609s] INFO:colcon.colcon_core.shell:Creating package descriptor '/home/ribeiro/ros2_tutorial_workspace/install/cpp_package_with_a_node/share/cpp_package_with_a_node/package.dsv'
[0.610s] INFO:colcon.colcon_core.shell:Creating package script '/home/ribeiro/ros2_tutorial_workspace/install/cpp_package_with_a_node/share/cpp_package_with_a_node/package.sh'
[0.611s] INFO:colcon.colcon_core.shell:Creating package script '/home/ribeiro/ros2_tutorial_workspace/install/cpp_package_with_a_node/share/cpp_package_with_a_node/package.bash'
[0.612s] INFO:colcon.colcon_core.shell:Creating package script '/home/ribeiro/ros2_tutorial_workspace/install/cpp_package_with_a_node/share/cpp_package_with_a_node/package.zsh'
[0.612s] Level 1:colcon.colcon_core.environment:create_file_with_runtime_dependencies(/home/ribeiro/ros2_tutorial_workspace/install/cpp_package_with_a_node/share/colcon-core/packages/cpp_package_with_a_node)
[0.645s] Level 1:colcon.colcon_core.environment:create_environment_scripts_only(package_with_interfaces)
[0.645s] Level 1:colcon.colcon_core.environment:checking '/home/ribeiro/ros2_tutorial_workspace/install/package_with_interfaces' for CMake module files
[0.645s] DEBUG:colcon.colcon_core.event_handler.log_command:Invoked command in '/home/ribeiro/ros2_tutorial_workspace/build/package_with_interfaces' returned '0': CMAKE_PREFIX_PATH=${CMAKE_PREFIX_PATH}:/home/ribeiro/ros2_tutorial_workspace/install/python_package_that_uses_the_library:/home/ribeiro/ros2_tutorial_workspace/install/python_package_with_a_library:/home/ribeiro/ros2_tutorial_workspace/install/python_package_that_uses_the_services:/home/ribeiro/ros2_tutorial_workspace/install/python_package_that_uses_the_messages:/home/ribeiro/ros2_tutorial_workspace/install/python_package_that_uses_parameters_and_launch_files:/opt/ros/humble /usr/bin/cmake --install /home/ribeiro/ros2_tutorial_workspace/build/package_with_interfaces
[0.646s] Level 1:colcon.colcon_core.environment:checking '/home/ribeiro/ros2_tutorial_workspace/install/package_with_interfaces' for CMake config files
[0.646s] Level 1:colcon.colcon_core.shell:create_environment_hook('package_with_interfaces', 'cmake_prefix_path')
[0.646s] INFO:colcon.colcon_core.shell:Creating environment hook '/home/ribeiro/ros2_tutorial_workspace/install/package_with_interfaces/share/package_with_interfaces/hook/cmake_prefix_path.ps1'
[0.647s] INFO:colcon.colcon_core.shell:Creating environment descriptor '/home/ribeiro/ros2_tutorial_workspace/install/package_with_interfaces/share/package_with_interfaces/hook/cmake_prefix_path.dsv'
[0.647s] INFO:colcon.colcon_core.shell:Creating environment hook '/home/ribeiro/ros2_tutorial_workspace/install/package_with_interfaces/share/package_with_interfaces/hook/cmake_prefix_path.sh'
[0.648s] Level 1:colcon.colcon_core.environment:checking '/home/ribeiro/ros2_tutorial_workspace/install/package_with_interfaces/lib'
[0.648s] Level 1:colcon.colcon_core.shell:create_environment_hook('package_with_interfaces', 'ld_library_path_lib')
[0.648s] INFO:colcon.colcon_core.shell:Creating environment hook '/home/ribeiro/ros2_tutorial_workspace/install/package_with_interfaces/share/package_with_interfaces/hook/ld_library_path_lib.ps1'
[0.648s] INFO:colcon.colcon_core.shell:Creating environment descriptor '/home/ribeiro/ros2_tutorial_workspace/install/package_with_interfaces/share/package_with_interfaces/hook/ld_library_path_lib.dsv'
[0.649s] INFO:colcon.colcon_core.shell:Creating environment hook '/home/ribeiro/ros2_tutorial_workspace/install/package_with_interfaces/share/package_with_interfaces/hook/ld_library_path_lib.sh'
[0.649s] Level 1:colcon.colcon_core.environment:checking '/home/ribeiro/ros2_tutorial_workspace/install/package_with_interfaces/bin'
[0.649s] Level 1:colcon.colcon_core.environment:checking '/home/ribeiro/ros2_tutorial_workspace/install/package_with_interfaces/lib/pkgconfig/package_with_interfaces.pc'
[0.649s] Level 1:colcon.colcon_core.environment:checking '/home/ribeiro/ros2_tutorial_workspace/install/package_with_interfaces/lib/python3.10/site-packages'
[0.649s] Level 1:colcon.colcon_core.environment:checking '/home/ribeiro/ros2_tutorial_workspace/install/package_with_interfaces/bin'
[0.650s] INFO:colcon.colcon_core.shell:Creating package script '/home/ribeiro/ros2_tutorial_workspace/install/package_with_interfaces/share/package_with_interfaces/package.ps1'
[0.650s] INFO:colcon.colcon_core.shell:Creating package descriptor '/home/ribeiro/ros2_tutorial_workspace/install/package_with_interfaces/share/package_with_interfaces/package.dsv'
[0.650s] INFO:colcon.colcon_core.shell:Creating package script '/home/ribeiro/ros2_tutorial_workspace/install/package_with_interfaces/share/package_with_interfaces/package.sh'
[0.651s] INFO:colcon.colcon_core.shell:Creating package script '/home/ribeiro/ros2_tutorial_workspace/install/package_with_interfaces/share/package_with_interfaces/package.bash'
[0.651s] INFO:colcon.colcon_core.shell:Creating package script '/home/ribeiro/ros2_tutorial_workspace/install/package_with_interfaces/share/package_with_interfaces/package.zsh'
[0.652s] Level 1:colcon.colcon_core.environment:create_file_with_runtime_dependencies(/home/ribeiro/ros2_tutorial_workspace/install/package_with_interfaces/share/colcon-core/packages/package_with_interfaces)
[0.652s] Level 1:colcon.colcon_core.environment:create_environment_scripts_only(package_with_interfaces)
[0.653s] Level 1:colcon.colcon_core.environment:checking '/home/ribeiro/ros2_tutorial_workspace/install/package_with_interfaces' for CMake module files
[0.653s] Level 1:colcon.colcon_core.environment:checking '/home/ribeiro/ros2_tutorial_workspace/install/package_with_interfaces' for CMake config files
[0.653s] Level 1:colcon.colcon_core.shell:create_environment_hook('package_with_interfaces', 'cmake_prefix_path')
[0.654s] INFO:colcon.colcon_core.shell:Creating environment hook '/home/ribeiro/ros2_tutorial_workspace/install/package_with_interfaces/share/package_with_interfaces/hook/cmake_prefix_path.ps1'
[0.654s] INFO:colcon.colcon_core.shell:Creating environment descriptor '/home/ribeiro/ros2_tutorial_workspace/install/package_with_interfaces/share/package_with_interfaces/hook/cmake_prefix_path.dsv'
[0.654s] INFO:colcon.colcon_core.shell:Creating environment hook '/home/ribeiro/ros2_tutorial_workspace/install/package_with_interfaces/share/package_with_interfaces/hook/cmake_prefix_path.sh'
[0.655s] Level 1:colcon.colcon_core.environment:checking '/home/ribeiro/ros2_tutorial_workspace/install/package_with_interfaces/lib'
[0.655s] Level 1:colcon.colcon_core.shell:create_environment_hook('package_with_interfaces', 'ld_library_path_lib')
[0.655s] INFO:colcon.colcon_core.shell:Creating environment hook '/home/ribeiro/ros2_tutorial_workspace/install/package_with_interfaces/share/package_with_interfaces/hook/ld_library_path_lib.ps1'
[0.655s] INFO:colcon.colcon_core.shell:Creating environment descriptor '/home/ribeiro/ros2_tutorial_workspace/install/package_with_interfaces/share/package_with_interfaces/hook/ld_library_path_lib.dsv'
[0.656s] INFO:colcon.colcon_core.shell:Creating environment hook '/home/ribeiro/ros2_tutorial_workspace/install/package_with_interfaces/share/package_with_interfaces/hook/ld_library_path_lib.sh'
[0.656s] Level 1:colcon.colcon_core.environment:checking '/home/ribeiro/ros2_tutorial_workspace/install/package_with_interfaces/bin'
[0.656s] Level 1:colcon.colcon_core.environment:checking '/home/ribeiro/ros2_tutorial_workspace/install/package_with_interfaces/lib/pkgconfig/package_with_interfaces.pc'
[0.656s] Level 1:colcon.colcon_core.environment:checking '/home/ribeiro/ros2_tutorial_workspace/install/package_with_interfaces/lib/python3.10/site-packages'
[0.656s] Level 1:colcon.colcon_core.environment:checking '/home/ribeiro/ros2_tutorial_workspace/install/package_with_interfaces/bin'
[0.657s] INFO:colcon.colcon_core.shell:Creating package script '/home/ribeiro/ros2_tutorial_workspace/install/package_with_interfaces/share/package_with_interfaces/package.ps1'
[0.657s] INFO:colcon.colcon_core.shell:Creating package descriptor '/home/ribeiro/ros2_tutorial_workspace/install/package_with_interfaces/share/package_with_interfaces/package.dsv'
[0.657s] INFO:colcon.colcon_core.shell:Creating package script '/home/ribeiro/ros2_tutorial_workspace/install/package_with_interfaces/share/package_with_interfaces/package.sh'
[0.658s] INFO:colcon.colcon_core.shell:Creating package script '/home/ribeiro/ros2_tutorial_workspace/install/package_with_interfaces/share/package_with_interfaces/package.bash'
[0.658s] INFO:colcon.colcon_core.shell:Creating package script '/home/ribeiro/ros2_tutorial_workspace/install/package_with_interfaces/share/package_with_interfaces/package.zsh'
[0.659s] Level 1:colcon.colcon_core.environment:create_file_with_runtime_dependencies(/home/ribeiro/ros2_tutorial_workspace/install/package_with_interfaces/share/colcon-core/packages/package_with_interfaces)
[0.659s] INFO:colcon.colcon_ros.task.ament_python.build:Building ROS package in '/home/ribeiro/ros2_tutorial_workspace/src/python_package_that_uses_parameters_and_launch_files' with build type 'ament_python'
[0.659s] Level 1:colcon.colcon_core.shell:create_environment_hook('python_package_that_uses_parameters_and_launch_files', 'ament_prefix_path')
[0.659s] INFO:colcon.colcon_core.shell:Creating environment hook '/home/ribeiro/ros2_tutorial_workspace/install/python_package_that_uses_parameters_and_launch_files/share/python_package_that_uses_parameters_and_launch_files/hook/ament_prefix_path.ps1'
[0.660s] INFO:colcon.colcon_core.shell:Creating environment descriptor '/home/ribeiro/ros2_tutorial_workspace/install/python_package_that_uses_parameters_and_launch_files/share/python_package_that_uses_parameters_and_launch_files/hook/ament_prefix_path.dsv'
[0.661s] INFO:colcon.colcon_core.shell:Creating environment hook '/home/ribeiro/ros2_tutorial_workspace/install/python_package_that_uses_parameters_and_launch_files/share/python_package_that_uses_parameters_and_launch_files/hook/ament_prefix_path.sh'
[0.661s] INFO:colcon.colcon_core.shell:Skip shell extension 'powershell' for command environment: Not usable outside of PowerShell
[0.661s] DEBUG:colcon.colcon_core.shell:Skip shell extension 'dsv' for command environment
[0.665s] INFO:colcon.colcon_ros.task.ament_python.build:Building ROS package in '/home/ribeiro/ros2_tutorial_workspace/src/python_package_that_uses_the_messages' with build type 'ament_python'
[0.665s] Level 1:colcon.colcon_core.shell:create_environment_hook('python_package_that_uses_the_messages', 'ament_prefix_path')
[0.665s] INFO:colcon.colcon_core.shell:Creating environment hook '/home/ribeiro/ros2_tutorial_workspace/install/python_package_that_uses_the_messages/share/python_package_that_uses_the_messages/hook/ament_prefix_path.ps1'
[0.666s] INFO:colcon.colcon_core.shell:Creating environment descriptor '/home/ribeiro/ros2_tutorial_workspace/install/python_package_that_uses_the_messages/share/python_package_that_uses_the_messages/hook/ament_prefix_path.dsv'
[0.666s] INFO:colcon.colcon_core.shell:Creating environment hook '/home/ribeiro/ros2_tutorial_workspace/install/python_package_that_uses_the_messages/share/python_package_that_uses_the_messages/hook/ament_prefix_path.sh'
[0.667s] INFO:colcon.colcon_core.shell:Skip shell extension 'powershell' for command environment: Not usable outside of PowerShell
[0.667s] DEBUG:colcon.colcon_core.shell:Skip shell extension 'dsv' for command environment
[0.669s] INFO:colcon.colcon_ros.task.ament_python.build:Building ROS package in '/home/ribeiro/ros2_tutorial_workspace/src/python_package_that_uses_the_services' with build type 'ament_python'
[0.670s] Level 1:colcon.colcon_core.shell:create_environment_hook('python_package_that_uses_the_services', 'ament_prefix_path')
[0.670s] INFO:colcon.colcon_core.shell:Creating environment hook '/home/ribeiro/ros2_tutorial_workspace/install/python_package_that_uses_the_services/share/python_package_that_uses_the_services/hook/ament_prefix_path.ps1'
[0.671s] INFO:colcon.colcon_core.shell:Creating environment descriptor '/home/ribeiro/ros2_tutorial_workspace/install/python_package_that_uses_the_services/share/python_package_that_uses_the_services/hook/ament_prefix_path.dsv'
[0.671s] INFO:colcon.colcon_core.shell:Creating environment hook '/home/ribeiro/ros2_tutorial_workspace/install/python_package_that_uses_the_services/share/python_package_that_uses_the_services/hook/ament_prefix_path.sh'
[0.671s] INFO:colcon.colcon_core.shell:Skip shell extension 'powershell' for command environment: Not usable outside of PowerShell
[0.672s] DEBUG:colcon.colcon_core.shell:Skip shell extension 'dsv' for command environment
[0.900s] INFO:colcon.colcon_core.task.python.build:Building Python package in '/home/ribeiro/ros2_tutorial_workspace/src/python_package_that_uses_the_messages'
[0.900s] INFO:colcon.colcon_core.shell:Skip shell extension 'powershell' for command environment: Not usable outside of PowerShell
[0.900s] DEBUG:colcon.colcon_core.shell:Skip shell extension 'dsv' for command environment
[1.073s] INFO:colcon.colcon_core.task.python.build:Building Python package in '/home/ribeiro/ros2_tutorial_workspace/src/python_package_that_uses_parameters_and_launch_files'
[1.073s] INFO:colcon.colcon_core.shell:Skip shell extension 'powershell' for command environment: Not usable outside of PowerShell
[1.073s] DEBUG:colcon.colcon_core.shell:Skip shell extension 'dsv' for command environment
[1.253s] INFO:colcon.colcon_core.task.python.build:Building Python package in '/home/ribeiro/ros2_tutorial_workspace/src/python_package_that_uses_the_services'
[1.254s] INFO:colcon.colcon_core.shell:Skip shell extension 'powershell' for command environment: Not usable outside of PowerShell
[1.254s] DEBUG:colcon.colcon_core.shell:Skip shell extension 'dsv' for command environment
[1.257s] DEBUG:colcon.colcon_core.task.python.build:Available setuptools commands: setopt, build_ext, bdist_rpm, init_catalog, register, install, develop, check, build, test, saveopts, build_scripts, upload, install_lib, egg_info, install_scripts, build_clib, bdist_egg, update_catalog, rotate, bdist_dumb, clean, dist_info, upload_docs, install_egg_info, sdist, compile_catalog, easy_install, build_py, alias, extract_messages, symlink_data, bdist, install_data, install_headers
[1.503s] DEBUG:colcon.colcon_core.task.python.build:Available setuptools 'develop' options: --build-directory, --local-snapshots-ok, --no-deps, --help, --quiet, --install-layout, --no-find-links, --force-installation-into-system-dir, --version, --find-links, --allow-hosts, --editable, --always-copy, --record, --no-user-cfg, --multi-version, --always-unzip, --egg-path, --verbose, --exclude-scripts, --dry-run, --zip-ok, --optimize, --uninstall, --user, --site-dirs, --prefix, --script-dir, --index-url, --install-dir, --upgrade
[1.505s] DEBUG:colcon.colcon_core.event_handler.log_command:Invoking command in '/home/ribeiro/ros2_tutorial_workspace/build/python_package_with_a_library': PYTHONPATH=/home/ribeiro/ros2_tutorial_workspace/build/python_package_with_a_library/prefix_override:/usr/lib/python3/dist-packages/colcon_core/task/python/colcon_distutils_commands:/home/ribeiro/ros2_tutorial_workspace/install/python_package_with_a_library/lib/python3.10/site-packages:${PYTHONPATH} /usr/bin/python3 -W ignore:setup.py install is deprecated -W ignore:easy_install command is deprecated setup.py develop --editable --build-directory /home/ribeiro/ros2_tutorial_workspace/build/python_package_with_a_library/build --no-deps symlink_data
[1.561s] DEBUG:colcon.colcon_core.task.python.build:Available setuptools commands: setopt, build_ext, bdist_rpm, init_catalog, register, install, develop, check, build, test, saveopts, build_scripts, upload, install_lib, egg_info, install_scripts, build_clib, bdist_egg, update_catalog, rotate, bdist_dumb, clean, dist_info, upload_docs, install_egg_info, sdist, compile_catalog, easy_install, build_py, alias, extract_messages, symlink_data, bdist, install_data, install_headers
[1.562s] DEBUG:colcon.colcon_core.task.python.build:Available setuptools commands: setopt, build_ext, bdist_rpm, init_catalog, register, install, develop, check, build, test, saveopts, build_scripts, upload, install_lib, egg_info, install_scripts, build_clib, bdist_egg, update_catalog, rotate, bdist_dumb, clean, dist_info, upload_docs, install_egg_info, sdist, compile_catalog, easy_install, build_py, alias, extract_messages, symlink_data, bdist, install_data, install_headers
[1.612s] DEBUG:colcon.colcon_core.task.python.build:Available setuptools commands: setopt, build_ext, bdist_rpm, init_catalog, register, install, develop, check, build, test, saveopts, build_scripts, upload, install_lib, egg_info, install_scripts, build_clib, bdist_egg, update_catalog, rotate, bdist_dumb, clean, dist_info, upload_docs, install_egg_info, sdist, compile_catalog, easy_install, build_py, alias, extract_messages, symlink_data, bdist, install_data, install_headers
[1.768s] DEBUG:colcon.colcon_core.task.python.build:Available setuptools 'develop' options: --build-directory, --local-snapshots-ok, --no-deps, --help, --quiet, --install-layout, --no-find-links, --force-installation-into-system-dir, --version, --find-links, --allow-hosts, --editable, --always-copy, --record, --no-user-cfg, --multi-version, --always-unzip, --egg-path, --verbose, --exclude-scripts, --dry-run, --zip-ok, --optimize, --uninstall, --user, --site-dirs, --prefix, --script-dir, --index-url, --install-dir, --upgrade
[1.770s] DEBUG:colcon.colcon_core.event_handler.log_command:Invoking command in '/home/ribeiro/ros2_tutorial_workspace/build/python_package_that_uses_parameters_and_launch_files': PYTHONPATH=/home/ribeiro/ros2_tutorial_workspace/build/python_package_that_uses_parameters_and_launch_files/prefix_override:/usr/lib/python3/dist-packages/colcon_core/task/python/colcon_distutils_commands:/home/ribeiro/ros2_tutorial_workspace/install/python_package_that_uses_parameters_and_launch_files/lib/python3.10/site-packages:${PYTHONPATH} /usr/bin/python3 -W ignore:setup.py install is deprecated -W ignore:easy_install command is deprecated setup.py develop --editable --build-directory /home/ribeiro/ros2_tutorial_workspace/build/python_package_that_uses_parameters_and_launch_files/build --no-deps symlink_data
[1.783s] DEBUG:colcon.colcon_core.task.python.build:Available setuptools 'develop' options: --build-directory, --local-snapshots-ok, --no-deps, --help, --quiet, --install-layout, --no-find-links, --force-installation-into-system-dir, --version, --find-links, --allow-hosts, --editable, --always-copy, --record, --no-user-cfg, --multi-version, --always-unzip, --egg-path, --verbose, --exclude-scripts, --dry-run, --zip-ok, --optimize, --uninstall, --user, --site-dirs, --prefix, --script-dir, --index-url, --install-dir, --upgrade
[1.785s] DEBUG:colcon.colcon_core.event_handler.log_command:Invoking command in '/home/ribeiro/ros2_tutorial_workspace/build/python_package_that_uses_the_messages': PYTHONPATH=/home/ribeiro/ros2_tutorial_workspace/build/python_package_that_uses_the_messages/prefix_override:/usr/lib/python3/dist-packages/colcon_core/task/python/colcon_distutils_commands:/home/ribeiro/ros2_tutorial_workspace/install/python_package_that_uses_the_messages/lib/python3.10/site-packages:${PYTHONPATH} /usr/bin/python3 -W ignore:setup.py install is deprecated -W ignore:easy_install command is deprecated setup.py develop --editable --build-directory /home/ribeiro/ros2_tutorial_workspace/build/python_package_that_uses_the_messages/build --no-deps symlink_data
[1.824s] DEBUG:colcon.colcon_core.task.python.build:Available setuptools 'develop' options: --build-directory, --local-snapshots-ok, --no-deps, --help, --quiet, --install-layout, --no-find-links, --force-installation-into-system-dir, --version, --find-links, --allow-hosts, --editable, --always-copy, --record, --no-user-cfg, --multi-version, --always-unzip, --egg-path, --verbose, --exclude-scripts, --dry-run, --zip-ok, --optimize, --uninstall, --user, --site-dirs, --prefix, --script-dir, --index-url, --install-dir, --upgrade
[1.826s] DEBUG:colcon.colcon_core.event_handler.log_command:Invoking command in '/home/ribeiro/ros2_tutorial_workspace/build/python_package_that_uses_the_services': PYTHONPATH=/home/ribeiro/ros2_tutorial_workspace/build/python_package_that_uses_the_services/prefix_override:/usr/lib/python3/dist-packages/colcon_core/task/python/colcon_distutils_commands:/home/ribeiro/ros2_tutorial_workspace/install/python_package_that_uses_the_services/lib/python3.10/site-packages:${PYTHONPATH} /usr/bin/python3 -W ignore:setup.py install is deprecated -W ignore:easy_install command is deprecated setup.py develop --editable --build-directory /home/ribeiro/ros2_tutorial_workspace/build/python_package_that_uses_the_services/build --no-deps symlink_data
[1.857s] Level 1:colcon.colcon_core.shell:create_environment_hook('python_package_with_a_library', 'pythonpath_develop')
[1.857s] INFO:colcon.colcon_core.shell:Creating environment hook '/home/ribeiro/ros2_tutorial_workspace/build/python_package_with_a_library/share/python_package_with_a_library/hook/pythonpath_develop.ps1'
[1.857s] DEBUG:colcon.colcon_core.event_handler.log_command:Invoked command in '/home/ribeiro/ros2_tutorial_workspace/build/python_package_with_a_library' returned '0': PYTHONPATH=/home/ribeiro/ros2_tutorial_workspace/build/python_package_with_a_library/prefix_override:/usr/lib/python3/dist-packages/colcon_core/task/python/colcon_distutils_commands:/home/ribeiro/ros2_tutorial_workspace/install/python_package_with_a_library/lib/python3.10/site-packages:${PYTHONPATH} /usr/bin/python3 -W ignore:setup.py install is deprecated -W ignore:easy_install command is deprecated setup.py develop --editable --build-directory /home/ribeiro/ros2_tutorial_workspace/build/python_package_with_a_library/build --no-deps symlink_data
[1.858s] INFO:colcon.colcon_core.shell:Creating environment descriptor '/home/ribeiro/ros2_tutorial_workspace/build/python_package_with_a_library/share/python_package_with_a_library/hook/pythonpath_develop.dsv'
[1.858s] INFO:colcon.colcon_core.shell:Creating environment hook '/home/ribeiro/ros2_tutorial_workspace/build/python_package_with_a_library/share/python_package_with_a_library/hook/pythonpath_develop.sh'
[1.859s] Level 1:colcon.colcon_core.environment:checking '/home/ribeiro/ros2_tutorial_workspace/install/python_package_with_a_library' for CMake module files
[1.859s] Level 1:colcon.colcon_core.environment:checking '/home/ribeiro/ros2_tutorial_workspace/install/python_package_with_a_library' for CMake config files
[1.859s] Level 1:colcon.colcon_core.environment:checking '/home/ribeiro/ros2_tutorial_workspace/install/python_package_with_a_library/lib'
[1.859s] Level 1:colcon.colcon_core.environment:checking '/home/ribeiro/ros2_tutorial_workspace/install/python_package_with_a_library/bin'
[1.859s] Level 1:colcon.colcon_core.environment:checking '/home/ribeiro/ros2_tutorial_workspace/install/python_package_with_a_library/lib/pkgconfig/python_package_with_a_library.pc'
[1.860s] Level 1:colcon.colcon_core.environment:checking '/home/ribeiro/ros2_tutorial_workspace/install/python_package_with_a_library/lib/python3.10/site-packages'
[1.860s] Level 1:colcon.colcon_core.shell:create_environment_hook('python_package_with_a_library', 'pythonpath')
[1.860s] INFO:colcon.colcon_core.shell:Creating environment hook '/home/ribeiro/ros2_tutorial_workspace/install/python_package_with_a_library/share/python_package_with_a_library/hook/pythonpath.ps1'
[1.860s] INFO:colcon.colcon_core.shell:Creating environment descriptor '/home/ribeiro/ros2_tutorial_workspace/install/python_package_with_a_library/share/python_package_with_a_library/hook/pythonpath.dsv'
[1.861s] INFO:colcon.colcon_core.shell:Creating environment hook '/home/ribeiro/ros2_tutorial_workspace/install/python_package_with_a_library/share/python_package_with_a_library/hook/pythonpath.sh'
[1.861s] Level 1:colcon.colcon_core.environment:checking '/home/ribeiro/ros2_tutorial_workspace/install/python_package_with_a_library/bin'
[1.861s] Level 1:colcon.colcon_core.environment:create_environment_scripts_only(python_package_with_a_library)
[1.861s] INFO:colcon.colcon_core.shell:Creating package script '/home/ribeiro/ros2_tutorial_workspace/install/python_package_with_a_library/share/python_package_with_a_library/package.ps1'
[1.862s] INFO:colcon.colcon_core.shell:Creating package descriptor '/home/ribeiro/ros2_tutorial_workspace/install/python_package_with_a_library/share/python_package_with_a_library/package.dsv'
[1.862s] INFO:colcon.colcon_core.shell:Creating package script '/home/ribeiro/ros2_tutorial_workspace/install/python_package_with_a_library/share/python_package_with_a_library/package.sh'
[1.862s] INFO:colcon.colcon_core.shell:Creating package script '/home/ribeiro/ros2_tutorial_workspace/install/python_package_with_a_library/share/python_package_with_a_library/package.bash'
[1.863s] INFO:colcon.colcon_core.shell:Creating package script '/home/ribeiro/ros2_tutorial_workspace/install/python_package_with_a_library/share/python_package_with_a_library/package.zsh'
[1.863s] Level 1:colcon.colcon_core.environment:create_file_with_runtime_dependencies(/home/ribeiro/ros2_tutorial_workspace/install/python_package_with_a_library/share/colcon-core/packages/python_package_with_a_library)
[1.863s] INFO:colcon.colcon_ros.task.ament_python.build:Building ROS package in '/home/ribeiro/ros2_tutorial_workspace/src/python_package_that_uses_the_library' with build type 'ament_python'
[1.864s] Level 1:colcon.colcon_core.shell:create_environment_hook('python_package_that_uses_the_library', 'ament_prefix_path')
[1.864s] INFO:colcon.colcon_core.shell:Creating environment hook '/home/ribeiro/ros2_tutorial_workspace/install/python_package_that_uses_the_library/share/python_package_that_uses_the_library/hook/ament_prefix_path.ps1'
[1.865s] INFO:colcon.colcon_core.shell:Creating environment descriptor '/home/ribeiro/ros2_tutorial_workspace/install/python_package_that_uses_the_library/share/python_package_that_uses_the_library/hook/ament_prefix_path.dsv'
[1.865s] INFO:colcon.colcon_core.shell:Creating environment hook '/home/ribeiro/ros2_tutorial_workspace/install/python_package_that_uses_the_library/share/python_package_that_uses_the_library/hook/ament_prefix_path.sh'
[1.866s] INFO:colcon.colcon_core.shell:Skip shell extension 'powershell' for command environment: Not usable outside of PowerShell
[1.866s] DEBUG:colcon.colcon_core.shell:Skip shell extension 'dsv' for command environment
[2.156s] INFO:colcon.colcon_core.task.python.build:Building Python package in '/home/ribeiro/ros2_tutorial_workspace/src/python_package_that_uses_the_library'
[2.156s] INFO:colcon.colcon_core.shell:Skip shell extension 'powershell' for command environment: Not usable outside of PowerShell
[2.156s] DEBUG:colcon.colcon_core.shell:Skip shell extension 'dsv' for command environment
[2.159s] Level 1:colcon.colcon_core.shell:create_environment_hook('python_package_that_uses_parameters_and_launch_files', 'pythonpath_develop')
[2.160s] INFO:colcon.colcon_core.shell:Creating environment hook '/home/ribeiro/ros2_tutorial_workspace/build/python_package_that_uses_parameters_and_launch_files/share/python_package_that_uses_parameters_and_launch_files/hook/pythonpath_develop.ps1'
[2.160s] DEBUG:colcon.colcon_core.event_handler.log_command:Invoked command in '/home/ribeiro/ros2_tutorial_workspace/build/python_package_that_uses_parameters_and_launch_files' returned '0': PYTHONPATH=/home/ribeiro/ros2_tutorial_workspace/build/python_package_that_uses_parameters_and_launch_files/prefix_override:/usr/lib/python3/dist-packages/colcon_core/task/python/colcon_distutils_commands:/home/ribeiro/ros2_tutorial_workspace/install/python_package_that_uses_parameters_and_launch_files/lib/python3.10/site-packages:${PYTHONPATH} /usr/bin/python3 -W ignore:setup.py install is deprecated -W ignore:easy_install command is deprecated setup.py develop --editable --build-directory /home/ribeiro/ros2_tutorial_workspace/build/python_package_that_uses_parameters_and_launch_files/build --no-deps symlink_data
[2.161s] INFO:colcon.colcon_core.shell:Creating environment descriptor '/home/ribeiro/ros2_tutorial_workspace/build/python_package_that_uses_parameters_and_launch_files/share/python_package_that_uses_parameters_and_launch_files/hook/pythonpath_develop.dsv'
[2.161s] INFO:colcon.colcon_core.shell:Creating environment hook '/home/ribeiro/ros2_tutorial_workspace/build/python_package_that_uses_parameters_and_launch_files/share/python_package_that_uses_parameters_and_launch_files/hook/pythonpath_develop.sh'
[2.162s] Level 1:colcon.colcon_core.environment:checking '/home/ribeiro/ros2_tutorial_workspace/install/python_package_that_uses_parameters_and_launch_files' for CMake module files
[2.162s] Level 1:colcon.colcon_core.environment:checking '/home/ribeiro/ros2_tutorial_workspace/install/python_package_that_uses_parameters_and_launch_files' for CMake config files
[2.163s] Level 1:colcon.colcon_core.environment:checking '/home/ribeiro/ros2_tutorial_workspace/install/python_package_that_uses_parameters_and_launch_files/lib'
[2.163s] Level 1:colcon.colcon_core.environment:checking '/home/ribeiro/ros2_tutorial_workspace/install/python_package_that_uses_parameters_and_launch_files/bin'
[2.163s] Level 1:colcon.colcon_core.environment:checking '/home/ribeiro/ros2_tutorial_workspace/install/python_package_that_uses_parameters_and_launch_files/lib/pkgconfig/python_package_that_uses_parameters_and_launch_files.pc'
[2.163s] Level 1:colcon.colcon_core.environment:checking '/home/ribeiro/ros2_tutorial_workspace/install/python_package_that_uses_parameters_and_launch_files/lib/python3.10/site-packages'
[2.163s] Level 1:colcon.colcon_core.shell:create_environment_hook('python_package_that_uses_parameters_and_launch_files', 'pythonpath')
[2.163s] INFO:colcon.colcon_core.shell:Creating environment hook '/home/ribeiro/ros2_tutorial_workspace/install/python_package_that_uses_parameters_and_launch_files/share/python_package_that_uses_parameters_and_launch_files/hook/pythonpath.ps1'
[2.164s] INFO:colcon.colcon_core.shell:Creating environment descriptor '/home/ribeiro/ros2_tutorial_workspace/install/python_package_that_uses_parameters_and_launch_files/share/python_package_that_uses_parameters_and_launch_files/hook/pythonpath.dsv'
[2.164s] INFO:colcon.colcon_core.shell:Creating environment hook '/home/ribeiro/ros2_tutorial_workspace/install/python_package_that_uses_parameters_and_launch_files/share/python_package_that_uses_parameters_and_launch_files/hook/pythonpath.sh'
[2.165s] Level 1:colcon.colcon_core.environment:checking '/home/ribeiro/ros2_tutorial_workspace/install/python_package_that_uses_parameters_and_launch_files/bin'
[2.165s] Level 1:colcon.colcon_core.environment:create_environment_scripts_only(python_package_that_uses_parameters_and_launch_files)
[2.165s] INFO:colcon.colcon_core.shell:Creating package script '/home/ribeiro/ros2_tutorial_workspace/install/python_package_that_uses_parameters_and_launch_files/share/python_package_that_uses_parameters_and_launch_files/package.ps1'
[2.166s] INFO:colcon.colcon_core.shell:Creating package descriptor '/home/ribeiro/ros2_tutorial_workspace/install/python_package_that_uses_parameters_and_launch_files/share/python_package_that_uses_parameters_and_launch_files/package.dsv'
[2.166s] INFO:colcon.colcon_core.shell:Creating package script '/home/ribeiro/ros2_tutorial_workspace/install/python_package_that_uses_parameters_and_launch_files/share/python_package_that_uses_parameters_and_launch_files/package.sh'
[2.167s] INFO:colcon.colcon_core.shell:Creating package script '/home/ribeiro/ros2_tutorial_workspace/install/python_package_that_uses_parameters_and_launch_files/share/python_package_that_uses_parameters_and_launch_files/package.bash'
[2.167s] INFO:colcon.colcon_core.shell:Creating package script '/home/ribeiro/ros2_tutorial_workspace/install/python_package_that_uses_parameters_and_launch_files/share/python_package_that_uses_parameters_and_launch_files/package.zsh'
[2.168s] Level 1:colcon.colcon_core.environment:create_file_with_runtime_dependencies(/home/ribeiro/ros2_tutorial_workspace/install/python_package_that_uses_parameters_and_launch_files/share/colcon-core/packages/python_package_that_uses_parameters_and_launch_files)
[2.168s] Level 1:colcon.colcon_core.shell:create_environment_hook('python_package_that_uses_the_messages', 'pythonpath_develop')
[2.169s] INFO:colcon.colcon_core.shell:Creating environment hook '/home/ribeiro/ros2_tutorial_workspace/build/python_package_that_uses_the_messages/share/python_package_that_uses_the_messages/hook/pythonpath_develop.ps1'
[2.170s] INFO:colcon.colcon_core.shell:Creating environment descriptor '/home/ribeiro/ros2_tutorial_workspace/build/python_package_that_uses_the_messages/share/python_package_that_uses_the_messages/hook/pythonpath_develop.dsv'
[2.170s] DEBUG:colcon.colcon_core.event_handler.log_command:Invoked command in '/home/ribeiro/ros2_tutorial_workspace/build/python_package_that_uses_the_messages' returned '0': PYTHONPATH=/home/ribeiro/ros2_tutorial_workspace/build/python_package_that_uses_the_messages/prefix_override:/usr/lib/python3/dist-packages/colcon_core/task/python/colcon_distutils_commands:/home/ribeiro/ros2_tutorial_workspace/install/python_package_that_uses_the_messages/lib/python3.10/site-packages:${PYTHONPATH} /usr/bin/python3 -W ignore:setup.py install is deprecated -W ignore:easy_install command is deprecated setup.py develop --editable --build-directory /home/ribeiro/ros2_tutorial_workspace/build/python_package_that_uses_the_messages/build --no-deps symlink_data
[2.170s] INFO:colcon.colcon_core.shell:Creating environment hook '/home/ribeiro/ros2_tutorial_workspace/build/python_package_that_uses_the_messages/share/python_package_that_uses_the_messages/hook/pythonpath_develop.sh'
[2.171s] Level 1:colcon.colcon_core.environment:checking '/home/ribeiro/ros2_tutorial_workspace/install/python_package_that_uses_the_messages' for CMake module files
[2.171s] Level 1:colcon.colcon_core.environment:checking '/home/ribeiro/ros2_tutorial_workspace/install/python_package_that_uses_the_messages' for CMake config files
[2.172s] Level 1:colcon.colcon_core.environment:checking '/home/ribeiro/ros2_tutorial_workspace/install/python_package_that_uses_the_messages/lib'
[2.172s] Level 1:colcon.colcon_core.environment:checking '/home/ribeiro/ros2_tutorial_workspace/install/python_package_that_uses_the_messages/bin'
[2.172s] Level 1:colcon.colcon_core.environment:checking '/home/ribeiro/ros2_tutorial_workspace/install/python_package_that_uses_the_messages/lib/pkgconfig/python_package_that_uses_the_messages.pc'
[2.172s] Level 1:colcon.colcon_core.environment:checking '/home/ribeiro/ros2_tutorial_workspace/install/python_package_that_uses_the_messages/lib/python3.10/site-packages'
[2.172s] Level 1:colcon.colcon_core.shell:create_environment_hook('python_package_that_uses_the_messages', 'pythonpath')
[2.172s] INFO:colcon.colcon_core.shell:Creating environment hook '/home/ribeiro/ros2_tutorial_workspace/install/python_package_that_uses_the_messages/share/python_package_that_uses_the_messages/hook/pythonpath.ps1'
[2.173s] INFO:colcon.colcon_core.shell:Creating environment descriptor '/home/ribeiro/ros2_tutorial_workspace/install/python_package_that_uses_the_messages/share/python_package_that_uses_the_messages/hook/pythonpath.dsv'
[2.173s] INFO:colcon.colcon_core.shell:Creating environment hook '/home/ribeiro/ros2_tutorial_workspace/install/python_package_that_uses_the_messages/share/python_package_that_uses_the_messages/hook/pythonpath.sh'
[2.173s] Level 1:colcon.colcon_core.environment:checking '/home/ribeiro/ros2_tutorial_workspace/install/python_package_that_uses_the_messages/bin'
[2.174s] Level 1:colcon.colcon_core.environment:create_environment_scripts_only(python_package_that_uses_the_messages)
[2.174s] INFO:colcon.colcon_core.shell:Creating package script '/home/ribeiro/ros2_tutorial_workspace/install/python_package_that_uses_the_messages/share/python_package_that_uses_the_messages/package.ps1'
[2.174s] INFO:colcon.colcon_core.shell:Creating package descriptor '/home/ribeiro/ros2_tutorial_workspace/install/python_package_that_uses_the_messages/share/python_package_that_uses_the_messages/package.dsv'
[2.175s] INFO:colcon.colcon_core.shell:Creating package script '/home/ribeiro/ros2_tutorial_workspace/install/python_package_that_uses_the_messages/share/python_package_that_uses_the_messages/package.sh'
[2.175s] INFO:colcon.colcon_core.shell:Creating package script '/home/ribeiro/ros2_tutorial_workspace/install/python_package_that_uses_the_messages/share/python_package_that_uses_the_messages/package.bash'
[2.176s] INFO:colcon.colcon_core.shell:Creating package script '/home/ribeiro/ros2_tutorial_workspace/install/python_package_that_uses_the_messages/share/python_package_that_uses_the_messages/package.zsh'
[2.176s] Level 1:colcon.colcon_core.environment:create_file_with_runtime_dependencies(/home/ribeiro/ros2_tutorial_workspace/install/python_package_that_uses_the_messages/share/colcon-core/packages/python_package_that_uses_the_messages)
[2.178s] Level 1:colcon.colcon_core.shell:create_environment_hook('python_package_that_uses_the_services', 'pythonpath_develop')
[2.178s] INFO:colcon.colcon_core.shell:Creating environment hook '/home/ribeiro/ros2_tutorial_workspace/build/python_package_that_uses_the_services/share/python_package_that_uses_the_services/hook/pythonpath_develop.ps1'
[2.179s] DEBUG:colcon.colcon_core.event_handler.log_command:Invoked command in '/home/ribeiro/ros2_tutorial_workspace/build/python_package_that_uses_the_services' returned '0': PYTHONPATH=/home/ribeiro/ros2_tutorial_workspace/build/python_package_that_uses_the_services/prefix_override:/usr/lib/python3/dist-packages/colcon_core/task/python/colcon_distutils_commands:/home/ribeiro/ros2_tutorial_workspace/install/python_package_that_uses_the_services/lib/python3.10/site-packages:${PYTHONPATH} /usr/bin/python3 -W ignore:setup.py install is deprecated -W ignore:easy_install command is deprecated setup.py develop --editable --build-directory /home/ribeiro/ros2_tutorial_workspace/build/python_package_that_uses_the_services/build --no-deps symlink_data
[2.180s] INFO:colcon.colcon_core.shell:Creating environment descriptor '/home/ribeiro/ros2_tutorial_workspace/build/python_package_that_uses_the_services/share/python_package_that_uses_the_services/hook/pythonpath_develop.dsv'
[2.180s] INFO:colcon.colcon_core.shell:Creating environment hook '/home/ribeiro/ros2_tutorial_workspace/build/python_package_that_uses_the_services/share/python_package_that_uses_the_services/hook/pythonpath_develop.sh'
[2.181s] Level 1:colcon.colcon_core.environment:checking '/home/ribeiro/ros2_tutorial_workspace/install/python_package_that_uses_the_services' for CMake module files
[2.182s] Level 1:colcon.colcon_core.environment:checking '/home/ribeiro/ros2_tutorial_workspace/install/python_package_that_uses_the_services' for CMake config files
[2.182s] Level 1:colcon.colcon_core.environment:checking '/home/ribeiro/ros2_tutorial_workspace/install/python_package_that_uses_the_services/lib'
[2.182s] Level 1:colcon.colcon_core.environment:checking '/home/ribeiro/ros2_tutorial_workspace/install/python_package_that_uses_the_services/bin'
[2.182s] Level 1:colcon.colcon_core.environment:checking '/home/ribeiro/ros2_tutorial_workspace/install/python_package_that_uses_the_services/lib/pkgconfig/python_package_that_uses_the_services.pc'
[2.183s] Level 1:colcon.colcon_core.environment:checking '/home/ribeiro/ros2_tutorial_workspace/install/python_package_that_uses_the_services/lib/python3.10/site-packages'
[2.183s] Level 1:colcon.colcon_core.shell:create_environment_hook('python_package_that_uses_the_services', 'pythonpath')
[2.183s] INFO:colcon.colcon_core.shell:Creating environment hook '/home/ribeiro/ros2_tutorial_workspace/install/python_package_that_uses_the_services/share/python_package_that_uses_the_services/hook/pythonpath.ps1'
[2.184s] INFO:colcon.colcon_core.shell:Creating environment descriptor '/home/ribeiro/ros2_tutorial_workspace/install/python_package_that_uses_the_services/share/python_package_that_uses_the_services/hook/pythonpath.dsv'
[2.185s] INFO:colcon.colcon_core.shell:Creating environment hook '/home/ribeiro/ros2_tutorial_workspace/install/python_package_that_uses_the_services/share/python_package_that_uses_the_services/hook/pythonpath.sh'
[2.186s] Level 1:colcon.colcon_core.environment:checking '/home/ribeiro/ros2_tutorial_workspace/install/python_package_that_uses_the_services/bin'
[2.186s] Level 1:colcon.colcon_core.environment:create_environment_scripts_only(python_package_that_uses_the_services)
[2.186s] INFO:colcon.colcon_core.shell:Creating package script '/home/ribeiro/ros2_tutorial_workspace/install/python_package_that_uses_the_services/share/python_package_that_uses_the_services/package.ps1'
[2.187s] INFO:colcon.colcon_core.shell:Creating package descriptor '/home/ribeiro/ros2_tutorial_workspace/install/python_package_that_uses_the_services/share/python_package_that_uses_the_services/package.dsv'
[2.188s] INFO:colcon.colcon_core.shell:Creating package script '/home/ribeiro/ros2_tutorial_workspace/install/python_package_that_uses_the_services/share/python_package_that_uses_the_services/package.sh'
[2.188s] INFO:colcon.colcon_core.shell:Creating package script '/home/ribeiro/ros2_tutorial_workspace/install/python_package_that_uses_the_services/share/python_package_that_uses_the_services/package.bash'
[2.189s] INFO:colcon.colcon_core.shell:Creating package script '/home/ribeiro/ros2_tutorial_workspace/install/python_package_that_uses_the_services/share/python_package_that_uses_the_services/package.zsh'
[2.189s] Level 1:colcon.colcon_core.environment:create_file_with_runtime_dependencies(/home/ribeiro/ros2_tutorial_workspace/install/python_package_that_uses_the_services/share/colcon-core/packages/python_package_that_uses_the_services)
[2.495s] DEBUG:colcon.colcon_core.task.python.build:Available setuptools commands: setopt, build_ext, bdist_rpm, init_catalog, register, install, develop, check, build, test, saveopts, build_scripts, upload, install_lib, egg_info, install_scripts, build_clib, bdist_egg, update_catalog, rotate, bdist_dumb, clean, dist_info, upload_docs, install_egg_info, sdist, compile_catalog, easy_install, build_py, alias, extract_messages, symlink_data, bdist, install_data, install_headers
[2.664s] DEBUG:colcon.colcon_core.task.python.build:Available setuptools 'develop' options: --build-directory, --local-snapshots-ok, --no-deps, --help, --quiet, --install-layout, --no-find-links, --force-installation-into-system-dir, --version, --find-links, --allow-hosts, --editable, --always-copy, --record, --no-user-cfg, --multi-version, --always-unzip, --egg-path, --verbose, --exclude-scripts, --dry-run, --zip-ok, --optimize, --uninstall, --user, --site-dirs, --prefix, --script-dir, --index-url, --install-dir, --upgrade
[2.665s] DEBUG:colcon.colcon_core.event_handler.log_command:Invoking command in '/home/ribeiro/ros2_tutorial_workspace/build/python_package_that_uses_the_library': AMENT_PREFIX_PATH=/home/ribeiro/ros2_tutorial_workspace/install/python_package_with_a_library:/home/ribeiro/ros2_tutorial_workspace/install/python_package_that_uses_the_library:/home/ribeiro/ros2_tutorial_workspace/install/python_package_that_uses_the_services:/home/ribeiro/ros2_tutorial_workspace/install/python_package_that_uses_the_messages:/home/ribeiro/ros2_tutorial_workspace/install/python_package_that_uses_parameters_and_launch_files:/home/ribeiro/ros2_tutorial_workspace/install/package_with_interfaces:/home/ribeiro/ros2_tutorial_workspace/install/cpp_package_with_a_node:/home/ribeiro/ros2_tutorial_workspace/install/articubot_one:/opt/ros/humble PYTHONPATH=/home/ribeiro/ros2_tutorial_workspace/build/python_package_that_uses_the_library/prefix_override:/usr/lib/python3/dist-packages/colcon_core/task/python/colcon_distutils_commands:/home/ribeiro/ros2_tutorial_workspace/install/python_package_that_uses_the_library/lib/python3.10/site-packages:/home/ribeiro/ros2_tutorial_workspace/build/python_package_with_a_library:/home/ribeiro/ros2_tutorial_workspace/install/python_package_with_a_library/lib/python3.10/site-packages:/home/ribeiro/ros2_tutorial_workspace/build/python_package_that_uses_the_library:/home/ribeiro/ros2_tutorial_workspace/install/python_package_that_uses_the_library/lib/python3.10/site-packages:/home/ribeiro/ros2_tutorial_workspace/build/python_package_that_uses_the_services:/home/ribeiro/ros2_tutorial_workspace/install/python_package_that_uses_the_services/lib/python3.10/site-packages:/home/ribeiro/ros2_tutorial_workspace/build/python_package_that_uses_the_messages:/home/ribeiro/ros2_tutorial_workspace/install/python_package_that_uses_the_messages/lib/python3.10/site-packages:/home/ribeiro/ros2_tutorial_workspace/build/python_package_that_uses_parameters_and_launch_files:/home/ribeiro/ros2_tutorial_workspace/install/python_package_that_uses_parameters_and_launch_files/lib/python3.10/site-packages:/home/ribeiro/ros2_tutorial_workspace/install/package_with_interfaces/local/lib/python3.10/dist-packages:/opt/ros/humble/lib/python3.10/site-packages:/opt/ros/humble/local/lib/python3.10/dist-packages /usr/bin/python3 -W ignore:setup.py install is deprecated -W ignore:easy_install command is deprecated setup.py develop --editable --build-directory /home/ribeiro/ros2_tutorial_workspace/build/python_package_that_uses_the_library/build --no-deps symlink_data
[2.931s] Level 1:colcon.colcon_core.shell:create_environment_hook('python_package_that_uses_the_library', 'pythonpath_develop')
[2.932s] INFO:colcon.colcon_core.shell:Creating environment hook '/home/ribeiro/ros2_tutorial_workspace/build/python_package_that_uses_the_library/share/python_package_that_uses_the_library/hook/pythonpath_develop.ps1'
[2.932s] DEBUG:colcon.colcon_core.event_handler.log_command:Invoked command in '/home/ribeiro/ros2_tutorial_workspace/build/python_package_that_uses_the_library' returned '0': AMENT_PREFIX_PATH=/home/ribeiro/ros2_tutorial_workspace/install/python_package_with_a_library:/home/ribeiro/ros2_tutorial_workspace/install/python_package_that_uses_the_library:/home/ribeiro/ros2_tutorial_workspace/install/python_package_that_uses_the_services:/home/ribeiro/ros2_tutorial_workspace/install/python_package_that_uses_the_messages:/home/ribeiro/ros2_tutorial_workspace/install/python_package_that_uses_parameters_and_launch_files:/home/ribeiro/ros2_tutorial_workspace/install/package_with_interfaces:/home/ribeiro/ros2_tutorial_workspace/install/cpp_package_with_a_node:/home/ribeiro/ros2_tutorial_workspace/install/articubot_one:/opt/ros/humble PYTHONPATH=/home/ribeiro/ros2_tutorial_workspace/build/python_package_that_uses_the_library/prefix_override:/usr/lib/python3/dist-packages/colcon_core/task/python/colcon_distutils_commands:/home/ribeiro/ros2_tutorial_workspace/install/python_package_that_uses_the_library/lib/python3.10/site-packages:/home/ribeiro/ros2_tutorial_workspace/build/python_package_with_a_library:/home/ribeiro/ros2_tutorial_workspace/install/python_package_with_a_library/lib/python3.10/site-packages:/home/ribeiro/ros2_tutorial_workspace/build/python_package_that_uses_the_library:/home/ribeiro/ros2_tutorial_workspace/install/python_package_that_uses_the_library/lib/python3.10/site-packages:/home/ribeiro/ros2_tutorial_workspace/build/python_package_that_uses_the_services:/home/ribeiro/ros2_tutorial_workspace/install/python_package_that_uses_the_services/lib/python3.10/site-packages:/home/ribeiro/ros2_tutorial_workspace/build/python_package_that_uses_the_messages:/home/ribeiro/ros2_tutorial_workspace/install/python_package_that_uses_the_messages/lib/python3.10/site-packages:/home/ribeiro/ros2_tutorial_workspace/build/python_package_that_uses_parameters_and_launch_files:/home/ribeiro/ros2_tutorial_workspace/install/python_package_that_uses_parameters_and_launch_files/lib/python3.10/site-packages:/home/ribeiro/ros2_tutorial_workspace/install/package_with_interfaces/local/lib/python3.10/dist-packages:/opt/ros/humble/lib/python3.10/site-packages:/opt/ros/humble/local/lib/python3.10/dist-packages /usr/bin/python3 -W ignore:setup.py install is deprecated -W ignore:easy_install command is deprecated setup.py develop --editable --build-directory /home/ribeiro/ros2_tutorial_workspace/build/python_package_that_uses_the_library/build --no-deps symlink_data
[2.932s] INFO:colcon.colcon_core.shell:Creating environment descriptor '/home/ribeiro/ros2_tutorial_workspace/build/python_package_that_uses_the_library/share/python_package_that_uses_the_library/hook/pythonpath_develop.dsv'
[2.933s] INFO:colcon.colcon_core.shell:Creating environment hook '/home/ribeiro/ros2_tutorial_workspace/build/python_package_that_uses_the_library/share/python_package_that_uses_the_library/hook/pythonpath_develop.sh'
[2.933s] Level 1:colcon.colcon_core.environment:checking '/home/ribeiro/ros2_tutorial_workspace/install/python_package_that_uses_the_library' for CMake module files
[2.933s] Level 1:colcon.colcon_core.environment:checking '/home/ribeiro/ros2_tutorial_workspace/install/python_package_that_uses_the_library' for CMake config files
[2.934s] Level 1:colcon.colcon_core.environment:checking '/home/ribeiro/ros2_tutorial_workspace/install/python_package_that_uses_the_library/lib'
[2.934s] Level 1:colcon.colcon_core.environment:checking '/home/ribeiro/ros2_tutorial_workspace/install/python_package_that_uses_the_library/bin'
[2.934s] Level 1:colcon.colcon_core.environment:checking '/home/ribeiro/ros2_tutorial_workspace/install/python_package_that_uses_the_library/lib/pkgconfig/python_package_that_uses_the_library.pc'
[2.934s] Level 1:colcon.colcon_core.environment:checking '/home/ribeiro/ros2_tutorial_workspace/install/python_package_that_uses_the_library/lib/python3.10/site-packages'
[2.934s] Level 1:colcon.colcon_core.shell:create_environment_hook('python_package_that_uses_the_library', 'pythonpath')
[2.934s] INFO:colcon.colcon_core.shell:Creating environment hook '/home/ribeiro/ros2_tutorial_workspace/install/python_package_that_uses_the_library/share/python_package_that_uses_the_library/hook/pythonpath.ps1'
[2.934s] INFO:colcon.colcon_core.shell:Creating environment descriptor '/home/ribeiro/ros2_tutorial_workspace/install/python_package_that_uses_the_library/share/python_package_that_uses_the_library/hook/pythonpath.dsv'
[2.935s] INFO:colcon.colcon_core.shell:Creating environment hook '/home/ribeiro/ros2_tutorial_workspace/install/python_package_that_uses_the_library/share/python_package_that_uses_the_library/hook/pythonpath.sh'
[2.935s] Level 1:colcon.colcon_core.environment:checking '/home/ribeiro/ros2_tutorial_workspace/install/python_package_that_uses_the_library/bin'
[2.935s] Level 1:colcon.colcon_core.environment:create_environment_scripts_only(python_package_that_uses_the_library)
[2.936s] INFO:colcon.colcon_core.shell:Creating package script '/home/ribeiro/ros2_tutorial_workspace/install/python_package_that_uses_the_library/share/python_package_that_uses_the_library/package.ps1'
[2.936s] INFO:colcon.colcon_core.shell:Creating package descriptor '/home/ribeiro/ros2_tutorial_workspace/install/python_package_that_uses_the_library/share/python_package_that_uses_the_library/package.dsv'
[2.936s] INFO:colcon.colcon_core.shell:Creating package script '/home/ribeiro/ros2_tutorial_workspace/install/python_package_that_uses_the_library/share/python_package_that_uses_the_library/package.sh'
[2.937s] INFO:colcon.colcon_core.shell:Creating package script '/home/ribeiro/ros2_tutorial_workspace/install/python_package_that_uses_the_library/share/python_package_that_uses_the_library/package.bash'
[2.937s] INFO:colcon.colcon_core.shell:Creating package script '/home/ribeiro/ros2_tutorial_workspace/install/python_package_that_uses_the_library/share/python_package_that_uses_the_library/package.zsh'
[2.937s] Level 1:colcon.colcon_core.environment:create_file_with_runtime_dependencies(/home/ribeiro/ros2_tutorial_workspace/install/python_package_that_uses_the_library/share/colcon-core/packages/python_package_that_uses_the_library)
[2.937s] DEBUG:colcon.colcon_parallel_executor.executor.parallel:closing loop
[2.938s] DEBUG:colcon.colcon_parallel_executor.executor.parallel:loop closed
[2.938s] DEBUG:colcon.colcon_parallel_executor.executor.parallel:run_until_complete finished with '0'
[2.938s] DEBUG:colcon.colcon_core.event_reactor:joining thread
[2.969s] INFO:colcon.colcon_core.plugin_system:Skipping extension 'colcon_notification.desktop_notification.notify_send': Could not find 'notify-send'
[2.969s] INFO:colcon.colcon_core.plugin_system:Skipping extension 'colcon_notification.desktop_notification.terminal_notifier': Not used on non-Darwin systems
[2.969s] INFO:colcon.colcon_core.plugin_system:Skipping extension 'colcon_notification.desktop_notification.win32': Not used on non-Windows systems
[2.969s] INFO:colcon.colcon_notification.desktop_notification:Sending desktop notification using 'notify2'
[2.969s] DEBUG:colcon.colcon_notification.desktop_notification.notify2:Failed to initialize notify2: org.freedesktop.DBus.Error.FileNotFound: Failed to connect to socket /run/user/1000/bus: No such file or directory
[2.969s] DEBUG:colcon.colcon_core.event_reactor:joined thread
[2.970s] INFO:colcon.colcon_core.shell:Creating prefix script '/home/ribeiro/ros2_tutorial_workspace/install/local_setup.ps1'
[2.970s] INFO:colcon.colcon_core.shell:Creating prefix util module '/home/ribeiro/ros2_tutorial_workspace/install/_local_setup_util_ps1.py'
[2.971s] INFO:colcon.colcon_core.shell:Creating prefix chain script '/home/ribeiro/ros2_tutorial_workspace/install/setup.ps1'
[2.972s] INFO:colcon.colcon_core.shell:Creating prefix script '/home/ribeiro/ros2_tutorial_workspace/install/local_setup.sh'
[2.972s] INFO:colcon.colcon_core.shell:Creating prefix util module '/home/ribeiro/ros2_tutorial_workspace/install/_local_setup_util_sh.py'
[2.973s] INFO:colcon.colcon_core.shell:Creating prefix chain script '/home/ribeiro/ros2_tutorial_workspace/install/setup.sh'
[2.973s] INFO:colcon.colcon_core.shell:Creating prefix script '/home/ribeiro/ros2_tutorial_workspace/install/local_setup.bash'
[2.974s] INFO:colcon.colcon_core.shell:Creating prefix chain script '/home/ribeiro/ros2_tutorial_workspace/install/setup.bash'
[2.974s] INFO:colcon.colcon_core.shell:Creating prefix script '/home/ribeiro/ros2_tutorial_workspace/install/local_setup.zsh'
[2.975s] INFO:colcon.colcon_core.shell:Creating prefix chain script '/home/ribeiro/ros2_tutorial_workspace/install/setup.zsh'
