[0.325s] DEBUG:colcon:Command line arguments: ['/usr/bin/colcon', 'build']
[0.325s] DEBUG:colcon:Parsed command line arguments: Namespace(log_base=None, log_level=None, verb_name='build', build_base='build', install_base='install', merge_install=False, symlink_install=False, test_result_base=None, continue_on_error=False, executor='parallel', parallel_workers=12, event_handlers=None, ignore_user_meta=False, metas=['./colcon.meta'], base_paths=['.'], packages_ignore=None, packages_ignore_regex=None, paths=None, packages_up_to=None, packages_up_to_regex=None, packages_above=None, packages_above_and_dependencies=None, packages_above_depth=None, packages_select_by_dep=None, packages_skip_by_dep=None, packages_skip_up_to=None, packages_select_build_failed=False, packages_skip_build_finished=False, packages_select_test_failures=False, packages_skip_test_passed=False, packages_select=None, packages_skip=None, packages_select_regex=None, packages_skip_regex=None, packages_start=None, packages_end=None, allow_overriding=[], cmake_args=None, cmake_target=None, cmake_target_skip_unavailable=False, cmake_clean_cache=False, cmake_clean_first=False, cmake_force_configure=False, ament_cmake_args=None, catkin_cmake_args=None, catkin_skip_building_tests=False, mixin_files=None, mixin=None, verb_parser=<colcon_mixin.mixin.mixin_argument.MixinArgumentDecorator object at 0x76a62c274130>, verb_extension=<colcon_core.verb.build.BuildVerb object at 0x76a62c247c40>, main=<bound method BuildVerb.main of <colcon_core.verb.build.BuildVerb object at 0x76a62c247c40>>, mixin_verb=('build',))
[0.514s] Level 1:colcon.colcon_core.package_discovery:discover_packages(colcon_meta) check parameters
[0.514s] Level 1:colcon.colcon_core.package_discovery:discover_packages(recursive) check parameters
[0.514s] Level 1:colcon.colcon_core.package_discovery:discover_packages(ignore) check parameters
[0.514s] Level 1:colcon.colcon_core.package_discovery:discover_packages(path) check parameters
[0.514s] Level 1:colcon.colcon_core.package_discovery:discover_packages(colcon_meta) discover
[0.514s] Level 1:colcon.colcon_core.package_discovery:discover_packages(recursive) discover
[0.514s] INFO:colcon.colcon_core.package_discovery:Crawling recursively for packages in '/home/ribeiro/ros2_tutorial_workspace'
[0.515s] Level 1:colcon.colcon_core.package_identification:_identify(.) by extensions ['ignore', 'ignore_ament_install']
[0.515s] Level 1:colcon.colcon_core.package_identification:_identify(.) by extension 'ignore'
[0.515s] Level 1:colcon.colcon_core.package_identification:_identify(.) by extension 'ignore_ament_install'
[0.515s] Level 1:colcon.colcon_core.package_identification:_identify(.) by extensions ['colcon_pkg']
[0.515s] Level 1:colcon.colcon_core.package_identification:_identify(.) by extension 'colcon_pkg'
[0.515s] Level 1:colcon.colcon_core.package_identification:_identify(.) by extensions ['colcon_meta']
[0.515s] Level 1:colcon.colcon_core.package_identification:_identify(.) by extension 'colcon_meta'
[0.515s] Level 1:colcon.colcon_core.package_identification:_identify(.) by extensions ['ros']
[0.515s] Level 1:colcon.colcon_core.package_identification:_identify(.) by extension 'ros'
[0.526s] Level 1:colcon.colcon_core.package_identification:_identify(.) by extensions ['cmake', 'python']
[0.527s] Level 1:colcon.colcon_core.package_identification:_identify(.) by extension 'cmake'
[0.527s] Level 1:colcon.colcon_core.package_identification:_identify(.) by extension 'python'
[0.527s] Level 1:colcon.colcon_core.package_identification:_identify(.) by extensions ['python_setup_py']
[0.527s] Level 1:colcon.colcon_core.package_identification:_identify(.) by extension 'python_setup_py'
[0.527s] Level 1:colcon.colcon_core.package_identification:_identify(build) by extensions ['ignore', 'ignore_ament_install']
[0.527s] Level 1:colcon.colcon_core.package_identification:_identify(build) by extension 'ignore'
[0.527s] Level 1:colcon.colcon_core.package_identification:_identify(build) ignored
[0.527s] Level 1:colcon.colcon_core.package_identification:_identify(install) by extensions ['ignore', 'ignore_ament_install']
[0.527s] Level 1:colcon.colcon_core.package_identification:_identify(install) by extension 'ignore'
[0.527s] Level 1:colcon.colcon_core.package_identification:_identify(install) ignored
[0.527s] Level 1:colcon.colcon_core.package_identification:_identify(log) by extensions ['ignore', 'ignore_ament_install']
[0.527s] Level 1:colcon.colcon_core.package_identification:_identify(log) by extension 'ignore'
[0.527s] Level 1:colcon.colcon_core.package_identification:_identify(log) ignored
[0.528s] Level 1:colcon.colcon_core.package_identification:_identify(src) by extensions ['ignore', 'ignore_ament_install']
[0.528s] Level 1:colcon.colcon_core.package_identification:_identify(src) by extension 'ignore'
[0.528s] Level 1:colcon.colcon_core.package_identification:_identify(src) by extension 'ignore_ament_install'
[0.528s] Level 1:colcon.colcon_core.package_identification:_identify(src) by extensions ['colcon_pkg']
[0.528s] Level 1:colcon.colcon_core.package_identification:_identify(src) by extension 'colcon_pkg'
[0.528s] Level 1:colcon.colcon_core.package_identification:_identify(src) by extensions ['colcon_meta']
[0.528s] Level 1:colcon.colcon_core.package_identification:_identify(src) by extension 'colcon_meta'
[0.528s] Level 1:colcon.colcon_core.package_identification:_identify(src) by extensions ['ros']
[0.528s] Level 1:colcon.colcon_core.package_identification:_identify(src) by extension 'ros'
[0.528s] Level 1:colcon.colcon_core.package_identification:_identify(src) by extensions ['cmake', 'python']
[0.528s] Level 1:colcon.colcon_core.package_identification:_identify(src) by extension 'cmake'
[0.528s] Level 1:colcon.colcon_core.package_identification:_identify(src) by extension 'python'
[0.528s] Level 1:colcon.colcon_core.package_identification:_identify(src) by extensions ['python_setup_py']
[0.528s] Level 1:colcon.colcon_core.package_identification:_identify(src) by extension 'python_setup_py'
[0.528s] Level 1:colcon.colcon_core.package_identification:_identify(src/articubot_one) by extensions ['ignore', 'ignore_ament_install']
[0.528s] Level 1:colcon.colcon_core.package_identification:_identify(src/articubot_one) by extension 'ignore'
[0.528s] Level 1:colcon.colcon_core.package_identification:_identify(src/articubot_one) by extension 'ignore_ament_install'
[0.528s] Level 1:colcon.colcon_core.package_identification:_identify(src/articubot_one) by extensions ['colcon_pkg']
[0.528s] Level 1:colcon.colcon_core.package_identification:_identify(src/articubot_one) by extension 'colcon_pkg'
[0.529s] Level 1:colcon.colcon_core.package_identification:_identify(src/articubot_one) by extensions ['colcon_meta']
[0.529s] Level 1:colcon.colcon_core.package_identification:_identify(src/articubot_one) by extension 'colcon_meta'
[0.529s] Level 1:colcon.colcon_core.package_identification:_identify(src/articubot_one) by extensions ['ros']
[0.529s] Level 1:colcon.colcon_core.package_identification:_identify(src/articubot_one) by extension 'ros'
[0.532s] DEBUG:colcon.colcon_core.package_identification:Package 'src/articubot_one' with type 'ros.ament_cmake' and name 'articubot_one'
[0.532s] Level 1:colcon.colcon_core.package_identification:_identify(src/cpp_package_with_a_node) by extensions ['ignore', 'ignore_ament_install']
[0.532s] Level 1:colcon.colcon_core.package_identification:_identify(src/cpp_package_with_a_node) by extension 'ignore'
[0.532s] Level 1:colcon.colcon_core.package_identification:_identify(src/cpp_package_with_a_node) by extension 'ignore_ament_install'
[0.532s] Level 1:colcon.colcon_core.package_identification:_identify(src/cpp_package_with_a_node) by extensions ['colcon_pkg']
[0.532s] Level 1:colcon.colcon_core.package_identification:_identify(src/cpp_package_with_a_node) by extension 'colcon_pkg'
[0.533s] Level 1:colcon.colcon_core.package_identification:_identify(src/cpp_package_with_a_node) by extensions ['colcon_meta']
[0.533s] Level 1:colcon.colcon_core.package_identification:_identify(src/cpp_package_with_a_node) by extension 'colcon_meta'
[0.533s] Level 1:colcon.colcon_core.package_identification:_identify(src/cpp_package_with_a_node) by extensions ['ros']
[0.533s] Level 1:colcon.colcon_core.package_identification:_identify(src/cpp_package_with_a_node) by extension 'ros'
[0.534s] DEBUG:colcon.colcon_core.package_identification:Package 'src/cpp_package_with_a_node' with type 'ros.ament_cmake' and name 'cpp_package_with_a_node'
[0.534s] Level 1:colcon.colcon_core.package_identification:_identify(src/package_with_interfaces) by extensions ['ignore', 'ignore_ament_install']
[0.534s] Level 1:colcon.colcon_core.package_identification:_identify(src/package_with_interfaces) by extension 'ignore'
[0.534s] Level 1:colcon.colcon_core.package_identification:_identify(src/package_with_interfaces) by extension 'ignore_ament_install'
[0.535s] Level 1:colcon.colcon_core.package_identification:_identify(src/package_with_interfaces) by extensions ['colcon_pkg']
[0.535s] Level 1:colcon.colcon_core.package_identification:_identify(src/package_with_interfaces) by extension 'colcon_pkg'
[0.535s] Level 1:colcon.colcon_core.package_identification:_identify(src/package_with_interfaces) by extensions ['colcon_meta']
[0.535s] Level 1:colcon.colcon_core.package_identification:_identify(src/package_with_interfaces) by extension 'colcon_meta'
[0.536s] Level 1:colcon.colcon_core.package_identification:_identify(src/package_with_interfaces) by extensions ['ros']
[0.536s] Level 1:colcon.colcon_core.package_identification:_identify(src/package_with_interfaces) by extension 'ros'
[0.538s] DEBUG:colcon.colcon_core.package_identification:Package 'src/package_with_interfaces' with type 'ros.ament_cmake' and name 'package_with_interfaces'
[0.539s] Level 1:colcon.colcon_core.package_identification:_identify(src/python_package_that_uses_parameters_and_launch_files) by extensions ['ignore', 'ignore_ament_install']
[0.539s] Level 1:colcon.colcon_core.package_identification:_identify(src/python_package_that_uses_parameters_and_launch_files) by extension 'ignore'
[0.539s] Level 1:colcon.colcon_core.package_identification:_identify(src/python_package_that_uses_parameters_and_launch_files) by extension 'ignore_ament_install'
[0.539s] Level 1:colcon.colcon_core.package_identification:_identify(src/python_package_that_uses_parameters_and_launch_files) by extensions ['colcon_pkg']
[0.539s] Level 1:colcon.colcon_core.package_identification:_identify(src/python_package_that_uses_parameters_and_launch_files) by extension 'colcon_pkg'
[0.539s] Level 1:colcon.colcon_core.package_identification:_identify(src/python_package_that_uses_parameters_and_launch_files) by extensions ['colcon_meta']
[0.539s] Level 1:colcon.colcon_core.package_identification:_identify(src/python_package_that_uses_parameters_and_launch_files) by extension 'colcon_meta'
[0.539s] Level 1:colcon.colcon_core.package_identification:_identify(src/python_package_that_uses_parameters_and_launch_files) by extensions ['ros']
[0.539s] Level 1:colcon.colcon_core.package_identification:_identify(src/python_package_that_uses_parameters_and_launch_files) by extension 'ros'
[0.540s] DEBUG:colcon.colcon_core.package_identification:Package 'src/python_package_that_uses_parameters_and_launch_files' with type 'ros.ament_python' and name 'python_package_that_uses_parameters_and_launch_files'
[0.540s] Level 1:colcon.colcon_core.package_identification:_identify(src/python_package_that_uses_the_library) by extensions ['ignore', 'ignore_ament_install']
[0.541s] Level 1:colcon.colcon_core.package_identification:_identify(src/python_package_that_uses_the_library) by extension 'ignore'
[0.541s] Level 1:colcon.colcon_core.package_identification:_identify(src/python_package_that_uses_the_library) by extension 'ignore_ament_install'
[0.541s] Level 1:colcon.colcon_core.package_identification:_identify(src/python_package_that_uses_the_library) by extensions ['colcon_pkg']
[0.541s] Level 1:colcon.colcon_core.package_identification:_identify(src/python_package_that_uses_the_library) by extension 'colcon_pkg'
[0.541s] Level 1:colcon.colcon_core.package_identification:_identify(src/python_package_that_uses_the_library) by extensions ['colcon_meta']
[0.541s] Level 1:colcon.colcon_core.package_identification:_identify(src/python_package_that_uses_the_library) by extension 'colcon_meta'
[0.541s] Level 1:colcon.colcon_core.package_identification:_identify(src/python_package_that_uses_the_library) by extensions ['ros']
[0.541s] Level 1:colcon.colcon_core.package_identification:_identify(src/python_package_that_uses_the_library) by extension 'ros'
[0.542s] DEBUG:colcon.colcon_core.package_identification:Package 'src/python_package_that_uses_the_library' with type 'ros.ament_python' and name 'python_package_that_uses_the_library'
[0.542s] Level 1:colcon.colcon_core.package_identification:_identify(src/python_package_that_uses_the_messages) by extensions ['ignore', 'ignore_ament_install']
[0.542s] Level 1:colcon.colcon_core.package_identification:_identify(src/python_package_that_uses_the_messages) by extension 'ignore'
[0.542s] Level 1:colcon.colcon_core.package_identification:_identify(src/python_package_that_uses_the_messages) by extension 'ignore_ament_install'
[0.542s] Level 1:colcon.colcon_core.package_identification:_identify(src/python_package_that_uses_the_messages) by extensions ['colcon_pkg']
[0.542s] Level 1:colcon.colcon_core.package_identification:_identify(src/python_package_that_uses_the_messages) by extension 'colcon_pkg'
[0.542s] Level 1:colcon.colcon_core.package_identification:_identify(src/python_package_that_uses_the_messages) by extensions ['colcon_meta']
[0.542s] Level 1:colcon.colcon_core.package_identification:_identify(src/python_package_that_uses_the_messages) by extension 'colcon_meta'
[0.542s] Level 1:colcon.colcon_core.package_identification:_identify(src/python_package_that_uses_the_messages) by extensions ['ros']
[0.542s] Level 1:colcon.colcon_core.package_identification:_identify(src/python_package_that_uses_the_messages) by extension 'ros'
[0.543s] DEBUG:colcon.colcon_core.package_identification:Package 'src/python_package_that_uses_the_messages' with type 'ros.ament_python' and name 'python_package_that_uses_the_messages'
[0.543s] Level 1:colcon.colcon_core.package_identification:_identify(src/python_package_that_uses_the_services) by extensions ['ignore', 'ignore_ament_install']
[0.543s] Level 1:colcon.colcon_core.package_identification:_identify(src/python_package_that_uses_the_services) by extension 'ignore'
[0.543s] Level 1:colcon.colcon_core.package_identification:_identify(src/python_package_that_uses_the_services) by extension 'ignore_ament_install'
[0.543s] Level 1:colcon.colcon_core.package_identification:_identify(src/python_package_that_uses_the_services) by extensions ['colcon_pkg']
[0.543s] Level 1:colcon.colcon_core.package_identification:_identify(src/python_package_that_uses_the_services) by extension 'colcon_pkg'
[0.543s] Level 1:colcon.colcon_core.package_identification:_identify(src/python_package_that_uses_the_services) by extensions ['colcon_meta']
[0.543s] Level 1:colcon.colcon_core.package_identification:_identify(src/python_package_that_uses_the_services) by extension 'colcon_meta'
[0.543s] Level 1:colcon.colcon_core.package_identification:_identify(src/python_package_that_uses_the_services) by extensions ['ros']
[0.543s] Level 1:colcon.colcon_core.package_identification:_identify(src/python_package_that_uses_the_services) by extension 'ros'
[0.544s] DEBUG:colcon.colcon_core.package_identification:Package 'src/python_package_that_uses_the_services' with type 'ros.ament_python' and name 'python_package_that_uses_the_services'
[0.544s] Level 1:colcon.colcon_core.package_identification:_identify(src/python_package_with_a_library) by extensions ['ignore', 'ignore_ament_install']
[0.544s] Level 1:colcon.colcon_core.package_identification:_identify(src/python_package_with_a_library) by extension 'ignore'
[0.544s] Level 1:colcon.colcon_core.package_identification:_identify(src/python_package_with_a_library) by extension 'ignore_ament_install'
[0.544s] Level 1:colcon.colcon_core.package_identification:_identify(src/python_package_with_a_library) by extensions ['colcon_pkg']
[0.544s] Level 1:colcon.colcon_core.package_identification:_identify(src/python_package_with_a_library) by extension 'colcon_pkg'
[0.544s] Level 1:colcon.colcon_core.package_identification:_identify(src/python_package_with_a_library) by extensions ['colcon_meta']
[0.544s] Level 1:colcon.colcon_core.package_identification:_identify(src/python_package_with_a_library) by extension 'colcon_meta'
[0.544s] Level 1:colcon.colcon_core.package_identification:_identify(src/python_package_with_a_library) by extensions ['ros']
[0.544s] Level 1:colcon.colcon_core.package_identification:_identify(src/python_package_with_a_library) by extension 'ros'
[0.545s] DEBUG:colcon.colcon_core.package_identification:Package 'src/python_package_with_a_library' with type 'ros.ament_python' and name 'python_package_with_a_library'
[0.545s] Level 1:colcon.colcon_core.package_discovery:discover_packages(recursive) using defaults
[0.545s] Level 1:colcon.colcon_core.package_discovery:discover_packages(ignore) discover
[0.545s] Level 1:colcon.colcon_core.package_discovery:discover_packages(ignore) using defaults
[0.545s] Level 1:colcon.colcon_core.package_discovery:discover_packages(path) discover
[0.545s] Level 1:colcon.colcon_core.package_discovery:discover_packages(path) using defaults
[0.588s] Level 1:colcon.colcon_core.package_discovery:discover_packages(prefix_path) check parameters
[0.588s] Level 1:colcon.colcon_core.package_discovery:discover_packages(prefix_path) discover
[0.592s] DEBUG:colcon.colcon_installed_package_information.package_discovery:Found 8 installed packages in /home/ribeiro/ros2_tutorial_workspace/install
[0.595s] DEBUG:colcon.colcon_installed_package_information.package_discovery:Found 387 installed packages in /opt/ros/humble
[0.598s] Level 1:colcon.colcon_core.package_discovery:discover_packages(prefix_path) using defaults
[0.648s] Level 5:colcon.colcon_core.verb:set package 'articubot_one' build argument 'cmake_args' from command line to 'None'
[0.648s] Level 5:colcon.colcon_core.verb:set package 'articubot_one' build argument 'cmake_target' from command line to 'None'
[0.648s] Level 5:colcon.colcon_core.verb:set package 'articubot_one' build argument 'cmake_target_skip_unavailable' from command line to 'False'
[0.648s] Level 5:colcon.colcon_core.verb:set package 'articubot_one' build argument 'cmake_clean_cache' from command line to 'False'
[0.648s] Level 5:colcon.colcon_core.verb:set package 'articubot_one' build argument 'cmake_clean_first' from command line to 'False'
[0.648s] Level 5:colcon.colcon_core.verb:set package 'articubot_one' build argument 'cmake_force_configure' from command line to 'False'
[0.648s] Level 5:colcon.colcon_core.verb:set package 'articubot_one' build argument 'ament_cmake_args' from command line to 'None'
[0.648s] Level 5:colcon.colcon_core.verb:set package 'articubot_one' build argument 'catkin_cmake_args' from command line to 'None'
[0.648s] Level 5:colcon.colcon_core.verb:set package 'articubot_one' build argument 'catkin_skip_building_tests' from command line to 'False'
[0.648s] DEBUG:colcon.colcon_core.verb:Building package 'articubot_one' with the following arguments: {'ament_cmake_args': None, 'build_base': '/home/ribeiro/ros2_tutorial_workspace/build/articubot_one', 'catkin_cmake_args': None, 'catkin_skip_building_tests': False, 'cmake_args': None, 'cmake_clean_cache': False, 'cmake_clean_first': False, 'cmake_force_configure': False, 'cmake_target': None, 'cmake_target_skip_unavailable': False, 'install_base': '/home/ribeiro/ros2_tutorial_workspace/install/articubot_one', 'merge_install': False, 'path': '/home/ribeiro/ros2_tutorial_workspace/src/articubot_one', 'symlink_install': False, 'test_result_base': None}
[0.648s] Level 5:colcon.colcon_core.verb:set package 'cpp_package_with_a_node' build argument 'cmake_args' from command line to 'None'
[0.649s] Level 5:colcon.colcon_core.verb:set package 'cpp_package_with_a_node' build argument 'cmake_target' from command line to 'None'
[0.649s] Level 5:colcon.colcon_core.verb:set package 'cpp_package_with_a_node' build argument 'cmake_target_skip_unavailable' from command line to 'False'
[0.649s] Level 5:colcon.colcon_core.verb:set package 'cpp_package_with_a_node' build argument 'cmake_clean_cache' from command line to 'False'
[0.649s] Level 5:colcon.colcon_core.verb:set package 'cpp_package_with_a_node' build argument 'cmake_clean_first' from command line to 'False'
[0.649s] Level 5:colcon.colcon_core.verb:set package 'cpp_package_with_a_node' build argument 'cmake_force_configure' from command line to 'False'
[0.649s] Level 5:colcon.colcon_core.verb:set package 'cpp_package_with_a_node' build argument 'ament_cmake_args' from command line to 'None'
[0.649s] Level 5:colcon.colcon_core.verb:set package 'cpp_package_with_a_node' build argument 'catkin_cmake_args' from command line to 'None'
[0.649s] Level 5:colcon.colcon_core.verb:set package 'cpp_package_with_a_node' build argument 'catkin_skip_building_tests' from command line to 'False'
[0.649s] DEBUG:colcon.colcon_core.verb:Building package 'cpp_package_with_a_node' with the following arguments: {'ament_cmake_args': None, 'build_base': '/home/ribeiro/ros2_tutorial_workspace/build/cpp_package_with_a_node', 'catkin_cmake_args': None, 'catkin_skip_building_tests': False, 'cmake_args': None, 'cmake_clean_cache': False, 'cmake_clean_first': False, 'cmake_force_configure': False, 'cmake_target': None, 'cmake_target_skip_unavailable': False, 'install_base': '/home/ribeiro/ros2_tutorial_workspace/install/cpp_package_with_a_node', 'merge_install': False, 'path': '/home/ribeiro/ros2_tutorial_workspace/src/cpp_package_with_a_node', 'symlink_install': False, 'test_result_base': None}
[0.649s] Level 5:colcon.colcon_core.verb:set package 'package_with_interfaces' build argument 'cmake_args' from command line to 'None'
[0.649s] Level 5:colcon.colcon_core.verb:set package 'package_with_interfaces' build argument 'cmake_target' from command line to 'None'
[0.649s] Level 5:colcon.colcon_core.verb:set package 'package_with_interfaces' build argument 'cmake_target_skip_unavailable' from command line to 'False'
[0.649s] Level 5:colcon.colcon_core.verb:set package 'package_with_interfaces' build argument 'cmake_clean_cache' from command line to 'False'
[0.649s] Level 5:colcon.colcon_core.verb:set package 'package_with_interfaces' build argument 'cmake_clean_first' from command line to 'False'
[0.649s] Level 5:colcon.colcon_core.verb:set package 'package_with_interfaces' build argument 'cmake_force_configure' from command line to 'False'
[0.649s] Level 5:colcon.colcon_core.verb:set package 'package_with_interfaces' build argument 'ament_cmake_args' from command line to 'None'
[0.650s] Level 5:colcon.colcon_core.verb:set package 'package_with_interfaces' build argument 'catkin_cmake_args' from command line to 'None'
[0.650s] Level 5:colcon.colcon_core.verb:set package 'package_with_interfaces' build argument 'catkin_skip_building_tests' from command line to 'False'
[0.650s] DEBUG:colcon.colcon_core.verb:Building package 'package_with_interfaces' with the following arguments: {'ament_cmake_args': None, 'build_base': '/home/ribeiro/ros2_tutorial_workspace/build/package_with_interfaces', 'catkin_cmake_args': None, 'catkin_skip_building_tests': False, 'cmake_args': None, 'cmake_clean_cache': False, 'cmake_clean_first': False, 'cmake_force_configure': False, 'cmake_target': None, 'cmake_target_skip_unavailable': False, 'install_base': '/home/ribeiro/ros2_tutorial_workspace/install/package_with_interfaces', 'merge_install': False, 'path': '/home/ribeiro/ros2_tutorial_workspace/src/package_with_interfaces', 'symlink_install': False, 'test_result_base': None}
[0.650s] Level 5:colcon.colcon_core.verb:set package 'python_package_with_a_library' build argument 'cmake_args' from command line to 'None'
[0.650s] Level 5:colcon.colcon_core.verb:set package 'python_package_with_a_library' build argument 'cmake_target' from command line to 'None'
[0.650s] Level 5:colcon.colcon_core.verb:set package 'python_package_with_a_library' build argument 'cmake_target_skip_unavailable' from command line to 'False'
[0.650s] Level 5:colcon.colcon_core.verb:set package 'python_package_with_a_library' build argument 'cmake_clean_cache' from command line to 'False'
[0.650s] Level 5:colcon.colcon_core.verb:set package 'python_package_with_a_library' build argument 'cmake_clean_first' from command line to 'False'
[0.650s] Level 5:colcon.colcon_core.verb:set package 'python_package_with_a_library' build argument 'cmake_force_configure' from command line to 'False'
[0.650s] Level 5:colcon.colcon_core.verb:set package 'python_package_with_a_library' build argument 'ament_cmake_args' from command line to 'None'
[0.650s] Level 5:colcon.colcon_core.verb:set package 'python_package_with_a_library' build argument 'catkin_cmake_args' from command line to 'None'
[0.650s] Level 5:colcon.colcon_core.verb:set package 'python_package_with_a_library' build argument 'catkin_skip_building_tests' from command line to 'False'
[0.650s] DEBUG:colcon.colcon_core.verb:Building package 'python_package_with_a_library' with the following arguments: {'ament_cmake_args': None, 'build_base': '/home/ribeiro/ros2_tutorial_workspace/build/python_package_with_a_library', 'catkin_cmake_args': None, 'catkin_skip_building_tests': False, 'cmake_args': None, 'cmake_clean_cache': False, 'cmake_clean_first': False, 'cmake_force_configure': False, 'cmake_target': None, 'cmake_target_skip_unavailable': False, 'install_base': '/home/ribeiro/ros2_tutorial_workspace/install/python_package_with_a_library', 'merge_install': False, 'path': '/home/ribeiro/ros2_tutorial_workspace/src/python_package_with_a_library', 'symlink_install': False, 'test_result_base': None}
[0.650s] Level 5:colcon.colcon_core.verb:set package 'python_package_that_uses_parameters_and_launch_files' build argument 'cmake_args' from command line to 'None'
[0.650s] Level 5:colcon.colcon_core.verb:set package 'python_package_that_uses_parameters_and_launch_files' build argument 'cmake_target' from command line to 'None'
[0.650s] Level 5:colcon.colcon_core.verb:set package 'python_package_that_uses_parameters_and_launch_files' build argument 'cmake_target_skip_unavailable' from command line to 'False'
[0.650s] Level 5:colcon.colcon_core.verb:set package 'python_package_that_uses_parameters_and_launch_files' build argument 'cmake_clean_cache' from command line to 'False'
[0.650s] Level 5:colcon.colcon_core.verb:set package 'python_package_that_uses_parameters_and_launch_files' build argument 'cmake_clean_first' from command line to 'False'
[0.650s] Level 5:colcon.colcon_core.verb:set package 'python_package_that_uses_parameters_and_launch_files' build argument 'cmake_force_configure' from command line to 'False'
[0.650s] Level 5:colcon.colcon_core.verb:set package 'python_package_that_uses_parameters_and_launch_files' build argument 'ament_cmake_args' from command line to 'None'
[0.650s] Level 5:colcon.colcon_core.verb:set package 'python_package_that_uses_parameters_and_launch_files' build argument 'catkin_cmake_args' from command line to 'None'
[0.650s] Level 5:colcon.colcon_core.verb:set package 'python_package_that_uses_parameters_and_launch_files' build argument 'catkin_skip_building_tests' from command line to 'False'
[0.651s] DEBUG:colcon.colcon_core.verb:Building package 'python_package_that_uses_parameters_and_launch_files' with the following arguments: {'ament_cmake_args': None, 'build_base': '/home/ribeiro/ros2_tutorial_workspace/build/python_package_that_uses_parameters_and_launch_files', 'catkin_cmake_args': None, 'catkin_skip_building_tests': False, 'cmake_args': None, 'cmake_clean_cache': False, 'cmake_clean_first': False, 'cmake_force_configure': False, 'cmake_target': None, 'cmake_target_skip_unavailable': False, 'install_base': '/home/ribeiro/ros2_tutorial_workspace/install/python_package_that_uses_parameters_and_launch_files', 'merge_install': False, 'path': '/home/ribeiro/ros2_tutorial_workspace/src/python_package_that_uses_parameters_and_launch_files', 'symlink_install': False, 'test_result_base': None}
[0.651s] Level 5:colcon.colcon_core.verb:set package 'python_package_that_uses_the_library' build argument 'cmake_args' from command line to 'None'
[0.651s] Level 5:colcon.colcon_core.verb:set package 'python_package_that_uses_the_library' build argument 'cmake_target' from command line to 'None'
[0.651s] Level 5:colcon.colcon_core.verb:set package 'python_package_that_uses_the_library' build argument 'cmake_target_skip_unavailable' from command line to 'False'
[0.651s] Level 5:colcon.colcon_core.verb:set package 'python_package_that_uses_the_library' build argument 'cmake_clean_cache' from command line to 'False'
[0.651s] Level 5:colcon.colcon_core.verb:set package 'python_package_that_uses_the_library' build argument 'cmake_clean_first' from command line to 'False'
[0.651s] Level 5:colcon.colcon_core.verb:set package 'python_package_that_uses_the_library' build argument 'cmake_force_configure' from command line to 'False'
[0.651s] Level 5:colcon.colcon_core.verb:set package 'python_package_that_uses_the_library' build argument 'ament_cmake_args' from command line to 'None'
[0.651s] Level 5:colcon.colcon_core.verb:set package 'python_package_that_uses_the_library' build argument 'catkin_cmake_args' from command line to 'None'
[0.651s] Level 5:colcon.colcon_core.verb:set package 'python_package_that_uses_the_library' build argument 'catkin_skip_building_tests' from command line to 'False'
[0.651s] DEBUG:colcon.colcon_core.verb:Building package 'python_package_that_uses_the_library' with the following arguments: {'ament_cmake_args': None, 'build_base': '/home/ribeiro/ros2_tutorial_workspace/build/python_package_that_uses_the_library', 'catkin_cmake_args': None, 'catkin_skip_building_tests': False, 'cmake_args': None, 'cmake_clean_cache': False, 'cmake_clean_first': False, 'cmake_force_configure': False, 'cmake_target': None, 'cmake_target_skip_unavailable': False, 'install_base': '/home/ribeiro/ros2_tutorial_workspace/install/python_package_that_uses_the_library', 'merge_install': False, 'path': '/home/ribeiro/ros2_tutorial_workspace/src/python_package_that_uses_the_library', 'symlink_install': False, 'test_result_base': None}
[0.651s] Level 5:colcon.colcon_core.verb:set package 'python_package_that_uses_the_messages' build argument 'cmake_args' from command line to 'None'
[0.651s] Level 5:colcon.colcon_core.verb:set package 'python_package_that_uses_the_messages' build argument 'cmake_target' from command line to 'None'
[0.651s] Level 5:colcon.colcon_core.verb:set package 'python_package_that_uses_the_messages' build argument 'cmake_target_skip_unavailable' from command line to 'False'
[0.651s] Level 5:colcon.colcon_core.verb:set package 'python_package_that_uses_the_messages' build argument 'cmake_clean_cache' from command line to 'False'
[0.651s] Level 5:colcon.colcon_core.verb:set package 'python_package_that_uses_the_messages' build argument 'cmake_clean_first' from command line to 'False'
[0.651s] Level 5:colcon.colcon_core.verb:set package 'python_package_that_uses_the_messages' build argument 'cmake_force_configure' from command line to 'False'
[0.651s] Level 5:colcon.colcon_core.verb:set package 'python_package_that_uses_the_messages' build argument 'ament_cmake_args' from command line to 'None'
[0.652s] Level 5:colcon.colcon_core.verb:set package 'python_package_that_uses_the_messages' build argument 'catkin_cmake_args' from command line to 'None'
[0.652s] Level 5:colcon.colcon_core.verb:set package 'python_package_that_uses_the_messages' build argument 'catkin_skip_building_tests' from command line to 'False'
[0.652s] DEBUG:colcon.colcon_core.verb:Building package 'python_package_that_uses_the_messages' with the following arguments: {'ament_cmake_args': None, 'build_base': '/home/ribeiro/ros2_tutorial_workspace/build/python_package_that_uses_the_messages', 'catkin_cmake_args': None, 'catkin_skip_building_tests': False, 'cmake_args': None, 'cmake_clean_cache': False, 'cmake_clean_first': False, 'cmake_force_configure': False, 'cmake_target': None, 'cmake_target_skip_unavailable': False, 'install_base': '/home/ribeiro/ros2_tutorial_workspace/install/python_package_that_uses_the_messages', 'merge_install': False, 'path': '/home/ribeiro/ros2_tutorial_workspace/src/python_package_that_uses_the_messages', 'symlink_install': False, 'test_result_base': None}
[0.652s] Level 5:colcon.colcon_core.verb:set package 'python_package_that_uses_the_services' build argument 'cmake_args' from command line to 'None'
[0.652s] Level 5:colcon.colcon_core.verb:set package 'python_package_that_uses_the_services' build argument 'cmake_target' from command line to 'None'
[0.652s] Level 5:colcon.colcon_core.verb:set package 'python_package_that_uses_the_services' build argument 'cmake_target_skip_unavailable' from command line to 'False'
[0.652s] Level 5:colcon.colcon_core.verb:set package 'python_package_that_uses_the_services' build argument 'cmake_clean_cache' from command line to 'False'
[0.652s] Level 5:colcon.colcon_core.verb:set package 'python_package_that_uses_the_services' build argument 'cmake_clean_first' from command line to 'False'
[0.652s] Level 5:colcon.colcon_core.verb:set package 'python_package_that_uses_the_services' build argument 'cmake_force_configure' from command line to 'False'
[0.652s] Level 5:colcon.colcon_core.verb:set package 'python_package_that_uses_the_services' build argument 'ament_cmake_args' from command line to 'None'
[0.652s] Level 5:colcon.colcon_core.verb:set package 'python_package_that_uses_the_services' build argument 'catkin_cmake_args' from command line to 'None'
[0.652s] Level 5:colcon.colcon_core.verb:set package 'python_package_that_uses_the_services' build argument 'catkin_skip_building_tests' from command line to 'False'
[0.652s] DEBUG:colcon.colcon_core.verb:Building package 'python_package_that_uses_the_services' with the following arguments: {'ament_cmake_args': None, 'build_base': '/home/ribeiro/ros2_tutorial_workspace/build/python_package_that_uses_the_services', 'catkin_cmake_args': None, 'catkin_skip_building_tests': False, 'cmake_args': None, 'cmake_clean_cache': False, 'cmake_clean_first': False, 'cmake_force_configure': False, 'cmake_target': None, 'cmake_target_skip_unavailable': False, 'install_base': '/home/ribeiro/ros2_tutorial_workspace/install/python_package_that_uses_the_services', 'merge_install': False, 'path': '/home/ribeiro/ros2_tutorial_workspace/src/python_package_that_uses_the_services', 'symlink_install': False, 'test_result_base': None}
[0.652s] INFO:colcon.colcon_core.executor:Executing jobs using 'parallel' executor
[0.654s] DEBUG:colcon.colcon_parallel_executor.executor.parallel:run_until_complete
[0.654s] INFO:colcon.colcon_ros.task.ament_cmake.build:Building ROS package in '/home/ribeiro/ros2_tutorial_workspace/src/package_with_interfaces' with build type 'ament_cmake'
[0.655s] INFO:colcon.colcon_cmake.task.cmake.build:Building CMake package in '/home/ribeiro/ros2_tutorial_workspace/src/package_with_interfaces'
[0.658s] INFO:colcon.colcon_core.plugin_system:Skipping extension 'colcon_core.shell.bat': Not used on non-Windows systems
[0.658s] INFO:colcon.colcon_core.shell:Skip shell extension 'powershell' for command environment: Not usable outside of PowerShell
[0.658s] DEBUG:colcon.colcon_core.shell:Skip shell extension 'dsv' for command environment
[0.662s] INFO:colcon.colcon_ros.task.ament_python.build:Building ROS package in '/home/ribeiro/ros2_tutorial_workspace/src/python_package_with_a_library' with build type 'ament_python'
[0.663s] Level 1:colcon.colcon_core.shell:create_environment_hook('python_package_with_a_library', 'ament_prefix_path')
[0.664s] INFO:colcon.colcon_core.shell:Creating environment hook '/home/ribeiro/ros2_tutorial_workspace/install/python_package_with_a_library/share/python_package_with_a_library/hook/ament_prefix_path.ps1'
[0.666s] INFO:colcon.colcon_core.shell:Creating environment descriptor '/home/ribeiro/ros2_tutorial_workspace/install/python_package_with_a_library/share/python_package_with_a_library/hook/ament_prefix_path.dsv'
[0.666s] INFO:colcon.colcon_core.shell:Creating environment hook '/home/ribeiro/ros2_tutorial_workspace/install/python_package_with_a_library/share/python_package_with_a_library/hook/ament_prefix_path.sh'
[0.669s] INFO:colcon.colcon_core.shell:Skip shell extension 'powershell' for command environment: Not usable outside of PowerShell
[0.669s] DEBUG:colcon.colcon_core.shell:Skip shell extension 'dsv' for command environment
[0.674s] INFO:colcon.colcon_ros.task.ament_cmake.build:Building ROS package in '/home/ribeiro/ros2_tutorial_workspace/src/articubot_one' with build type 'ament_cmake'
[0.674s] INFO:colcon.colcon_cmake.task.cmake.build:Building CMake package in '/home/ribeiro/ros2_tutorial_workspace/src/articubot_one'
[0.674s] INFO:colcon.colcon_core.shell:Skip shell extension 'powershell' for command environment: Not usable outside of PowerShell
[0.674s] DEBUG:colcon.colcon_core.shell:Skip shell extension 'dsv' for command environment
[0.681s] INFO:colcon.colcon_ros.task.ament_cmake.build:Building ROS package in '/home/ribeiro/ros2_tutorial_workspace/src/cpp_package_with_a_node' with build type 'ament_cmake'
[0.681s] INFO:colcon.colcon_cmake.task.cmake.build:Building CMake package in '/home/ribeiro/ros2_tutorial_workspace/src/cpp_package_with_a_node'
[0.682s] INFO:colcon.colcon_core.shell:Skip shell extension 'powershell' for command environment: Not usable outside of PowerShell
[0.682s] DEBUG:colcon.colcon_core.shell:Skip shell extension 'dsv' for command environment
[0.696s] DEBUG:colcon.colcon_core.event_handler.log_command:Invoking command in '/home/ribeiro/ros2_tutorial_workspace/build/package_with_interfaces': CMAKE_PREFIX_PATH=${CMAKE_PREFIX_PATH}:/home/ribeiro/ros2_tutorial_workspace/install/python_package_that_uses_the_library:/home/ribeiro/ros2_tutorial_workspace/install/python_package_with_a_library:/home/ribeiro/ros2_tutorial_workspace/install/python_package_that_uses_the_services:/home/ribeiro/ros2_tutorial_workspace/install/python_package_that_uses_the_messages:/home/ribeiro/ros2_tutorial_workspace/install/python_package_that_uses_parameters_and_launch_files:/opt/ros/humble /usr/bin/cmake --build /home/ribeiro/ros2_tutorial_workspace/build/package_with_interfaces -- -j12 -l12
[1.049s] INFO:colcon.colcon_core.task.python.build:Building Python package in '/home/ribeiro/ros2_tutorial_workspace/src/python_package_with_a_library'
[1.049s] INFO:colcon.colcon_core.shell:Skip shell extension 'powershell' for command environment: Not usable outside of PowerShell
[1.049s] DEBUG:colcon.colcon_core.shell:Skip shell extension 'dsv' for command environment
[1.060s] DEBUG:colcon.colcon_core.event_handler.log_command:Invoking command in '/home/ribeiro/ros2_tutorial_workspace/build/articubot_one': CMAKE_PREFIX_PATH=${CMAKE_PREFIX_PATH}:/home/ribeiro/ros2_tutorial_workspace/install/python_package_that_uses_the_library:/home/ribeiro/ros2_tutorial_workspace/install/python_package_with_a_library:/home/ribeiro/ros2_tutorial_workspace/install/python_package_that_uses_the_services:/home/ribeiro/ros2_tutorial_workspace/install/python_package_that_uses_the_messages:/home/ribeiro/ros2_tutorial_workspace/install/python_package_that_uses_parameters_and_launch_files:/opt/ros/humble /usr/bin/cmake --build /home/ribeiro/ros2_tutorial_workspace/build/articubot_one -- -j12 -l12
[1.075s] DEBUG:colcon.colcon_core.event_handler.log_command:Invoking command in '/home/ribeiro/ros2_tutorial_workspace/build/cpp_package_with_a_node': CMAKE_PREFIX_PATH=${CMAKE_PREFIX_PATH}:/home/ribeiro/ros2_tutorial_workspace/install/python_package_that_uses_the_library:/home/ribeiro/ros2_tutorial_workspace/install/python_package_with_a_library:/home/ribeiro/ros2_tutorial_workspace/install/python_package_that_uses_the_services:/home/ribeiro/ros2_tutorial_workspace/install/python_package_that_uses_the_messages:/home/ribeiro/ros2_tutorial_workspace/install/python_package_that_uses_parameters_and_launch_files:/opt/ros/humble /usr/bin/cmake --build /home/ribeiro/ros2_tutorial_workspace/build/cpp_package_with_a_node -- -j12 -l12
[1.128s] DEBUG:colcon.colcon_core.event_handler.log_command:Invoked command in '/home/ribeiro/ros2_tutorial_workspace/build/articubot_one' returned '0': CMAKE_PREFIX_PATH=${CMAKE_PREFIX_PATH}:/home/ribeiro/ros2_tutorial_workspace/install/python_package_that_uses_the_library:/home/ribeiro/ros2_tutorial_workspace/install/python_package_with_a_library:/home/ribeiro/ros2_tutorial_workspace/install/python_package_that_uses_the_services:/home/ribeiro/ros2_tutorial_workspace/install/python_package_that_uses_the_messages:/home/ribeiro/ros2_tutorial_workspace/install/python_package_that_uses_parameters_and_launch_files:/opt/ros/humble /usr/bin/cmake --build /home/ribeiro/ros2_tutorial_workspace/build/articubot_one -- -j12 -l12
[1.136s] DEBUG:colcon.colcon_core.event_handler.log_command:Invoking command in '/home/ribeiro/ros2_tutorial_workspace/build/articubot_one': CMAKE_PREFIX_PATH=${CMAKE_PREFIX_PATH}:/home/ribeiro/ros2_tutorial_workspace/install/python_package_that_uses_the_library:/home/ribeiro/ros2_tutorial_workspace/install/python_package_with_a_library:/home/ribeiro/ros2_tutorial_workspace/install/python_package_that_uses_the_services:/home/ribeiro/ros2_tutorial_workspace/install/python_package_that_uses_the_messages:/home/ribeiro/ros2_tutorial_workspace/install/python_package_that_uses_parameters_and_launch_files:/opt/ros/humble /usr/bin/cmake --install /home/ribeiro/ros2_tutorial_workspace/build/articubot_one
[1.178s] Level 1:colcon.colcon_core.environment:create_environment_scripts_only(articubot_one)
[1.179s] DEBUG:colcon.colcon_core.event_handler.log_command:Invoked command in '/home/ribeiro/ros2_tutorial_workspace/build/articubot_one' returned '0': CMAKE_PREFIX_PATH=${CMAKE_PREFIX_PATH}:/home/ribeiro/ros2_tutorial_workspace/install/python_package_that_uses_the_library:/home/ribeiro/ros2_tutorial_workspace/install/python_package_with_a_library:/home/ribeiro/ros2_tutorial_workspace/install/python_package_that_uses_the_services:/home/ribeiro/ros2_tutorial_workspace/install/python_package_that_uses_the_messages:/home/ribeiro/ros2_tutorial_workspace/install/python_package_that_uses_parameters_and_launch_files:/opt/ros/humble /usr/bin/cmake --install /home/ribeiro/ros2_tutorial_workspace/build/articubot_one
[1.181s] Level 1:colcon.colcon_core.environment:checking '/home/ribeiro/ros2_tutorial_workspace/install/articubot_one' for CMake module files
[1.182s] Level 1:colcon.colcon_core.environment:checking '/home/ribeiro/ros2_tutorial_workspace/install/articubot_one' for CMake config files
[1.182s] Level 1:colcon.colcon_core.shell:create_environment_hook('articubot_one', 'cmake_prefix_path')
[1.182s] INFO:colcon.colcon_core.shell:Creating environment hook '/home/ribeiro/ros2_tutorial_workspace/install/articubot_one/share/articubot_one/hook/cmake_prefix_path.ps1'
[1.182s] INFO:colcon.colcon_core.shell:Creating environment descriptor '/home/ribeiro/ros2_tutorial_workspace/install/articubot_one/share/articubot_one/hook/cmake_prefix_path.dsv'
[1.183s] INFO:colcon.colcon_core.shell:Creating environment hook '/home/ribeiro/ros2_tutorial_workspace/install/articubot_one/share/articubot_one/hook/cmake_prefix_path.sh'
[1.183s] Level 1:colcon.colcon_core.environment:checking '/home/ribeiro/ros2_tutorial_workspace/install/articubot_one/bin'
[1.184s] Level 1:colcon.colcon_core.environment:checking '/home/ribeiro/ros2_tutorial_workspace/install/articubot_one/lib/pkgconfig/articubot_one.pc'
[1.184s] Level 1:colcon.colcon_core.environment:checking '/home/ribeiro/ros2_tutorial_workspace/install/articubot_one/lib/python3.10/site-packages'
[1.184s] Level 1:colcon.colcon_core.environment:checking '/home/ribeiro/ros2_tutorial_workspace/install/articubot_one/bin'
[1.185s] INFO:colcon.colcon_core.shell:Creating package script '/home/ribeiro/ros2_tutorial_workspace/install/articubot_one/share/articubot_one/package.ps1'
[1.186s] INFO:colcon.colcon_core.shell:Creating package descriptor '/home/ribeiro/ros2_tutorial_workspace/install/articubot_one/share/articubot_one/package.dsv'
[1.188s] INFO:colcon.colcon_core.shell:Creating package script '/home/ribeiro/ros2_tutorial_workspace/install/articubot_one/share/articubot_one/package.sh'
[1.189s] INFO:colcon.colcon_core.shell:Creating package script '/home/ribeiro/ros2_tutorial_workspace/install/articubot_one/share/articubot_one/package.bash'
[1.190s] INFO:colcon.colcon_core.shell:Creating package script '/home/ribeiro/ros2_tutorial_workspace/install/articubot_one/share/articubot_one/package.zsh'
[1.191s] Level 1:colcon.colcon_core.environment:create_file_with_runtime_dependencies(/home/ribeiro/ros2_tutorial_workspace/install/articubot_one/share/colcon-core/packages/articubot_one)
[1.192s] Level 1:colcon.colcon_core.environment:create_environment_scripts_only(articubot_one)
[1.192s] Level 1:colcon.colcon_core.environment:checking '/home/ribeiro/ros2_tutorial_workspace/install/articubot_one' for CMake module files
[1.193s] Level 1:colcon.colcon_core.environment:checking '/home/ribeiro/ros2_tutorial_workspace/install/articubot_one' for CMake config files
[1.193s] Level 1:colcon.colcon_core.shell:create_environment_hook('articubot_one', 'cmake_prefix_path')
[1.193s] INFO:colcon.colcon_core.shell:Creating environment hook '/home/ribeiro/ros2_tutorial_workspace/install/articubot_one/share/articubot_one/hook/cmake_prefix_path.ps1'
[1.195s] INFO:colcon.colcon_core.shell:Creating environment descriptor '/home/ribeiro/ros2_tutorial_workspace/install/articubot_one/share/articubot_one/hook/cmake_prefix_path.dsv'
[1.195s] INFO:colcon.colcon_core.shell:Creating environment hook '/home/ribeiro/ros2_tutorial_workspace/install/articubot_one/share/articubot_one/hook/cmake_prefix_path.sh'
[1.196s] Level 1:colcon.colcon_core.environment:checking '/home/ribeiro/ros2_tutorial_workspace/install/articubot_one/bin'
[1.196s] Level 1:colcon.colcon_core.environment:checking '/home/ribeiro/ros2_tutorial_workspace/install/articubot_one/lib/pkgconfig/articubot_one.pc'
[1.196s] Level 1:colcon.colcon_core.environment:checking '/home/ribeiro/ros2_tutorial_workspace/install/articubot_one/lib/python3.10/site-packages'
[1.197s] Level 1:colcon.colcon_core.environment:checking '/home/ribeiro/ros2_tutorial_workspace/install/articubot_one/bin'
[1.197s] INFO:colcon.colcon_core.shell:Creating package script '/home/ribeiro/ros2_tutorial_workspace/install/articubot_one/share/articubot_one/package.ps1'
[1.198s] INFO:colcon.colcon_core.shell:Creating package descriptor '/home/ribeiro/ros2_tutorial_workspace/install/articubot_one/share/articubot_one/package.dsv'
[1.200s] INFO:colcon.colcon_core.shell:Creating package script '/home/ribeiro/ros2_tutorial_workspace/install/articubot_one/share/articubot_one/package.sh'
[1.202s] INFO:colcon.colcon_core.shell:Creating package script '/home/ribeiro/ros2_tutorial_workspace/install/articubot_one/share/articubot_one/package.bash'
[1.203s] INFO:colcon.colcon_core.shell:Creating package script '/home/ribeiro/ros2_tutorial_workspace/install/articubot_one/share/articubot_one/package.zsh'
[1.204s] Level 1:colcon.colcon_core.environment:create_file_with_runtime_dependencies(/home/ribeiro/ros2_tutorial_workspace/install/articubot_one/share/colcon-core/packages/articubot_one)
[1.206s] DEBUG:colcon.colcon_core.event_handler.log_command:Invoked command in '/home/ribeiro/ros2_tutorial_workspace/build/cpp_package_with_a_node' returned '0': CMAKE_PREFIX_PATH=${CMAKE_PREFIX_PATH}:/home/ribeiro/ros2_tutorial_workspace/install/python_package_that_uses_the_library:/home/ribeiro/ros2_tutorial_workspace/install/python_package_with_a_library:/home/ribeiro/ros2_tutorial_workspace/install/python_package_that_uses_the_services:/home/ribeiro/ros2_tutorial_workspace/install/python_package_that_uses_the_messages:/home/ribeiro/ros2_tutorial_workspace/install/python_package_that_uses_parameters_and_launch_files:/opt/ros/humble /usr/bin/cmake --build /home/ribeiro/ros2_tutorial_workspace/build/cpp_package_with_a_node -- -j12 -l12
[1.213s] DEBUG:colcon.colcon_core.event_handler.log_command:Invoking command in '/home/ribeiro/ros2_tutorial_workspace/build/cpp_package_with_a_node': CMAKE_PREFIX_PATH=${CMAKE_PREFIX_PATH}:/home/ribeiro/ros2_tutorial_workspace/install/python_package_that_uses_the_library:/home/ribeiro/ros2_tutorial_workspace/install/python_package_with_a_library:/home/ribeiro/ros2_tutorial_workspace/install/python_package_that_uses_the_services:/home/ribeiro/ros2_tutorial_workspace/install/python_package_that_uses_the_messages:/home/ribeiro/ros2_tutorial_workspace/install/python_package_that_uses_parameters_and_launch_files:/opt/ros/humble /usr/bin/cmake --install /home/ribeiro/ros2_tutorial_workspace/build/cpp_package_with_a_node
[1.255s] Level 1:colcon.colcon_core.environment:create_environment_scripts_only(cpp_package_with_a_node)
[1.256s] Level 1:colcon.colcon_core.environment:checking '/home/ribeiro/ros2_tutorial_workspace/install/cpp_package_with_a_node' for CMake module files
[1.256s] Level 1:colcon.colcon_core.environment:checking '/home/ribeiro/ros2_tutorial_workspace/install/cpp_package_with_a_node' for CMake config files
[1.257s] Level 1:colcon.colcon_core.shell:create_environment_hook('cpp_package_with_a_node', 'cmake_prefix_path')
[1.257s] INFO:colcon.colcon_core.shell:Creating environment hook '/home/ribeiro/ros2_tutorial_workspace/install/cpp_package_with_a_node/share/cpp_package_with_a_node/hook/cmake_prefix_path.ps1'
[1.258s] INFO:colcon.colcon_core.shell:Creating environment descriptor '/home/ribeiro/ros2_tutorial_workspace/install/cpp_package_with_a_node/share/cpp_package_with_a_node/hook/cmake_prefix_path.dsv'
[1.259s] DEBUG:colcon.colcon_core.event_handler.log_command:Invoked command in '/home/ribeiro/ros2_tutorial_workspace/build/cpp_package_with_a_node' returned '0': CMAKE_PREFIX_PATH=${CMAKE_PREFIX_PATH}:/home/ribeiro/ros2_tutorial_workspace/install/python_package_that_uses_the_library:/home/ribeiro/ros2_tutorial_workspace/install/python_package_with_a_library:/home/ribeiro/ros2_tutorial_workspace/install/python_package_that_uses_the_services:/home/ribeiro/ros2_tutorial_workspace/install/python_package_that_uses_the_messages:/home/ribeiro/ros2_tutorial_workspace/install/python_package_that_uses_parameters_and_launch_files:/opt/ros/humble /usr/bin/cmake --install /home/ribeiro/ros2_tutorial_workspace/build/cpp_package_with_a_node
[1.260s] INFO:colcon.colcon_core.shell:Creating environment hook '/home/ribeiro/ros2_tutorial_workspace/install/cpp_package_with_a_node/share/cpp_package_with_a_node/hook/cmake_prefix_path.sh'
[1.261s] Level 1:colcon.colcon_core.environment:checking '/home/ribeiro/ros2_tutorial_workspace/install/cpp_package_with_a_node/lib'
[1.261s] Level 1:colcon.colcon_core.environment:checking '/home/ribeiro/ros2_tutorial_workspace/install/cpp_package_with_a_node/bin'
[1.261s] Level 1:colcon.colcon_core.environment:checking '/home/ribeiro/ros2_tutorial_workspace/install/cpp_package_with_a_node/lib/pkgconfig/cpp_package_with_a_node.pc'
[1.261s] Level 1:colcon.colcon_core.environment:checking '/home/ribeiro/ros2_tutorial_workspace/install/cpp_package_with_a_node/lib/python3.10/site-packages'
[1.262s] Level 1:colcon.colcon_core.environment:checking '/home/ribeiro/ros2_tutorial_workspace/install/cpp_package_with_a_node/bin'
[1.262s] INFO:colcon.colcon_core.shell:Creating package script '/home/ribeiro/ros2_tutorial_workspace/install/cpp_package_with_a_node/share/cpp_package_with_a_node/package.ps1'
[1.263s] INFO:colcon.colcon_core.shell:Creating package descriptor '/home/ribeiro/ros2_tutorial_workspace/install/cpp_package_with_a_node/share/cpp_package_with_a_node/package.dsv'
[1.264s] INFO:colcon.colcon_core.shell:Creating package script '/home/ribeiro/ros2_tutorial_workspace/install/cpp_package_with_a_node/share/cpp_package_with_a_node/package.sh'
[1.264s] INFO:colcon.colcon_core.shell:Creating package script '/home/ribeiro/ros2_tutorial_workspace/install/cpp_package_with_a_node/share/cpp_package_with_a_node/package.bash'
[1.265s] INFO:colcon.colcon_core.shell:Creating package script '/home/ribeiro/ros2_tutorial_workspace/install/cpp_package_with_a_node/share/cpp_package_with_a_node/package.zsh'
[1.265s] Level 1:colcon.colcon_core.environment:create_file_with_runtime_dependencies(/home/ribeiro/ros2_tutorial_workspace/install/cpp_package_with_a_node/share/colcon-core/packages/cpp_package_with_a_node)
[1.266s] Level 1:colcon.colcon_core.environment:create_environment_scripts_only(cpp_package_with_a_node)
[1.266s] Level 1:colcon.colcon_core.environment:checking '/home/ribeiro/ros2_tutorial_workspace/install/cpp_package_with_a_node' for CMake module files
[1.266s] Level 1:colcon.colcon_core.environment:checking '/home/ribeiro/ros2_tutorial_workspace/install/cpp_package_with_a_node' for CMake config files
[1.266s] Level 1:colcon.colcon_core.shell:create_environment_hook('cpp_package_with_a_node', 'cmake_prefix_path')
[1.267s] INFO:colcon.colcon_core.shell:Creating environment hook '/home/ribeiro/ros2_tutorial_workspace/install/cpp_package_with_a_node/share/cpp_package_with_a_node/hook/cmake_prefix_path.ps1'
[1.267s] INFO:colcon.colcon_core.shell:Creating environment descriptor '/home/ribeiro/ros2_tutorial_workspace/install/cpp_package_with_a_node/share/cpp_package_with_a_node/hook/cmake_prefix_path.dsv'
[1.268s] INFO:colcon.colcon_core.shell:Creating environment hook '/home/ribeiro/ros2_tutorial_workspace/install/cpp_package_with_a_node/share/cpp_package_with_a_node/hook/cmake_prefix_path.sh'
[1.268s] Level 1:colcon.colcon_core.environment:checking '/home/ribeiro/ros2_tutorial_workspace/install/cpp_package_with_a_node/lib'
[1.269s] Level 1:colcon.colcon_core.environment:checking '/home/ribeiro/ros2_tutorial_workspace/install/cpp_package_with_a_node/bin'
[1.269s] Level 1:colcon.colcon_core.environment:checking '/home/ribeiro/ros2_tutorial_workspace/install/cpp_package_with_a_node/lib/pkgconfig/cpp_package_with_a_node.pc'
[1.269s] Level 1:colcon.colcon_core.environment:checking '/home/ribeiro/ros2_tutorial_workspace/install/cpp_package_with_a_node/lib/python3.10/site-packages'
[1.269s] Level 1:colcon.colcon_core.environment:checking '/home/ribeiro/ros2_tutorial_workspace/install/cpp_package_with_a_node/bin'
[1.270s] INFO:colcon.colcon_core.shell:Creating package script '/home/ribeiro/ros2_tutorial_workspace/install/cpp_package_with_a_node/share/cpp_package_with_a_node/package.ps1'
[1.270s] INFO:colcon.colcon_core.shell:Creating package descriptor '/home/ribeiro/ros2_tutorial_workspace/install/cpp_package_with_a_node/share/cpp_package_with_a_node/package.dsv'
[1.271s] INFO:colcon.colcon_core.shell:Creating package script '/home/ribeiro/ros2_tutorial_workspace/install/cpp_package_with_a_node/share/cpp_package_with_a_node/package.sh'
[1.272s] INFO:colcon.colcon_core.shell:Creating package script '/home/ribeiro/ros2_tutorial_workspace/install/cpp_package_with_a_node/share/cpp_package_with_a_node/package.bash'
[1.272s] INFO:colcon.colcon_core.shell:Creating package script '/home/ribeiro/ros2_tutorial_workspace/install/cpp_package_with_a_node/share/cpp_package_with_a_node/package.zsh'
[1.273s] Level 1:colcon.colcon_core.environment:create_file_with_runtime_dependencies(/home/ribeiro/ros2_tutorial_workspace/install/cpp_package_with_a_node/share/colcon-core/packages/cpp_package_with_a_node)
[1.587s] DEBUG:colcon.colcon_core.task.python.build:Available setuptools commands: build_clib, install_scripts, install_data, dist_info, build, symlink_data, bdist_rpm, develop, init_catalog, test, extract_messages, sdist, alias, egg_info, rotate, build_py, install_headers, easy_install, install_lib, install, setopt, bdist, build_ext, upload, bdist_dumb, saveopts, build_scripts, check, register, update_catalog, compile_catalog, upload_docs, bdist_egg, install_egg_info, clean
[1.589s] DEBUG:colcon.colcon_core.event_handler.log_command:Invoking command in '/home/ribeiro/ros2_tutorial_workspace/src/python_package_with_a_library': PYTHONPATH=/home/ribeiro/ros2_tutorial_workspace/build/python_package_with_a_library/prefix_override:/usr/lib/python3/dist-packages/colcon_core/task/python/colcon_distutils_commands:/home/ribeiro/ros2_tutorial_workspace/install/python_package_with_a_library/lib/python3.10/site-packages:${PYTHONPATH} /usr/bin/python3 -W ignore:setup.py install is deprecated -W ignore:easy_install command is deprecated setup.py egg_info --egg-base ../../build/python_package_with_a_library build --build-base /home/ribeiro/ros2_tutorial_workspace/build/python_package_with_a_library/build install --record /home/ribeiro/ros2_tutorial_workspace/build/python_package_with_a_library/install.log --install-scripts $base/lib/python_package_with_a_library --single-version-externally-managed install_data
[1.615s] DEBUG:colcon.colcon_core.event_handler.log_command:Invoked command in '/home/ribeiro/ros2_tutorial_workspace/build/package_with_interfaces' returned '0': CMAKE_PREFIX_PATH=${CMAKE_PREFIX_PATH}:/home/ribeiro/ros2_tutorial_workspace/install/python_package_that_uses_the_library:/home/ribeiro/ros2_tutorial_workspace/install/python_package_with_a_library:/home/ribeiro/ros2_tutorial_workspace/install/python_package_that_uses_the_services:/home/ribeiro/ros2_tutorial_workspace/install/python_package_that_uses_the_messages:/home/ribeiro/ros2_tutorial_workspace/install/python_package_that_uses_parameters_and_launch_files:/opt/ros/humble /usr/bin/cmake --build /home/ribeiro/ros2_tutorial_workspace/build/package_with_interfaces -- -j12 -l12
[1.615s] DEBUG:colcon.colcon_core.event_handler.log_command:Invoking command in '/home/ribeiro/ros2_tutorial_workspace/build/package_with_interfaces': CMAKE_PREFIX_PATH=${CMAKE_PREFIX_PATH}:/home/ribeiro/ros2_tutorial_workspace/install/python_package_that_uses_the_library:/home/ribeiro/ros2_tutorial_workspace/install/python_package_with_a_library:/home/ribeiro/ros2_tutorial_workspace/install/python_package_that_uses_the_services:/home/ribeiro/ros2_tutorial_workspace/install/python_package_that_uses_the_messages:/home/ribeiro/ros2_tutorial_workspace/install/python_package_that_uses_parameters_and_launch_files:/opt/ros/humble /usr/bin/cmake --install /home/ribeiro/ros2_tutorial_workspace/build/package_with_interfaces
[1.714s] Level 1:colcon.colcon_core.environment:create_environment_scripts_only(package_with_interfaces)
[1.715s] Level 1:colcon.colcon_core.environment:checking '/home/ribeiro/ros2_tutorial_workspace/install/package_with_interfaces' for CMake module files
[1.716s] Level 1:colcon.colcon_core.environment:checking '/home/ribeiro/ros2_tutorial_workspace/install/package_with_interfaces' for CMake config files
[1.717s] DEBUG:colcon.colcon_core.event_handler.log_command:Invoked command in '/home/ribeiro/ros2_tutorial_workspace/build/package_with_interfaces' returned '0': CMAKE_PREFIX_PATH=${CMAKE_PREFIX_PATH}:/home/ribeiro/ros2_tutorial_workspace/install/python_package_that_uses_the_library:/home/ribeiro/ros2_tutorial_workspace/install/python_package_with_a_library:/home/ribeiro/ros2_tutorial_workspace/install/python_package_that_uses_the_services:/home/ribeiro/ros2_tutorial_workspace/install/python_package_that_uses_the_messages:/home/ribeiro/ros2_tutorial_workspace/install/python_package_that_uses_parameters_and_launch_files:/opt/ros/humble /usr/bin/cmake --install /home/ribeiro/ros2_tutorial_workspace/build/package_with_interfaces
[1.720s] Level 1:colcon.colcon_core.shell:create_environment_hook('package_with_interfaces', 'cmake_prefix_path')
[1.720s] INFO:colcon.colcon_core.shell:Creating environment hook '/home/ribeiro/ros2_tutorial_workspace/install/package_with_interfaces/share/package_with_interfaces/hook/cmake_prefix_path.ps1'
[1.721s] INFO:colcon.colcon_core.shell:Creating environment descriptor '/home/ribeiro/ros2_tutorial_workspace/install/package_with_interfaces/share/package_with_interfaces/hook/cmake_prefix_path.dsv'
[1.722s] INFO:colcon.colcon_core.shell:Creating environment hook '/home/ribeiro/ros2_tutorial_workspace/install/package_with_interfaces/share/package_with_interfaces/hook/cmake_prefix_path.sh'
[1.722s] Level 1:colcon.colcon_core.environment:checking '/home/ribeiro/ros2_tutorial_workspace/install/package_with_interfaces/lib'
[1.722s] Level 1:colcon.colcon_core.shell:create_environment_hook('package_with_interfaces', 'ld_library_path_lib')
[1.722s] INFO:colcon.colcon_core.shell:Creating environment hook '/home/ribeiro/ros2_tutorial_workspace/install/package_with_interfaces/share/package_with_interfaces/hook/ld_library_path_lib.ps1'
[1.723s] INFO:colcon.colcon_core.shell:Creating environment descriptor '/home/ribeiro/ros2_tutorial_workspace/install/package_with_interfaces/share/package_with_interfaces/hook/ld_library_path_lib.dsv'
[1.724s] INFO:colcon.colcon_core.shell:Creating environment hook '/home/ribeiro/ros2_tutorial_workspace/install/package_with_interfaces/share/package_with_interfaces/hook/ld_library_path_lib.sh'
[1.725s] Level 1:colcon.colcon_core.environment:checking '/home/ribeiro/ros2_tutorial_workspace/install/package_with_interfaces/bin'
[1.725s] Level 1:colcon.colcon_core.environment:checking '/home/ribeiro/ros2_tutorial_workspace/install/package_with_interfaces/lib/pkgconfig/package_with_interfaces.pc'
[1.726s] Level 1:colcon.colcon_core.environment:checking '/home/ribeiro/ros2_tutorial_workspace/install/package_with_interfaces/lib/python3.10/site-packages'
[1.726s] Level 1:colcon.colcon_core.environment:checking '/home/ribeiro/ros2_tutorial_workspace/install/package_with_interfaces/bin'
[1.727s] INFO:colcon.colcon_core.shell:Creating package script '/home/ribeiro/ros2_tutorial_workspace/install/package_with_interfaces/share/package_with_interfaces/package.ps1'
[1.728s] INFO:colcon.colcon_core.shell:Creating package descriptor '/home/ribeiro/ros2_tutorial_workspace/install/package_with_interfaces/share/package_with_interfaces/package.dsv'
[1.729s] INFO:colcon.colcon_core.shell:Creating package script '/home/ribeiro/ros2_tutorial_workspace/install/package_with_interfaces/share/package_with_interfaces/package.sh'
[1.729s] INFO:colcon.colcon_core.shell:Creating package script '/home/ribeiro/ros2_tutorial_workspace/install/package_with_interfaces/share/package_with_interfaces/package.bash'
[1.730s] INFO:colcon.colcon_core.shell:Creating package script '/home/ribeiro/ros2_tutorial_workspace/install/package_with_interfaces/share/package_with_interfaces/package.zsh'
[1.730s] Level 1:colcon.colcon_core.environment:create_file_with_runtime_dependencies(/home/ribeiro/ros2_tutorial_workspace/install/package_with_interfaces/share/colcon-core/packages/package_with_interfaces)
[1.731s] Level 1:colcon.colcon_core.environment:create_environment_scripts_only(package_with_interfaces)
[1.735s] Level 1:colcon.colcon_core.environment:checking '/home/ribeiro/ros2_tutorial_workspace/install/package_with_interfaces' for CMake module files
[1.736s] Level 1:colcon.colcon_core.environment:checking '/home/ribeiro/ros2_tutorial_workspace/install/package_with_interfaces' for CMake config files
[1.737s] Level 1:colcon.colcon_core.shell:create_environment_hook('package_with_interfaces', 'cmake_prefix_path')
[1.738s] INFO:colcon.colcon_core.shell:Creating environment hook '/home/ribeiro/ros2_tutorial_workspace/install/package_with_interfaces/share/package_with_interfaces/hook/cmake_prefix_path.ps1'
[1.738s] INFO:colcon.colcon_core.shell:Creating environment descriptor '/home/ribeiro/ros2_tutorial_workspace/install/package_with_interfaces/share/package_with_interfaces/hook/cmake_prefix_path.dsv'
[1.745s] INFO:colcon.colcon_core.shell:Creating environment hook '/home/ribeiro/ros2_tutorial_workspace/install/package_with_interfaces/share/package_with_interfaces/hook/cmake_prefix_path.sh'
[1.746s] Level 1:colcon.colcon_core.environment:checking '/home/ribeiro/ros2_tutorial_workspace/install/package_with_interfaces/lib'
[1.746s] Level 1:colcon.colcon_core.shell:create_environment_hook('package_with_interfaces', 'ld_library_path_lib')
[1.746s] INFO:colcon.colcon_core.shell:Creating environment hook '/home/ribeiro/ros2_tutorial_workspace/install/package_with_interfaces/share/package_with_interfaces/hook/ld_library_path_lib.ps1'
[1.747s] INFO:colcon.colcon_core.shell:Creating environment descriptor '/home/ribeiro/ros2_tutorial_workspace/install/package_with_interfaces/share/package_with_interfaces/hook/ld_library_path_lib.dsv'
[1.747s] INFO:colcon.colcon_core.shell:Creating environment hook '/home/ribeiro/ros2_tutorial_workspace/install/package_with_interfaces/share/package_with_interfaces/hook/ld_library_path_lib.sh'
[1.747s] Level 1:colcon.colcon_core.environment:checking '/home/ribeiro/ros2_tutorial_workspace/install/package_with_interfaces/bin'
[1.747s] Level 1:colcon.colcon_core.environment:checking '/home/ribeiro/ros2_tutorial_workspace/install/package_with_interfaces/lib/pkgconfig/package_with_interfaces.pc'
[1.748s] Level 1:colcon.colcon_core.environment:checking '/home/ribeiro/ros2_tutorial_workspace/install/package_with_interfaces/lib/python3.10/site-packages'
[1.748s] Level 1:colcon.colcon_core.environment:checking '/home/ribeiro/ros2_tutorial_workspace/install/package_with_interfaces/bin'
[1.748s] INFO:colcon.colcon_core.shell:Creating package script '/home/ribeiro/ros2_tutorial_workspace/install/package_with_interfaces/share/package_with_interfaces/package.ps1'
[1.749s] INFO:colcon.colcon_core.shell:Creating package descriptor '/home/ribeiro/ros2_tutorial_workspace/install/package_with_interfaces/share/package_with_interfaces/package.dsv'
[1.749s] INFO:colcon.colcon_core.shell:Creating package script '/home/ribeiro/ros2_tutorial_workspace/install/package_with_interfaces/share/package_with_interfaces/package.sh'
[1.749s] INFO:colcon.colcon_core.shell:Creating package script '/home/ribeiro/ros2_tutorial_workspace/install/package_with_interfaces/share/package_with_interfaces/package.bash'
[1.750s] INFO:colcon.colcon_core.shell:Creating package script '/home/ribeiro/ros2_tutorial_workspace/install/package_with_interfaces/share/package_with_interfaces/package.zsh'
[1.750s] Level 1:colcon.colcon_core.environment:create_file_with_runtime_dependencies(/home/ribeiro/ros2_tutorial_workspace/install/package_with_interfaces/share/colcon-core/packages/package_with_interfaces)
[1.750s] INFO:colcon.colcon_ros.task.ament_python.build:Building ROS package in '/home/ribeiro/ros2_tutorial_workspace/src/python_package_that_uses_parameters_and_launch_files' with build type 'ament_python'
[1.751s] Level 1:colcon.colcon_core.shell:create_environment_hook('python_package_that_uses_parameters_and_launch_files', 'ament_prefix_path')
[1.751s] INFO:colcon.colcon_core.shell:Creating environment hook '/home/ribeiro/ros2_tutorial_workspace/install/python_package_that_uses_parameters_and_launch_files/share/python_package_that_uses_parameters_and_launch_files/hook/ament_prefix_path.ps1'
[1.755s] INFO:colcon.colcon_core.shell:Creating environment descriptor '/home/ribeiro/ros2_tutorial_workspace/install/python_package_that_uses_parameters_and_launch_files/share/python_package_that_uses_parameters_and_launch_files/hook/ament_prefix_path.dsv'
[1.756s] INFO:colcon.colcon_core.shell:Creating environment hook '/home/ribeiro/ros2_tutorial_workspace/install/python_package_that_uses_parameters_and_launch_files/share/python_package_that_uses_parameters_and_launch_files/hook/ament_prefix_path.sh'
[1.756s] INFO:colcon.colcon_core.shell:Skip shell extension 'powershell' for command environment: Not usable outside of PowerShell
[1.756s] DEBUG:colcon.colcon_core.shell:Skip shell extension 'dsv' for command environment
[1.760s] INFO:colcon.colcon_ros.task.ament_python.build:Building ROS package in '/home/ribeiro/ros2_tutorial_workspace/src/python_package_that_uses_the_messages' with build type 'ament_python'
[1.761s] Level 1:colcon.colcon_core.shell:create_environment_hook('python_package_that_uses_the_messages', 'ament_prefix_path')
[1.761s] INFO:colcon.colcon_core.shell:Creating environment hook '/home/ribeiro/ros2_tutorial_workspace/install/python_package_that_uses_the_messages/share/python_package_that_uses_the_messages/hook/ament_prefix_path.ps1'
[1.763s] INFO:colcon.colcon_core.shell:Creating environment descriptor '/home/ribeiro/ros2_tutorial_workspace/install/python_package_that_uses_the_messages/share/python_package_that_uses_the_messages/hook/ament_prefix_path.dsv'
[1.764s] INFO:colcon.colcon_core.shell:Creating environment hook '/home/ribeiro/ros2_tutorial_workspace/install/python_package_that_uses_the_messages/share/python_package_that_uses_the_messages/hook/ament_prefix_path.sh'
[1.765s] INFO:colcon.colcon_core.shell:Skip shell extension 'powershell' for command environment: Not usable outside of PowerShell
[1.765s] DEBUG:colcon.colcon_core.shell:Skip shell extension 'dsv' for command environment
[1.770s] INFO:colcon.colcon_ros.task.ament_python.build:Building ROS package in '/home/ribeiro/ros2_tutorial_workspace/src/python_package_that_uses_the_services' with build type 'ament_python'
[1.771s] Level 1:colcon.colcon_core.shell:create_environment_hook('python_package_that_uses_the_services', 'ament_prefix_path')
[1.771s] INFO:colcon.colcon_core.shell:Creating environment hook '/home/ribeiro/ros2_tutorial_workspace/install/python_package_that_uses_the_services/share/python_package_that_uses_the_services/hook/ament_prefix_path.ps1'
[1.772s] INFO:colcon.colcon_core.shell:Creating environment descriptor '/home/ribeiro/ros2_tutorial_workspace/install/python_package_that_uses_the_services/share/python_package_that_uses_the_services/hook/ament_prefix_path.dsv'
[1.773s] INFO:colcon.colcon_core.shell:Creating environment hook '/home/ribeiro/ros2_tutorial_workspace/install/python_package_that_uses_the_services/share/python_package_that_uses_the_services/hook/ament_prefix_path.sh'
[1.773s] INFO:colcon.colcon_core.shell:Skip shell extension 'powershell' for command environment: Not usable outside of PowerShell
[1.773s] DEBUG:colcon.colcon_core.shell:Skip shell extension 'dsv' for command environment
[2.260s] INFO:colcon.colcon_core.task.python.build:Building Python package in '/home/ribeiro/ros2_tutorial_workspace/src/python_package_that_uses_the_messages'
[2.260s] INFO:colcon.colcon_core.shell:Skip shell extension 'powershell' for command environment: Not usable outside of PowerShell
[2.260s] DEBUG:colcon.colcon_core.shell:Skip shell extension 'dsv' for command environment
[2.270s] Level 1:colcon.colcon_core.environment:checking '/home/ribeiro/ros2_tutorial_workspace/install/python_package_with_a_library' for CMake module files
[2.272s] Level 1:colcon.colcon_core.environment:checking '/home/ribeiro/ros2_tutorial_workspace/install/python_package_with_a_library' for CMake config files
[2.271s] DEBUG:colcon.colcon_core.event_handler.log_command:Invoked command in '/home/ribeiro/ros2_tutorial_workspace/src/python_package_with_a_library' returned '0': PYTHONPATH=/home/ribeiro/ros2_tutorial_workspace/build/python_package_with_a_library/prefix_override:/usr/lib/python3/dist-packages/colcon_core/task/python/colcon_distutils_commands:/home/ribeiro/ros2_tutorial_workspace/install/python_package_with_a_library/lib/python3.10/site-packages:${PYTHONPATH} /usr/bin/python3 -W ignore:setup.py install is deprecated -W ignore:easy_install command is deprecated setup.py egg_info --egg-base ../../build/python_package_with_a_library build --build-base /home/ribeiro/ros2_tutorial_workspace/build/python_package_with_a_library/build install --record /home/ribeiro/ros2_tutorial_workspace/build/python_package_with_a_library/install.log --install-scripts $base/lib/python_package_with_a_library --single-version-externally-managed install_data
[2.273s] Level 1:colcon.colcon_core.environment:checking '/home/ribeiro/ros2_tutorial_workspace/install/python_package_with_a_library/lib'
[2.273s] Level 1:colcon.colcon_core.environment:checking '/home/ribeiro/ros2_tutorial_workspace/install/python_package_with_a_library/bin'
[2.273s] Level 1:colcon.colcon_core.environment:checking '/home/ribeiro/ros2_tutorial_workspace/install/python_package_with_a_library/lib/pkgconfig/python_package_with_a_library.pc'
[2.273s] Level 1:colcon.colcon_core.environment:checking '/home/ribeiro/ros2_tutorial_workspace/install/python_package_with_a_library/lib/python3.10/site-packages'
[2.274s] Level 1:colcon.colcon_core.shell:create_environment_hook('python_package_with_a_library', 'pythonpath')
[2.274s] INFO:colcon.colcon_core.shell:Creating environment hook '/home/ribeiro/ros2_tutorial_workspace/install/python_package_with_a_library/share/python_package_with_a_library/hook/pythonpath.ps1'
[2.276s] INFO:colcon.colcon_core.shell:Creating environment descriptor '/home/ribeiro/ros2_tutorial_workspace/install/python_package_with_a_library/share/python_package_with_a_library/hook/pythonpath.dsv'
[2.277s] INFO:colcon.colcon_core.shell:Creating environment hook '/home/ribeiro/ros2_tutorial_workspace/install/python_package_with_a_library/share/python_package_with_a_library/hook/pythonpath.sh'
[2.278s] Level 1:colcon.colcon_core.environment:checking '/home/ribeiro/ros2_tutorial_workspace/install/python_package_with_a_library/bin'
[2.278s] Level 1:colcon.colcon_core.environment:create_environment_scripts_only(python_package_with_a_library)
[2.278s] INFO:colcon.colcon_core.shell:Creating package script '/home/ribeiro/ros2_tutorial_workspace/install/python_package_with_a_library/share/python_package_with_a_library/package.ps1'
[2.279s] INFO:colcon.colcon_core.shell:Creating package descriptor '/home/ribeiro/ros2_tutorial_workspace/install/python_package_with_a_library/share/python_package_with_a_library/package.dsv'
[2.280s] INFO:colcon.colcon_core.shell:Creating package script '/home/ribeiro/ros2_tutorial_workspace/install/python_package_with_a_library/share/python_package_with_a_library/package.sh'
[2.281s] INFO:colcon.colcon_core.shell:Creating package script '/home/ribeiro/ros2_tutorial_workspace/install/python_package_with_a_library/share/python_package_with_a_library/package.bash'
[2.281s] INFO:colcon.colcon_core.shell:Creating package script '/home/ribeiro/ros2_tutorial_workspace/install/python_package_with_a_library/share/python_package_with_a_library/package.zsh'
[2.281s] Level 1:colcon.colcon_core.environment:create_file_with_runtime_dependencies(/home/ribeiro/ros2_tutorial_workspace/install/python_package_with_a_library/share/colcon-core/packages/python_package_with_a_library)
[2.600s] INFO:colcon.colcon_core.task.python.build:Building Python package in '/home/ribeiro/ros2_tutorial_workspace/src/python_package_that_uses_parameters_and_launch_files'
[2.601s] INFO:colcon.colcon_core.shell:Skip shell extension 'powershell' for command environment: Not usable outside of PowerShell
[2.601s] DEBUG:colcon.colcon_core.shell:Skip shell extension 'dsv' for command environment
[2.940s] INFO:colcon.colcon_core.task.python.build:Building Python package in '/home/ribeiro/ros2_tutorial_workspace/src/python_package_that_uses_the_services'
[2.940s] INFO:colcon.colcon_core.shell:Skip shell extension 'powershell' for command environment: Not usable outside of PowerShell
[2.940s] DEBUG:colcon.colcon_core.shell:Skip shell extension 'dsv' for command environment
[2.948s] INFO:colcon.colcon_ros.task.ament_python.build:Building ROS package in '/home/ribeiro/ros2_tutorial_workspace/src/python_package_that_uses_the_library' with build type 'ament_python'
[2.948s] Level 1:colcon.colcon_core.shell:create_environment_hook('python_package_that_uses_the_library', 'ament_prefix_path')
[2.948s] INFO:colcon.colcon_core.shell:Creating environment hook '/home/ribeiro/ros2_tutorial_workspace/install/python_package_that_uses_the_library/share/python_package_that_uses_the_library/hook/ament_prefix_path.ps1'
[2.949s] INFO:colcon.colcon_core.shell:Creating environment descriptor '/home/ribeiro/ros2_tutorial_workspace/install/python_package_that_uses_the_library/share/python_package_that_uses_the_library/hook/ament_prefix_path.dsv'
[2.950s] INFO:colcon.colcon_core.shell:Creating environment hook '/home/ribeiro/ros2_tutorial_workspace/install/python_package_that_uses_the_library/share/python_package_that_uses_the_library/hook/ament_prefix_path.sh'
[2.951s] INFO:colcon.colcon_core.shell:Skip shell extension 'powershell' for command environment: Not usable outside of PowerShell
[2.951s] DEBUG:colcon.colcon_core.shell:Skip shell extension 'dsv' for command environment
[3.499s] INFO:colcon.colcon_core.task.python.build:Building Python package in '/home/ribeiro/ros2_tutorial_workspace/src/python_package_that_uses_the_library'
[3.499s] INFO:colcon.colcon_core.shell:Skip shell extension 'powershell' for command environment: Not usable outside of PowerShell
[3.500s] DEBUG:colcon.colcon_core.shell:Skip shell extension 'dsv' for command environment
[3.506s] DEBUG:colcon.colcon_core.task.python.build:Available setuptools commands: build_clib, install_scripts, install_data, dist_info, build, symlink_data, bdist_rpm, develop, init_catalog, test, extract_messages, sdist, alias, egg_info, rotate, build_py, install_headers, easy_install, install_lib, install, setopt, bdist, build_ext, upload, bdist_dumb, saveopts, build_scripts, check, register, update_catalog, compile_catalog, upload_docs, bdist_egg, install_egg_info, clean
[3.514s] DEBUG:colcon.colcon_core.event_handler.log_command:Invoking command in '/home/ribeiro/ros2_tutorial_workspace/src/python_package_that_uses_parameters_and_launch_files': PYTHONPATH=/home/ribeiro/ros2_tutorial_workspace/build/python_package_that_uses_parameters_and_launch_files/prefix_override:/usr/lib/python3/dist-packages/colcon_core/task/python/colcon_distutils_commands:/home/ribeiro/ros2_tutorial_workspace/install/python_package_that_uses_parameters_and_launch_files/lib/python3.10/site-packages:${PYTHONPATH} /usr/bin/python3 -W ignore:setup.py install is deprecated -W ignore:easy_install command is deprecated setup.py egg_info --egg-base ../../build/python_package_that_uses_parameters_and_launch_files build --build-base /home/ribeiro/ros2_tutorial_workspace/build/python_package_that_uses_parameters_and_launch_files/build install --record /home/ribeiro/ros2_tutorial_workspace/build/python_package_that_uses_parameters_and_launch_files/install.log --install-scripts $base/lib/python_package_that_uses_parameters_and_launch_files --single-version-externally-managed install_data
[3.516s] DEBUG:colcon.colcon_core.task.python.build:Available setuptools commands: build_clib, install_scripts, install_data, dist_info, build, symlink_data, bdist_rpm, develop, init_catalog, test, extract_messages, sdist, alias, egg_info, rotate, build_py, install_headers, easy_install, install_lib, install, setopt, bdist, build_ext, upload, bdist_dumb, saveopts, build_scripts, check, register, update_catalog, compile_catalog, upload_docs, bdist_egg, install_egg_info, clean
[3.522s] DEBUG:colcon.colcon_core.event_handler.log_command:Invoking command in '/home/ribeiro/ros2_tutorial_workspace/src/python_package_that_uses_the_messages': PYTHONPATH=/home/ribeiro/ros2_tutorial_workspace/build/python_package_that_uses_the_messages/prefix_override:/usr/lib/python3/dist-packages/colcon_core/task/python/colcon_distutils_commands:/home/ribeiro/ros2_tutorial_workspace/install/python_package_that_uses_the_messages/lib/python3.10/site-packages:${PYTHONPATH} /usr/bin/python3 -W ignore:setup.py install is deprecated -W ignore:easy_install command is deprecated setup.py egg_info --egg-base ../../build/python_package_that_uses_the_messages build --build-base /home/ribeiro/ros2_tutorial_workspace/build/python_package_that_uses_the_messages/build install --record /home/ribeiro/ros2_tutorial_workspace/build/python_package_that_uses_the_messages/install.log --install-scripts $base/lib/python_package_that_uses_the_messages --single-version-externally-managed install_data
[3.922s] Level 1:colcon.colcon_core.environment:checking '/home/ribeiro/ros2_tutorial_workspace/install/python_package_that_uses_parameters_and_launch_files' for CMake module files
[3.923s] DEBUG:colcon.colcon_core.event_handler.log_command:Invoked command in '/home/ribeiro/ros2_tutorial_workspace/src/python_package_that_uses_parameters_and_launch_files' returned '0': PYTHONPATH=/home/ribeiro/ros2_tutorial_workspace/build/python_package_that_uses_parameters_and_launch_files/prefix_override:/usr/lib/python3/dist-packages/colcon_core/task/python/colcon_distutils_commands:/home/ribeiro/ros2_tutorial_workspace/install/python_package_that_uses_parameters_and_launch_files/lib/python3.10/site-packages:${PYTHONPATH} /usr/bin/python3 -W ignore:setup.py install is deprecated -W ignore:easy_install command is deprecated setup.py egg_info --egg-base ../../build/python_package_that_uses_parameters_and_launch_files build --build-base /home/ribeiro/ros2_tutorial_workspace/build/python_package_that_uses_parameters_and_launch_files/build install --record /home/ribeiro/ros2_tutorial_workspace/build/python_package_that_uses_parameters_and_launch_files/install.log --install-scripts $base/lib/python_package_that_uses_parameters_and_launch_files --single-version-externally-managed install_data
[3.924s] Level 1:colcon.colcon_core.environment:checking '/home/ribeiro/ros2_tutorial_workspace/install/python_package_that_uses_parameters_and_launch_files' for CMake config files
[3.924s] Level 1:colcon.colcon_core.environment:checking '/home/ribeiro/ros2_tutorial_workspace/install/python_package_that_uses_parameters_and_launch_files/lib'
[3.925s] Level 1:colcon.colcon_core.environment:checking '/home/ribeiro/ros2_tutorial_workspace/install/python_package_that_uses_parameters_and_launch_files/bin'
[3.925s] Level 1:colcon.colcon_core.environment:checking '/home/ribeiro/ros2_tutorial_workspace/install/python_package_that_uses_parameters_and_launch_files/lib/pkgconfig/python_package_that_uses_parameters_and_launch_files.pc'
[3.925s] Level 1:colcon.colcon_core.environment:checking '/home/ribeiro/ros2_tutorial_workspace/install/python_package_that_uses_parameters_and_launch_files/lib/python3.10/site-packages'
[3.925s] Level 1:colcon.colcon_core.shell:create_environment_hook('python_package_that_uses_parameters_and_launch_files', 'pythonpath')
[3.926s] INFO:colcon.colcon_core.shell:Creating environment hook '/home/ribeiro/ros2_tutorial_workspace/install/python_package_that_uses_parameters_and_launch_files/share/python_package_that_uses_parameters_and_launch_files/hook/pythonpath.ps1'
[3.927s] INFO:colcon.colcon_core.shell:Creating environment descriptor '/home/ribeiro/ros2_tutorial_workspace/install/python_package_that_uses_parameters_and_launch_files/share/python_package_that_uses_parameters_and_launch_files/hook/pythonpath.dsv'
[3.927s] INFO:colcon.colcon_core.shell:Creating environment hook '/home/ribeiro/ros2_tutorial_workspace/install/python_package_that_uses_parameters_and_launch_files/share/python_package_that_uses_parameters_and_launch_files/hook/pythonpath.sh'
[3.928s] Level 1:colcon.colcon_core.environment:checking '/home/ribeiro/ros2_tutorial_workspace/install/python_package_that_uses_parameters_and_launch_files/bin'
[3.929s] Level 1:colcon.colcon_core.environment:create_environment_scripts_only(python_package_that_uses_parameters_and_launch_files)
[3.929s] INFO:colcon.colcon_core.shell:Creating package script '/home/ribeiro/ros2_tutorial_workspace/install/python_package_that_uses_parameters_and_launch_files/share/python_package_that_uses_parameters_and_launch_files/package.ps1'
[3.931s] INFO:colcon.colcon_core.shell:Creating package descriptor '/home/ribeiro/ros2_tutorial_workspace/install/python_package_that_uses_parameters_and_launch_files/share/python_package_that_uses_parameters_and_launch_files/package.dsv'
[3.933s] INFO:colcon.colcon_core.shell:Creating package script '/home/ribeiro/ros2_tutorial_workspace/install/python_package_that_uses_parameters_and_launch_files/share/python_package_that_uses_parameters_and_launch_files/package.sh'
[3.934s] INFO:colcon.colcon_core.shell:Creating package script '/home/ribeiro/ros2_tutorial_workspace/install/python_package_that_uses_parameters_and_launch_files/share/python_package_that_uses_parameters_and_launch_files/package.bash'
[3.934s] INFO:colcon.colcon_core.shell:Creating package script '/home/ribeiro/ros2_tutorial_workspace/install/python_package_that_uses_parameters_and_launch_files/share/python_package_that_uses_parameters_and_launch_files/package.zsh'
[3.935s] Level 1:colcon.colcon_core.environment:create_file_with_runtime_dependencies(/home/ribeiro/ros2_tutorial_workspace/install/python_package_that_uses_parameters_and_launch_files/share/colcon-core/packages/python_package_that_uses_parameters_and_launch_files)
[3.964s] Level 1:colcon.colcon_core.environment:checking '/home/ribeiro/ros2_tutorial_workspace/install/python_package_that_uses_the_messages' for CMake module files
[3.965s] Level 1:colcon.colcon_core.environment:checking '/home/ribeiro/ros2_tutorial_workspace/install/python_package_that_uses_the_messages' for CMake config files
[3.965s] Level 1:colcon.colcon_core.environment:checking '/home/ribeiro/ros2_tutorial_workspace/install/python_package_that_uses_the_messages/lib'
[3.965s] Level 1:colcon.colcon_core.environment:checking '/home/ribeiro/ros2_tutorial_workspace/install/python_package_that_uses_the_messages/bin'
[3.965s] Level 1:colcon.colcon_core.environment:checking '/home/ribeiro/ros2_tutorial_workspace/install/python_package_that_uses_the_messages/lib/pkgconfig/python_package_that_uses_the_messages.pc'
[3.966s] Level 1:colcon.colcon_core.environment:checking '/home/ribeiro/ros2_tutorial_workspace/install/python_package_that_uses_the_messages/lib/python3.10/site-packages'
[3.966s] Level 1:colcon.colcon_core.shell:create_environment_hook('python_package_that_uses_the_messages', 'pythonpath')
[3.966s] INFO:colcon.colcon_core.shell:Creating environment hook '/home/ribeiro/ros2_tutorial_workspace/install/python_package_that_uses_the_messages/share/python_package_that_uses_the_messages/hook/pythonpath.ps1'
[3.966s] INFO:colcon.colcon_core.shell:Creating environment descriptor '/home/ribeiro/ros2_tutorial_workspace/install/python_package_that_uses_the_messages/share/python_package_that_uses_the_messages/hook/pythonpath.dsv'
[3.967s] INFO:colcon.colcon_core.shell:Creating environment hook '/home/ribeiro/ros2_tutorial_workspace/install/python_package_that_uses_the_messages/share/python_package_that_uses_the_messages/hook/pythonpath.sh'
[3.967s] DEBUG:colcon.colcon_core.event_handler.log_command:Invoked command in '/home/ribeiro/ros2_tutorial_workspace/src/python_package_that_uses_the_messages' returned '0': PYTHONPATH=/home/ribeiro/ros2_tutorial_workspace/build/python_package_that_uses_the_messages/prefix_override:/usr/lib/python3/dist-packages/colcon_core/task/python/colcon_distutils_commands:/home/ribeiro/ros2_tutorial_workspace/install/python_package_that_uses_the_messages/lib/python3.10/site-packages:${PYTHONPATH} /usr/bin/python3 -W ignore:setup.py install is deprecated -W ignore:easy_install command is deprecated setup.py egg_info --egg-base ../../build/python_package_that_uses_the_messages build --build-base /home/ribeiro/ros2_tutorial_workspace/build/python_package_that_uses_the_messages/build install --record /home/ribeiro/ros2_tutorial_workspace/build/python_package_that_uses_the_messages/install.log --install-scripts $base/lib/python_package_that_uses_the_messages --single-version-externally-managed install_data
[3.968s] Level 1:colcon.colcon_core.environment:checking '/home/ribeiro/ros2_tutorial_workspace/install/python_package_that_uses_the_messages/bin'
[3.968s] Level 1:colcon.colcon_core.environment:create_environment_scripts_only(python_package_that_uses_the_messages)
[3.969s] INFO:colcon.colcon_core.shell:Creating package script '/home/ribeiro/ros2_tutorial_workspace/install/python_package_that_uses_the_messages/share/python_package_that_uses_the_messages/package.ps1'
[3.974s] INFO:colcon.colcon_core.shell:Creating package descriptor '/home/ribeiro/ros2_tutorial_workspace/install/python_package_that_uses_the_messages/share/python_package_that_uses_the_messages/package.dsv'
[3.975s] INFO:colcon.colcon_core.shell:Creating package script '/home/ribeiro/ros2_tutorial_workspace/install/python_package_that_uses_the_messages/share/python_package_that_uses_the_messages/package.sh'
[3.976s] INFO:colcon.colcon_core.shell:Creating package script '/home/ribeiro/ros2_tutorial_workspace/install/python_package_that_uses_the_messages/share/python_package_that_uses_the_messages/package.bash'
[3.977s] INFO:colcon.colcon_core.shell:Creating package script '/home/ribeiro/ros2_tutorial_workspace/install/python_package_that_uses_the_messages/share/python_package_that_uses_the_messages/package.zsh'
[3.977s] Level 1:colcon.colcon_core.environment:create_file_with_runtime_dependencies(/home/ribeiro/ros2_tutorial_workspace/install/python_package_that_uses_the_messages/share/colcon-core/packages/python_package_that_uses_the_messages)
[3.995s] DEBUG:colcon.colcon_core.task.python.build:Available setuptools commands: build_clib, install_scripts, install_data, dist_info, build, symlink_data, bdist_rpm, develop, init_catalog, test, extract_messages, sdist, alias, egg_info, rotate, build_py, install_headers, easy_install, install_lib, install, setopt, bdist, build_ext, upload, bdist_dumb, saveopts, build_scripts, check, register, update_catalog, compile_catalog, upload_docs, bdist_egg, install_egg_info, clean
[4.005s] DEBUG:colcon.colcon_core.event_handler.log_command:Invoking command in '/home/ribeiro/ros2_tutorial_workspace/src/python_package_that_uses_the_services': PYTHONPATH=/home/ribeiro/ros2_tutorial_workspace/build/python_package_that_uses_the_services/prefix_override:/usr/lib/python3/dist-packages/colcon_core/task/python/colcon_distutils_commands:/home/ribeiro/ros2_tutorial_workspace/install/python_package_that_uses_the_services/lib/python3.10/site-packages:${PYTHONPATH} /usr/bin/python3 -W ignore:setup.py install is deprecated -W ignore:easy_install command is deprecated setup.py egg_info --egg-base ../../build/python_package_that_uses_the_services build --build-base /home/ribeiro/ros2_tutorial_workspace/build/python_package_that_uses_the_services/build install --record /home/ribeiro/ros2_tutorial_workspace/build/python_package_that_uses_the_services/install.log --install-scripts $base/lib/python_package_that_uses_the_services --single-version-externally-managed install_data
[4.183s] DEBUG:colcon.colcon_core.task.python.build:Available setuptools commands: build_clib, install_scripts, install_data, dist_info, build, symlink_data, bdist_rpm, develop, init_catalog, test, extract_messages, sdist, alias, egg_info, rotate, build_py, install_headers, easy_install, install_lib, install, setopt, bdist, build_ext, upload, bdist_dumb, saveopts, build_scripts, check, register, update_catalog, compile_catalog, upload_docs, bdist_egg, install_egg_info, clean
[4.188s] DEBUG:colcon.colcon_core.event_handler.log_command:Invoking command in '/home/ribeiro/ros2_tutorial_workspace/src/python_package_that_uses_the_library': AMENT_PREFIX_PATH=/home/ribeiro/ros2_tutorial_workspace/install/python_package_with_a_library:/home/ribeiro/ros2_tutorial_workspace/install/python_package_that_uses_the_library:/home/ribeiro/ros2_tutorial_workspace/install/python_package_that_uses_the_services:/home/ribeiro/ros2_tutorial_workspace/install/python_package_that_uses_the_messages:/home/ribeiro/ros2_tutorial_workspace/install/python_package_that_uses_parameters_and_launch_files:/home/ribeiro/ros2_tutorial_workspace/install/package_with_interfaces:/home/ribeiro/ros2_tutorial_workspace/install/cpp_package_with_a_node:/home/ribeiro/ros2_tutorial_workspace/install/articubot_one:/opt/ros/humble PYTHONPATH=/home/ribeiro/ros2_tutorial_workspace/build/python_package_that_uses_the_library/prefix_override:/usr/lib/python3/dist-packages/colcon_core/task/python/colcon_distutils_commands:/home/ribeiro/ros2_tutorial_workspace/install/python_package_that_uses_the_library/lib/python3.10/site-packages:/home/ribeiro/ros2_tutorial_workspace/install/python_package_with_a_library/lib/python3.10/site-packages:/home/ribeiro/ros2_tutorial_workspace/build/python_package_that_uses_the_library:/home/ribeiro/ros2_tutorial_workspace/install/python_package_that_uses_the_library/lib/python3.10/site-packages:/home/ribeiro/ros2_tutorial_workspace/build/python_package_with_a_library:/home/ribeiro/ros2_tutorial_workspace/build/python_package_that_uses_the_services:/home/ribeiro/ros2_tutorial_workspace/install/python_package_that_uses_the_services/lib/python3.10/site-packages:/home/ribeiro/ros2_tutorial_workspace/build/python_package_that_uses_the_messages:/home/ribeiro/ros2_tutorial_workspace/install/python_package_that_uses_the_messages/lib/python3.10/site-packages:/home/ribeiro/ros2_tutorial_workspace/build/python_package_that_uses_parameters_and_launch_files:/home/ribeiro/ros2_tutorial_workspace/install/python_package_that_uses_parameters_and_launch_files/lib/python3.10/site-packages:/home/ribeiro/ros2_tutorial_workspace/install/package_with_interfaces/local/lib/python3.10/dist-packages:/opt/ros/humble/lib/python3.10/site-packages:/opt/ros/humble/local/lib/python3.10/dist-packages /usr/bin/python3 -W ignore:setup.py install is deprecated -W ignore:easy_install command is deprecated setup.py egg_info --egg-base ../../build/python_package_that_uses_the_library build --build-base /home/ribeiro/ros2_tutorial_workspace/build/python_package_that_uses_the_library/build install --record /home/ribeiro/ros2_tutorial_workspace/build/python_package_that_uses_the_library/install.log --install-scripts $base/lib/python_package_that_uses_the_library --single-version-externally-managed install_data
[4.374s] Level 1:colcon.colcon_core.environment:checking '/home/ribeiro/ros2_tutorial_workspace/install/python_package_that_uses_the_services' for CMake module files
[4.375s] DEBUG:colcon.colcon_core.event_handler.log_command:Invoked command in '/home/ribeiro/ros2_tutorial_workspace/src/python_package_that_uses_the_services' returned '0': PYTHONPATH=/home/ribeiro/ros2_tutorial_workspace/build/python_package_that_uses_the_services/prefix_override:/usr/lib/python3/dist-packages/colcon_core/task/python/colcon_distutils_commands:/home/ribeiro/ros2_tutorial_workspace/install/python_package_that_uses_the_services/lib/python3.10/site-packages:${PYTHONPATH} /usr/bin/python3 -W ignore:setup.py install is deprecated -W ignore:easy_install command is deprecated setup.py egg_info --egg-base ../../build/python_package_that_uses_the_services build --build-base /home/ribeiro/ros2_tutorial_workspace/build/python_package_that_uses_the_services/build install --record /home/ribeiro/ros2_tutorial_workspace/build/python_package_that_uses_the_services/install.log --install-scripts $base/lib/python_package_that_uses_the_services --single-version-externally-managed install_data
[4.375s] Level 1:colcon.colcon_core.environment:checking '/home/ribeiro/ros2_tutorial_workspace/install/python_package_that_uses_the_services' for CMake config files
[4.375s] Level 1:colcon.colcon_core.environment:checking '/home/ribeiro/ros2_tutorial_workspace/install/python_package_that_uses_the_services/lib'
[4.376s] Level 1:colcon.colcon_core.environment:checking '/home/ribeiro/ros2_tutorial_workspace/install/python_package_that_uses_the_services/bin'
[4.376s] Level 1:colcon.colcon_core.environment:checking '/home/ribeiro/ros2_tutorial_workspace/install/python_package_that_uses_the_services/lib/pkgconfig/python_package_that_uses_the_services.pc'
[4.376s] Level 1:colcon.colcon_core.environment:checking '/home/ribeiro/ros2_tutorial_workspace/install/python_package_that_uses_the_services/lib/python3.10/site-packages'
[4.376s] Level 1:colcon.colcon_core.shell:create_environment_hook('python_package_that_uses_the_services', 'pythonpath')
[4.376s] INFO:colcon.colcon_core.shell:Creating environment hook '/home/ribeiro/ros2_tutorial_workspace/install/python_package_that_uses_the_services/share/python_package_that_uses_the_services/hook/pythonpath.ps1'
[4.376s] INFO:colcon.colcon_core.shell:Creating environment descriptor '/home/ribeiro/ros2_tutorial_workspace/install/python_package_that_uses_the_services/share/python_package_that_uses_the_services/hook/pythonpath.dsv'
[4.376s] INFO:colcon.colcon_core.shell:Creating environment hook '/home/ribeiro/ros2_tutorial_workspace/install/python_package_that_uses_the_services/share/python_package_that_uses_the_services/hook/pythonpath.sh'
[4.377s] Level 1:colcon.colcon_core.environment:checking '/home/ribeiro/ros2_tutorial_workspace/install/python_package_that_uses_the_services/bin'
[4.377s] Level 1:colcon.colcon_core.environment:create_environment_scripts_only(python_package_that_uses_the_services)
[4.377s] INFO:colcon.colcon_core.shell:Creating package script '/home/ribeiro/ros2_tutorial_workspace/install/python_package_that_uses_the_services/share/python_package_that_uses_the_services/package.ps1'
[4.378s] INFO:colcon.colcon_core.shell:Creating package descriptor '/home/ribeiro/ros2_tutorial_workspace/install/python_package_that_uses_the_services/share/python_package_that_uses_the_services/package.dsv'
[4.378s] INFO:colcon.colcon_core.shell:Creating package script '/home/ribeiro/ros2_tutorial_workspace/install/python_package_that_uses_the_services/share/python_package_that_uses_the_services/package.sh'
[4.378s] INFO:colcon.colcon_core.shell:Creating package script '/home/ribeiro/ros2_tutorial_workspace/install/python_package_that_uses_the_services/share/python_package_that_uses_the_services/package.bash'
[4.378s] INFO:colcon.colcon_core.shell:Creating package script '/home/ribeiro/ros2_tutorial_workspace/install/python_package_that_uses_the_services/share/python_package_that_uses_the_services/package.zsh'
[4.379s] Level 1:colcon.colcon_core.environment:create_file_with_runtime_dependencies(/home/ribeiro/ros2_tutorial_workspace/install/python_package_that_uses_the_services/share/colcon-core/packages/python_package_that_uses_the_services)
[4.557s] Level 1:colcon.colcon_core.environment:checking '/home/ribeiro/ros2_tutorial_workspace/install/python_package_that_uses_the_library' for CMake module files
[4.558s] DEBUG:colcon.colcon_core.event_handler.log_command:Invoked command in '/home/ribeiro/ros2_tutorial_workspace/src/python_package_that_uses_the_library' returned '0': AMENT_PREFIX_PATH=/home/ribeiro/ros2_tutorial_workspace/install/python_package_with_a_library:/home/ribeiro/ros2_tutorial_workspace/install/python_package_that_uses_the_library:/home/ribeiro/ros2_tutorial_workspace/install/python_package_that_uses_the_services:/home/ribeiro/ros2_tutorial_workspace/install/python_package_that_uses_the_messages:/home/ribeiro/ros2_tutorial_workspace/install/python_package_that_uses_parameters_and_launch_files:/home/ribeiro/ros2_tutorial_workspace/install/package_with_interfaces:/home/ribeiro/ros2_tutorial_workspace/install/cpp_package_with_a_node:/home/ribeiro/ros2_tutorial_workspace/install/articubot_one:/opt/ros/humble PYTHONPATH=/home/ribeiro/ros2_tutorial_workspace/build/python_package_that_uses_the_library/prefix_override:/usr/lib/python3/dist-packages/colcon_core/task/python/colcon_distutils_commands:/home/ribeiro/ros2_tutorial_workspace/install/python_package_that_uses_the_library/lib/python3.10/site-packages:/home/ribeiro/ros2_tutorial_workspace/install/python_package_with_a_library/lib/python3.10/site-packages:/home/ribeiro/ros2_tutorial_workspace/build/python_package_that_uses_the_library:/home/ribeiro/ros2_tutorial_workspace/install/python_package_that_uses_the_library/lib/python3.10/site-packages:/home/ribeiro/ros2_tutorial_workspace/build/python_package_with_a_library:/home/ribeiro/ros2_tutorial_workspace/build/python_package_that_uses_the_services:/home/ribeiro/ros2_tutorial_workspace/install/python_package_that_uses_the_services/lib/python3.10/site-packages:/home/ribeiro/ros2_tutorial_workspace/build/python_package_that_uses_the_messages:/home/ribeiro/ros2_tutorial_workspace/install/python_package_that_uses_the_messages/lib/python3.10/site-packages:/home/ribeiro/ros2_tutorial_workspace/build/python_package_that_uses_parameters_and_launch_files:/home/ribeiro/ros2_tutorial_workspace/install/python_package_that_uses_parameters_and_launch_files/lib/python3.10/site-packages:/home/ribeiro/ros2_tutorial_workspace/install/package_with_interfaces/local/lib/python3.10/dist-packages:/opt/ros/humble/lib/python3.10/site-packages:/opt/ros/humble/local/lib/python3.10/dist-packages /usr/bin/python3 -W ignore:setup.py install is deprecated -W ignore:easy_install command is deprecated setup.py egg_info --egg-base ../../build/python_package_that_uses_the_library build --build-base /home/ribeiro/ros2_tutorial_workspace/build/python_package_that_uses_the_library/build install --record /home/ribeiro/ros2_tutorial_workspace/build/python_package_that_uses_the_library/install.log --install-scripts $base/lib/python_package_that_uses_the_library --single-version-externally-managed install_data
[4.558s] Level 1:colcon.colcon_core.environment:checking '/home/ribeiro/ros2_tutorial_workspace/install/python_package_that_uses_the_library' for CMake config files
[4.558s] Level 1:colcon.colcon_core.environment:checking '/home/ribeiro/ros2_tutorial_workspace/install/python_package_that_uses_the_library/lib'
[4.558s] Level 1:colcon.colcon_core.environment:checking '/home/ribeiro/ros2_tutorial_workspace/install/python_package_that_uses_the_library/bin'
[4.558s] Level 1:colcon.colcon_core.environment:checking '/home/ribeiro/ros2_tutorial_workspace/install/python_package_that_uses_the_library/lib/pkgconfig/python_package_that_uses_the_library.pc'
[4.559s] Level 1:colcon.colcon_core.environment:checking '/home/ribeiro/ros2_tutorial_workspace/install/python_package_that_uses_the_library/lib/python3.10/site-packages'
[4.559s] Level 1:colcon.colcon_core.shell:create_environment_hook('python_package_that_uses_the_library', 'pythonpath')
[4.559s] INFO:colcon.colcon_core.shell:Creating environment hook '/home/ribeiro/ros2_tutorial_workspace/install/python_package_that_uses_the_library/share/python_package_that_uses_the_library/hook/pythonpath.ps1'
[4.560s] INFO:colcon.colcon_core.shell:Creating environment descriptor '/home/ribeiro/ros2_tutorial_workspace/install/python_package_that_uses_the_library/share/python_package_that_uses_the_library/hook/pythonpath.dsv'
[4.560s] INFO:colcon.colcon_core.shell:Creating environment hook '/home/ribeiro/ros2_tutorial_workspace/install/python_package_that_uses_the_library/share/python_package_that_uses_the_library/hook/pythonpath.sh'
[4.561s] Level 1:colcon.colcon_core.environment:checking '/home/ribeiro/ros2_tutorial_workspace/install/python_package_that_uses_the_library/bin'
[4.561s] Level 1:colcon.colcon_core.environment:create_environment_scripts_only(python_package_that_uses_the_library)
[4.561s] INFO:colcon.colcon_core.shell:Creating package script '/home/ribeiro/ros2_tutorial_workspace/install/python_package_that_uses_the_library/share/python_package_that_uses_the_library/package.ps1'
[4.561s] INFO:colcon.colcon_core.shell:Creating package descriptor '/home/ribeiro/ros2_tutorial_workspace/install/python_package_that_uses_the_library/share/python_package_that_uses_the_library/package.dsv'
[4.562s] INFO:colcon.colcon_core.shell:Creating package script '/home/ribeiro/ros2_tutorial_workspace/install/python_package_that_uses_the_library/share/python_package_that_uses_the_library/package.sh'
[4.562s] INFO:colcon.colcon_core.shell:Creating package script '/home/ribeiro/ros2_tutorial_workspace/install/python_package_that_uses_the_library/share/python_package_that_uses_the_library/package.bash'
[4.562s] INFO:colcon.colcon_core.shell:Creating package script '/home/ribeiro/ros2_tutorial_workspace/install/python_package_that_uses_the_library/share/python_package_that_uses_the_library/package.zsh'
[4.563s] Level 1:colcon.colcon_core.environment:create_file_with_runtime_dependencies(/home/ribeiro/ros2_tutorial_workspace/install/python_package_that_uses_the_library/share/colcon-core/packages/python_package_that_uses_the_library)
[4.563s] DEBUG:colcon.colcon_parallel_executor.executor.parallel:closing loop
[4.563s] DEBUG:colcon.colcon_parallel_executor.executor.parallel:loop closed
[4.563s] DEBUG:colcon.colcon_parallel_executor.executor.parallel:run_until_complete finished with '0'
[4.563s] DEBUG:colcon.colcon_core.event_reactor:joining thread
[4.665s] INFO:colcon.colcon_core.plugin_system:Skipping extension 'colcon_notification.desktop_notification.notify_send': Could not find 'notify-send'
[4.666s] INFO:colcon.colcon_core.plugin_system:Skipping extension 'colcon_notification.desktop_notification.terminal_notifier': Not used on non-Darwin systems
[4.666s] INFO:colcon.colcon_core.plugin_system:Skipping extension 'colcon_notification.desktop_notification.win32': Not used on non-Windows systems
[4.666s] INFO:colcon.colcon_notification.desktop_notification:Sending desktop notification using 'notify2'
[4.666s] DEBUG:colcon.colcon_notification.desktop_notification.notify2:Failed to initialize notify2: org.freedesktop.DBus.Error.FileNotFound: Failed to connect to socket /run/user/1000/bus: No such file or directory
[4.667s] DEBUG:colcon.colcon_core.event_reactor:joined thread
[4.667s] INFO:colcon.colcon_core.shell:Creating prefix script '/home/ribeiro/ros2_tutorial_workspace/install/local_setup.ps1'
[4.670s] INFO:colcon.colcon_core.shell:Creating prefix util module '/home/ribeiro/ros2_tutorial_workspace/install/_local_setup_util_ps1.py'
[4.673s] INFO:colcon.colcon_core.shell:Creating prefix chain script '/home/ribeiro/ros2_tutorial_workspace/install/setup.ps1'
[4.674s] INFO:colcon.colcon_core.shell:Creating prefix script '/home/ribeiro/ros2_tutorial_workspace/install/local_setup.sh'
[4.675s] INFO:colcon.colcon_core.shell:Creating prefix util module '/home/ribeiro/ros2_tutorial_workspace/install/_local_setup_util_sh.py'
[4.676s] INFO:colcon.colcon_core.shell:Creating prefix chain script '/home/ribeiro/ros2_tutorial_workspace/install/setup.sh'
[4.677s] INFO:colcon.colcon_core.shell:Creating prefix script '/home/ribeiro/ros2_tutorial_workspace/install/local_setup.bash'
[4.679s] INFO:colcon.colcon_core.shell:Creating prefix chain script '/home/ribeiro/ros2_tutorial_workspace/install/setup.bash'
[4.680s] INFO:colcon.colcon_core.shell:Creating prefix script '/home/ribeiro/ros2_tutorial_workspace/install/local_setup.zsh'
[4.681s] INFO:colcon.colcon_core.shell:Creating prefix chain script '/home/ribeiro/ros2_tutorial_workspace/install/setup.zsh'
