[0.205s] DEBUG:colcon:Command line arguments: ['/usr/bin/colcon', 'build']
[0.205s] DEBUG:colcon:Parsed command line arguments: Namespace(log_base=None, log_level=None, verb_name='build', build_base='build', install_base='install', merge_install=False, symlink_install=False, test_result_base=None, continue_on_error=False, executor='parallel', parallel_workers=6, event_handlers=None, ignore_user_meta=False, metas=['./colcon.meta'], base_paths=['.'], packages_ignore=None, packages_ignore_regex=None, paths=None, packages_up_to=None, packages_up_to_regex=None, packages_above=None, packages_above_and_dependencies=None, packages_above_depth=None, packages_select_by_dep=None, packages_skip_by_dep=None, packages_skip_up_to=None, packages_select_build_failed=False, packages_skip_build_finished=False, packages_select_test_failures=False, packages_skip_test_passed=False, packages_select=None, packages_skip=None, packages_select_regex=None, packages_skip_regex=None, packages_start=None, packages_end=None, allow_overriding=[], cmake_args=None, cmake_target=None, cmake_target_skip_unavailable=False, cmake_clean_cache=False, cmake_clean_first=False, cmake_force_configure=False, ament_cmake_args=None, catkin_cmake_args=None, catkin_skip_building_tests=False, mixin_files=None, mixin=None, verb_parser=<colcon_mixin.mixin.mixin_argument.MixinArgumentDecorator object at 0x7f180b9f2e00>, verb_extension=<colcon_core.verb.build.BuildVerb object at 0x7f180bb63f10>, main=<bound method BuildVerb.main of <colcon_core.verb.build.BuildVerb object at 0x7f180bb63f10>>, mixin_verb=('build',))
[0.536s] Level 1:colcon.colcon_core.package_discovery:discover_packages(colcon_meta) check parameters
[0.536s] Level 1:colcon.colcon_core.package_discovery:discover_packages(recursive) check parameters
[0.536s] Level 1:colcon.colcon_core.package_discovery:discover_packages(ignore) check parameters
[0.536s] Level 1:colcon.colcon_core.package_discovery:discover_packages(path) check parameters
[0.536s] Level 1:colcon.colcon_core.package_discovery:discover_packages(colcon_meta) discover
[0.536s] Level 1:colcon.colcon_core.package_discovery:discover_packages(recursive) discover
[0.536s] INFO:colcon.colcon_core.package_discovery:Crawling recursively for packages in '/home/ribeiro/ros2_tutorial_workspace'
[0.536s] Level 1:colcon.colcon_core.package_identification:_identify(.) by extensions ['ignore', 'ignore_ament_install']
[0.537s] Level 1:colcon.colcon_core.package_identification:_identify(.) by extension 'ignore'
[0.537s] Level 1:colcon.colcon_core.package_identification:_identify(.) by extension 'ignore_ament_install'
[0.537s] Level 1:colcon.colcon_core.package_identification:_identify(.) by extensions ['colcon_pkg']
[0.537s] Level 1:colcon.colcon_core.package_identification:_identify(.) by extension 'colcon_pkg'
[0.537s] Level 1:colcon.colcon_core.package_identification:_identify(.) by extensions ['colcon_meta']
[0.537s] Level 1:colcon.colcon_core.package_identification:_identify(.) by extension 'colcon_meta'
[0.537s] Level 1:colcon.colcon_core.package_identification:_identify(.) by extensions ['ros']
[0.537s] Level 1:colcon.colcon_core.package_identification:_identify(.) by extension 'ros'
[0.547s] Level 1:colcon.colcon_core.package_identification:_identify(.) by extensions ['cmake', 'python']
[0.547s] Level 1:colcon.colcon_core.package_identification:_identify(.) by extension 'cmake'
[0.547s] Level 1:colcon.colcon_core.package_identification:_identify(.) by extension 'python'
[0.548s] Level 1:colcon.colcon_core.package_identification:_identify(.) by extensions ['python_setup_py']
[0.548s] Level 1:colcon.colcon_core.package_identification:_identify(.) by extension 'python_setup_py'
[0.548s] Level 1:colcon.colcon_core.package_identification:_identify(build) by extensions ['ignore', 'ignore_ament_install']
[0.548s] Level 1:colcon.colcon_core.package_identification:_identify(build) by extension 'ignore'
[0.548s] Level 1:colcon.colcon_core.package_identification:_identify(build) ignored
[0.548s] Level 1:colcon.colcon_core.package_identification:_identify(install) by extensions ['ignore', 'ignore_ament_install']
[0.548s] Level 1:colcon.colcon_core.package_identification:_identify(install) by extension 'ignore'
[0.548s] Level 1:colcon.colcon_core.package_identification:_identify(install) ignored
[0.549s] Level 1:colcon.colcon_core.package_identification:_identify(log) by extensions ['ignore', 'ignore_ament_install']
[0.549s] Level 1:colcon.colcon_core.package_identification:_identify(log) by extension 'ignore'
[0.549s] Level 1:colcon.colcon_core.package_identification:_identify(log) ignored
[0.549s] Level 1:colcon.colcon_core.package_identification:_identify(src) by extensions ['ignore', 'ignore_ament_install']
[0.549s] Level 1:colcon.colcon_core.package_identification:_identify(src) by extension 'ignore'
[0.549s] Level 1:colcon.colcon_core.package_identification:_identify(src) by extension 'ignore_ament_install'
[0.549s] Level 1:colcon.colcon_core.package_identification:_identify(src) by extensions ['colcon_pkg']
[0.549s] Level 1:colcon.colcon_core.package_identification:_identify(src) by extension 'colcon_pkg'
[0.549s] Level 1:colcon.colcon_core.package_identification:_identify(src) by extensions ['colcon_meta']
[0.550s] Level 1:colcon.colcon_core.package_identification:_identify(src) by extension 'colcon_meta'
[0.550s] Level 1:colcon.colcon_core.package_identification:_identify(src) by extensions ['ros']
[0.550s] Level 1:colcon.colcon_core.package_identification:_identify(src) by extension 'ros'
[0.550s] Level 1:colcon.colcon_core.package_identification:_identify(src) by extensions ['cmake', 'python']
[0.550s] Level 1:colcon.colcon_core.package_identification:_identify(src) by extension 'cmake'
[0.550s] Level 1:colcon.colcon_core.package_identification:_identify(src) by extension 'python'
[0.550s] Level 1:colcon.colcon_core.package_identification:_identify(src) by extensions ['python_setup_py']
[0.550s] Level 1:colcon.colcon_core.package_identification:_identify(src) by extension 'python_setup_py'
[0.550s] Level 1:colcon.colcon_core.package_identification:_identify(src/cpp_package_with_a_library) by extensions ['ignore', 'ignore_ament_install']
[0.550s] Level 1:colcon.colcon_core.package_identification:_identify(src/cpp_package_with_a_library) by extension 'ignore'
[0.551s] Level 1:colcon.colcon_core.package_identification:_identify(src/cpp_package_with_a_library) by extension 'ignore_ament_install'
[0.551s] Level 1:colcon.colcon_core.package_identification:_identify(src/cpp_package_with_a_library) by extensions ['colcon_pkg']
[0.551s] Level 1:colcon.colcon_core.package_identification:_identify(src/cpp_package_with_a_library) by extension 'colcon_pkg'
[0.551s] Level 1:colcon.colcon_core.package_identification:_identify(src/cpp_package_with_a_library) by extensions ['colcon_meta']
[0.551s] Level 1:colcon.colcon_core.package_identification:_identify(src/cpp_package_with_a_library) by extension 'colcon_meta'
[0.551s] Level 1:colcon.colcon_core.package_identification:_identify(src/cpp_package_with_a_library) by extensions ['ros']
[0.551s] Level 1:colcon.colcon_core.package_identification:_identify(src/cpp_package_with_a_library) by extension 'ros'
[0.554s] DEBUG:colcon.colcon_core.package_identification:Package 'src/cpp_package_with_a_library' with type 'ros.ament_cmake' and name 'cpp_package_with_a_library'
[0.554s] Level 1:colcon.colcon_core.package_identification:_identify(src/cpp_package_with_a_node) by extensions ['ignore', 'ignore_ament_install']
[0.555s] Level 1:colcon.colcon_core.package_identification:_identify(src/cpp_package_with_a_node) by extension 'ignore'
[0.555s] Level 1:colcon.colcon_core.package_identification:_identify(src/cpp_package_with_a_node) by extension 'ignore_ament_install'
[0.555s] Level 1:colcon.colcon_core.package_identification:_identify(src/cpp_package_with_a_node) by extensions ['colcon_pkg']
[0.555s] Level 1:colcon.colcon_core.package_identification:_identify(src/cpp_package_with_a_node) by extension 'colcon_pkg'
[0.555s] Level 1:colcon.colcon_core.package_identification:_identify(src/cpp_package_with_a_node) by extensions ['colcon_meta']
[0.555s] Level 1:colcon.colcon_core.package_identification:_identify(src/cpp_package_with_a_node) by extension 'colcon_meta'
[0.555s] Level 1:colcon.colcon_core.package_identification:_identify(src/cpp_package_with_a_node) by extensions ['ros']
[0.555s] Level 1:colcon.colcon_core.package_identification:_identify(src/cpp_package_with_a_node) by extension 'ros'
[0.556s] DEBUG:colcon.colcon_core.package_identification:Package 'src/cpp_package_with_a_node' with type 'ros.ament_cmake' and name 'cpp_package_with_a_node'
[0.556s] Level 1:colcon.colcon_core.package_identification:_identify(src/package_with_interfaces) by extensions ['ignore', 'ignore_ament_install']
[0.556s] Level 1:colcon.colcon_core.package_identification:_identify(src/package_with_interfaces) by extension 'ignore'
[0.556s] Level 1:colcon.colcon_core.package_identification:_identify(src/package_with_interfaces) by extension 'ignore_ament_install'
[0.556s] Level 1:colcon.colcon_core.package_identification:_identify(src/package_with_interfaces) by extensions ['colcon_pkg']
[0.556s] Level 1:colcon.colcon_core.package_identification:_identify(src/package_with_interfaces) by extension 'colcon_pkg'
[0.556s] Level 1:colcon.colcon_core.package_identification:_identify(src/package_with_interfaces) by extensions ['colcon_meta']
[0.556s] Level 1:colcon.colcon_core.package_identification:_identify(src/package_with_interfaces) by extension 'colcon_meta'
[0.556s] Level 1:colcon.colcon_core.package_identification:_identify(src/package_with_interfaces) by extensions ['ros']
[0.556s] Level 1:colcon.colcon_core.package_identification:_identify(src/package_with_interfaces) by extension 'ros'
[0.557s] DEBUG:colcon.colcon_core.package_identification:Package 'src/package_with_interfaces' with type 'ros.ament_cmake' and name 'package_with_interfaces'
[0.557s] Level 1:colcon.colcon_core.package_identification:_identify(src/python_package_that_uses_parameters_and_launch_files) by extensions ['ignore', 'ignore_ament_install']
[0.557s] Level 1:colcon.colcon_core.package_identification:_identify(src/python_package_that_uses_parameters_and_launch_files) by extension 'ignore'
[0.557s] Level 1:colcon.colcon_core.package_identification:_identify(src/python_package_that_uses_parameters_and_launch_files) by extension 'ignore_ament_install'
[0.557s] Level 1:colcon.colcon_core.package_identification:_identify(src/python_package_that_uses_parameters_and_launch_files) by extensions ['colcon_pkg']
[0.557s] Level 1:colcon.colcon_core.package_identification:_identify(src/python_package_that_uses_parameters_and_launch_files) by extension 'colcon_pkg'
[0.558s] Level 1:colcon.colcon_core.package_identification:_identify(src/python_package_that_uses_parameters_and_launch_files) by extensions ['colcon_meta']
[0.558s] Level 1:colcon.colcon_core.package_identification:_identify(src/python_package_that_uses_parameters_and_launch_files) by extension 'colcon_meta'
[0.558s] Level 1:colcon.colcon_core.package_identification:_identify(src/python_package_that_uses_parameters_and_launch_files) by extensions ['ros']
[0.558s] Level 1:colcon.colcon_core.package_identification:_identify(src/python_package_that_uses_parameters_and_launch_files) by extension 'ros'
[0.558s] DEBUG:colcon.colcon_core.package_identification:Package 'src/python_package_that_uses_parameters_and_launch_files' with type 'ros.ament_python' and name 'python_package_that_uses_parameters_and_launch_files'
[0.558s] Level 1:colcon.colcon_core.package_identification:_identify(src/python_package_that_uses_the_library) by extensions ['ignore', 'ignore_ament_install']
[0.559s] Level 1:colcon.colcon_core.package_identification:_identify(src/python_package_that_uses_the_library) by extension 'ignore'
[0.559s] Level 1:colcon.colcon_core.package_identification:_identify(src/python_package_that_uses_the_library) by extension 'ignore_ament_install'
[0.559s] Level 1:colcon.colcon_core.package_identification:_identify(src/python_package_that_uses_the_library) by extensions ['colcon_pkg']
[0.559s] Level 1:colcon.colcon_core.package_identification:_identify(src/python_package_that_uses_the_library) by extension 'colcon_pkg'
[0.559s] Level 1:colcon.colcon_core.package_identification:_identify(src/python_package_that_uses_the_library) by extensions ['colcon_meta']
[0.559s] Level 1:colcon.colcon_core.package_identification:_identify(src/python_package_that_uses_the_library) by extension 'colcon_meta'
[0.559s] Level 1:colcon.colcon_core.package_identification:_identify(src/python_package_that_uses_the_library) by extensions ['ros']
[0.559s] Level 1:colcon.colcon_core.package_identification:_identify(src/python_package_that_uses_the_library) by extension 'ros'
[0.560s] DEBUG:colcon.colcon_core.package_identification:Package 'src/python_package_that_uses_the_library' with type 'ros.ament_python' and name 'python_package_that_uses_the_library'
[0.560s] Level 1:colcon.colcon_core.package_identification:_identify(src/python_package_that_uses_the_messages) by extensions ['ignore', 'ignore_ament_install']
[0.560s] Level 1:colcon.colcon_core.package_identification:_identify(src/python_package_that_uses_the_messages) by extension 'ignore'
[0.560s] Level 1:colcon.colcon_core.package_identification:_identify(src/python_package_that_uses_the_messages) by extension 'ignore_ament_install'
[0.560s] Level 1:colcon.colcon_core.package_identification:_identify(src/python_package_that_uses_the_messages) by extensions ['colcon_pkg']
[0.560s] Level 1:colcon.colcon_core.package_identification:_identify(src/python_package_that_uses_the_messages) by extension 'colcon_pkg'
[0.560s] Level 1:colcon.colcon_core.package_identification:_identify(src/python_package_that_uses_the_messages) by extensions ['colcon_meta']
[0.560s] Level 1:colcon.colcon_core.package_identification:_identify(src/python_package_that_uses_the_messages) by extension 'colcon_meta'
[0.560s] Level 1:colcon.colcon_core.package_identification:_identify(src/python_package_that_uses_the_messages) by extensions ['ros']
[0.560s] Level 1:colcon.colcon_core.package_identification:_identify(src/python_package_that_uses_the_messages) by extension 'ros'
[0.561s] DEBUG:colcon.colcon_core.package_identification:Package 'src/python_package_that_uses_the_messages' with type 'ros.ament_python' and name 'python_package_that_uses_the_messages'
[0.561s] Level 1:colcon.colcon_core.package_identification:_identify(src/python_package_that_uses_the_services) by extensions ['ignore', 'ignore_ament_install']
[0.561s] Level 1:colcon.colcon_core.package_identification:_identify(src/python_package_that_uses_the_services) by extension 'ignore'
[0.561s] Level 1:colcon.colcon_core.package_identification:_identify(src/python_package_that_uses_the_services) by extension 'ignore_ament_install'
[0.561s] Level 1:colcon.colcon_core.package_identification:_identify(src/python_package_that_uses_the_services) by extensions ['colcon_pkg']
[0.561s] Level 1:colcon.colcon_core.package_identification:_identify(src/python_package_that_uses_the_services) by extension 'colcon_pkg'
[0.562s] Level 1:colcon.colcon_core.package_identification:_identify(src/python_package_that_uses_the_services) by extensions ['colcon_meta']
[0.562s] Level 1:colcon.colcon_core.package_identification:_identify(src/python_package_that_uses_the_services) by extension 'colcon_meta'
[0.562s] Level 1:colcon.colcon_core.package_identification:_identify(src/python_package_that_uses_the_services) by extensions ['ros']
[0.562s] Level 1:colcon.colcon_core.package_identification:_identify(src/python_package_that_uses_the_services) by extension 'ros'
[0.562s] DEBUG:colcon.colcon_core.package_identification:Package 'src/python_package_that_uses_the_services' with type 'ros.ament_python' and name 'python_package_that_uses_the_services'
[0.562s] Level 1:colcon.colcon_core.package_identification:_identify(src/python_package_with_a_library) by extensions ['ignore', 'ignore_ament_install']
[0.563s] Level 1:colcon.colcon_core.package_identification:_identify(src/python_package_with_a_library) by extension 'ignore'
[0.563s] Level 1:colcon.colcon_core.package_identification:_identify(src/python_package_with_a_library) by extension 'ignore_ament_install'
[0.563s] Level 1:colcon.colcon_core.package_identification:_identify(src/python_package_with_a_library) by extensions ['colcon_pkg']
[0.563s] Level 1:colcon.colcon_core.package_identification:_identify(src/python_package_with_a_library) by extension 'colcon_pkg'
[0.563s] Level 1:colcon.colcon_core.package_identification:_identify(src/python_package_with_a_library) by extensions ['colcon_meta']
[0.563s] Level 1:colcon.colcon_core.package_identification:_identify(src/python_package_with_a_library) by extension 'colcon_meta'
[0.563s] Level 1:colcon.colcon_core.package_identification:_identify(src/python_package_with_a_library) by extensions ['ros']
[0.563s] Level 1:colcon.colcon_core.package_identification:_identify(src/python_package_with_a_library) by extension 'ros'
[0.564s] DEBUG:colcon.colcon_core.package_identification:Package 'src/python_package_with_a_library' with type 'ros.ament_python' and name 'python_package_with_a_library'
[0.564s] Level 1:colcon.colcon_core.package_discovery:discover_packages(recursive) using defaults
[0.564s] Level 1:colcon.colcon_core.package_discovery:discover_packages(ignore) discover
[0.564s] Level 1:colcon.colcon_core.package_discovery:discover_packages(ignore) using defaults
[0.564s] Level 1:colcon.colcon_core.package_discovery:discover_packages(path) discover
[0.564s] Level 1:colcon.colcon_core.package_discovery:discover_packages(path) using defaults
[0.596s] Level 1:colcon.colcon_core.package_discovery:discover_packages(prefix_path) check parameters
[0.596s] Level 1:colcon.colcon_core.package_discovery:discover_packages(prefix_path) discover
[0.601s] DEBUG:colcon.colcon_installed_package_information.package_discovery:Found 9 installed packages in /home/ribeiro/ros2_tutorial_workspace/install
[0.603s] DEBUG:colcon.colcon_installed_package_information.package_discovery:Found 273 installed packages in /opt/ros/humble
[0.604s] Level 1:colcon.colcon_core.package_discovery:discover_packages(prefix_path) using defaults
[0.668s] Level 5:colcon.colcon_core.verb:set package 'cpp_package_with_a_library' build argument 'cmake_args' from command line to 'None'
[0.668s] Level 5:colcon.colcon_core.verb:set package 'cpp_package_with_a_library' build argument 'cmake_target' from command line to 'None'
[0.668s] Level 5:colcon.colcon_core.verb:set package 'cpp_package_with_a_library' build argument 'cmake_target_skip_unavailable' from command line to 'False'
[0.668s] Level 5:colcon.colcon_core.verb:set package 'cpp_package_with_a_library' build argument 'cmake_clean_cache' from command line to 'False'
[0.668s] Level 5:colcon.colcon_core.verb:set package 'cpp_package_with_a_library' build argument 'cmake_clean_first' from command line to 'False'
[0.668s] Level 5:colcon.colcon_core.verb:set package 'cpp_package_with_a_library' build argument 'cmake_force_configure' from command line to 'False'
[0.668s] Level 5:colcon.colcon_core.verb:set package 'cpp_package_with_a_library' build argument 'ament_cmake_args' from command line to 'None'
[0.668s] Level 5:colcon.colcon_core.verb:set package 'cpp_package_with_a_library' build argument 'catkin_cmake_args' from command line to 'None'
[0.668s] Level 5:colcon.colcon_core.verb:set package 'cpp_package_with_a_library' build argument 'catkin_skip_building_tests' from command line to 'False'
[0.668s] DEBUG:colcon.colcon_core.verb:Building package 'cpp_package_with_a_library' with the following arguments: {'ament_cmake_args': None, 'build_base': '/home/ribeiro/ros2_tutorial_workspace/build/cpp_package_with_a_library', 'catkin_cmake_args': None, 'catkin_skip_building_tests': False, 'cmake_args': None, 'cmake_clean_cache': False, 'cmake_clean_first': False, 'cmake_force_configure': False, 'cmake_target': None, 'cmake_target_skip_unavailable': False, 'install_base': '/home/ribeiro/ros2_tutorial_workspace/install/cpp_package_with_a_library', 'merge_install': False, 'path': '/home/ribeiro/ros2_tutorial_workspace/src/cpp_package_with_a_library', 'symlink_install': False, 'test_result_base': None}
[0.669s] Level 5:colcon.colcon_core.verb:set package 'cpp_package_with_a_node' build argument 'cmake_args' from command line to 'None'
[0.669s] Level 5:colcon.colcon_core.verb:set package 'cpp_package_with_a_node' build argument 'cmake_target' from command line to 'None'
[0.669s] Level 5:colcon.colcon_core.verb:set package 'cpp_package_with_a_node' build argument 'cmake_target_skip_unavailable' from command line to 'False'
[0.669s] Level 5:colcon.colcon_core.verb:set package 'cpp_package_with_a_node' build argument 'cmake_clean_cache' from command line to 'False'
[0.669s] Level 5:colcon.colcon_core.verb:set package 'cpp_package_with_a_node' build argument 'cmake_clean_first' from command line to 'False'
[0.669s] Level 5:colcon.colcon_core.verb:set package 'cpp_package_with_a_node' build argument 'cmake_force_configure' from command line to 'False'
[0.669s] Level 5:colcon.colcon_core.verb:set package 'cpp_package_with_a_node' build argument 'ament_cmake_args' from command line to 'None'
[0.669s] Level 5:colcon.colcon_core.verb:set package 'cpp_package_with_a_node' build argument 'catkin_cmake_args' from command line to 'None'
[0.669s] Level 5:colcon.colcon_core.verb:set package 'cpp_package_with_a_node' build argument 'catkin_skip_building_tests' from command line to 'False'
[0.669s] DEBUG:colcon.colcon_core.verb:Building package 'cpp_package_with_a_node' with the following arguments: {'ament_cmake_args': None, 'build_base': '/home/ribeiro/ros2_tutorial_workspace/build/cpp_package_with_a_node', 'catkin_cmake_args': None, 'catkin_skip_building_tests': False, 'cmake_args': None, 'cmake_clean_cache': False, 'cmake_clean_first': False, 'cmake_force_configure': False, 'cmake_target': None, 'cmake_target_skip_unavailable': False, 'install_base': '/home/ribeiro/ros2_tutorial_workspace/install/cpp_package_with_a_node', 'merge_install': False, 'path': '/home/ribeiro/ros2_tutorial_workspace/src/cpp_package_with_a_node', 'symlink_install': False, 'test_result_base': None}
[0.669s] Level 5:colcon.colcon_core.verb:set package 'package_with_interfaces' build argument 'cmake_args' from command line to 'None'
[0.669s] Level 5:colcon.colcon_core.verb:set package 'package_with_interfaces' build argument 'cmake_target' from command line to 'None'
[0.669s] Level 5:colcon.colcon_core.verb:set package 'package_with_interfaces' build argument 'cmake_target_skip_unavailable' from command line to 'False'
[0.669s] Level 5:colcon.colcon_core.verb:set package 'package_with_interfaces' build argument 'cmake_clean_cache' from command line to 'False'
[0.669s] Level 5:colcon.colcon_core.verb:set package 'package_with_interfaces' build argument 'cmake_clean_first' from command line to 'False'
[0.669s] Level 5:colcon.colcon_core.verb:set package 'package_with_interfaces' build argument 'cmake_force_configure' from command line to 'False'
[0.669s] Level 5:colcon.colcon_core.verb:set package 'package_with_interfaces' build argument 'ament_cmake_args' from command line to 'None'
[0.669s] Level 5:colcon.colcon_core.verb:set package 'package_with_interfaces' build argument 'catkin_cmake_args' from command line to 'None'
[0.669s] Level 5:colcon.colcon_core.verb:set package 'package_with_interfaces' build argument 'catkin_skip_building_tests' from command line to 'False'
[0.669s] DEBUG:colcon.colcon_core.verb:Building package 'package_with_interfaces' with the following arguments: {'ament_cmake_args': None, 'build_base': '/home/ribeiro/ros2_tutorial_workspace/build/package_with_interfaces', 'catkin_cmake_args': None, 'catkin_skip_building_tests': False, 'cmake_args': None, 'cmake_clean_cache': False, 'cmake_clean_first': False, 'cmake_force_configure': False, 'cmake_target': None, 'cmake_target_skip_unavailable': False, 'install_base': '/home/ribeiro/ros2_tutorial_workspace/install/package_with_interfaces', 'merge_install': False, 'path': '/home/ribeiro/ros2_tutorial_workspace/src/package_with_interfaces', 'symlink_install': False, 'test_result_base': None}
[0.670s] Level 5:colcon.colcon_core.verb:set package 'python_package_with_a_library' build argument 'cmake_args' from command line to 'None'
[0.670s] Level 5:colcon.colcon_core.verb:set package 'python_package_with_a_library' build argument 'cmake_target' from command line to 'None'
[0.670s] Level 5:colcon.colcon_core.verb:set package 'python_package_with_a_library' build argument 'cmake_target_skip_unavailable' from command line to 'False'
[0.670s] Level 5:colcon.colcon_core.verb:set package 'python_package_with_a_library' build argument 'cmake_clean_cache' from command line to 'False'
[0.670s] Level 5:colcon.colcon_core.verb:set package 'python_package_with_a_library' build argument 'cmake_clean_first' from command line to 'False'
[0.670s] Level 5:colcon.colcon_core.verb:set package 'python_package_with_a_library' build argument 'cmake_force_configure' from command line to 'False'
[0.670s] Level 5:colcon.colcon_core.verb:set package 'python_package_with_a_library' build argument 'ament_cmake_args' from command line to 'None'
[0.670s] Level 5:colcon.colcon_core.verb:set package 'python_package_with_a_library' build argument 'catkin_cmake_args' from command line to 'None'
[0.670s] Level 5:colcon.colcon_core.verb:set package 'python_package_with_a_library' build argument 'catkin_skip_building_tests' from command line to 'False'
[0.670s] DEBUG:colcon.colcon_core.verb:Building package 'python_package_with_a_library' with the following arguments: {'ament_cmake_args': None, 'build_base': '/home/ribeiro/ros2_tutorial_workspace/build/python_package_with_a_library', 'catkin_cmake_args': None, 'catkin_skip_building_tests': False, 'cmake_args': None, 'cmake_clean_cache': False, 'cmake_clean_first': False, 'cmake_force_configure': False, 'cmake_target': None, 'cmake_target_skip_unavailable': False, 'install_base': '/home/ribeiro/ros2_tutorial_workspace/install/python_package_with_a_library', 'merge_install': False, 'path': '/home/ribeiro/ros2_tutorial_workspace/src/python_package_with_a_library', 'symlink_install': False, 'test_result_base': None}
[0.670s] Level 5:colcon.colcon_core.verb:set package 'python_package_that_uses_parameters_and_launch_files' build argument 'cmake_args' from command line to 'None'
[0.670s] Level 5:colcon.colcon_core.verb:set package 'python_package_that_uses_parameters_and_launch_files' build argument 'cmake_target' from command line to 'None'
[0.670s] Level 5:colcon.colcon_core.verb:set package 'python_package_that_uses_parameters_and_launch_files' build argument 'cmake_target_skip_unavailable' from command line to 'False'
[0.670s] Level 5:colcon.colcon_core.verb:set package 'python_package_that_uses_parameters_and_launch_files' build argument 'cmake_clean_cache' from command line to 'False'
[0.670s] Level 5:colcon.colcon_core.verb:set package 'python_package_that_uses_parameters_and_launch_files' build argument 'cmake_clean_first' from command line to 'False'
[0.670s] Level 5:colcon.colcon_core.verb:set package 'python_package_that_uses_parameters_and_launch_files' build argument 'cmake_force_configure' from command line to 'False'
[0.670s] Level 5:colcon.colcon_core.verb:set package 'python_package_that_uses_parameters_and_launch_files' build argument 'ament_cmake_args' from command line to 'None'
[0.670s] Level 5:colcon.colcon_core.verb:set package 'python_package_that_uses_parameters_and_launch_files' build argument 'catkin_cmake_args' from command line to 'None'
[0.670s] Level 5:colcon.colcon_core.verb:set package 'python_package_that_uses_parameters_and_launch_files' build argument 'catkin_skip_building_tests' from command line to 'False'
[0.670s] DEBUG:colcon.colcon_core.verb:Building package 'python_package_that_uses_parameters_and_launch_files' with the following arguments: {'ament_cmake_args': None, 'build_base': '/home/ribeiro/ros2_tutorial_workspace/build/python_package_that_uses_parameters_and_launch_files', 'catkin_cmake_args': None, 'catkin_skip_building_tests': False, 'cmake_args': None, 'cmake_clean_cache': False, 'cmake_clean_first': False, 'cmake_force_configure': False, 'cmake_target': None, 'cmake_target_skip_unavailable': False, 'install_base': '/home/ribeiro/ros2_tutorial_workspace/install/python_package_that_uses_parameters_and_launch_files', 'merge_install': False, 'path': '/home/ribeiro/ros2_tutorial_workspace/src/python_package_that_uses_parameters_and_launch_files', 'symlink_install': False, 'test_result_base': None}
[0.671s] Level 5:colcon.colcon_core.verb:set package 'python_package_that_uses_the_library' build argument 'cmake_args' from command line to 'None'
[0.671s] Level 5:colcon.colcon_core.verb:set package 'python_package_that_uses_the_library' build argument 'cmake_target' from command line to 'None'
[0.671s] Level 5:colcon.colcon_core.verb:set package 'python_package_that_uses_the_library' build argument 'cmake_target_skip_unavailable' from command line to 'False'
[0.671s] Level 5:colcon.colcon_core.verb:set package 'python_package_that_uses_the_library' build argument 'cmake_clean_cache' from command line to 'False'
[0.671s] Level 5:colcon.colcon_core.verb:set package 'python_package_that_uses_the_library' build argument 'cmake_clean_first' from command line to 'False'
[0.671s] Level 5:colcon.colcon_core.verb:set package 'python_package_that_uses_the_library' build argument 'cmake_force_configure' from command line to 'False'
[0.671s] Level 5:colcon.colcon_core.verb:set package 'python_package_that_uses_the_library' build argument 'ament_cmake_args' from command line to 'None'
[0.671s] Level 5:colcon.colcon_core.verb:set package 'python_package_that_uses_the_library' build argument 'catkin_cmake_args' from command line to 'None'
[0.671s] Level 5:colcon.colcon_core.verb:set package 'python_package_that_uses_the_library' build argument 'catkin_skip_building_tests' from command line to 'False'
[0.671s] DEBUG:colcon.colcon_core.verb:Building package 'python_package_that_uses_the_library' with the following arguments: {'ament_cmake_args': None, 'build_base': '/home/ribeiro/ros2_tutorial_workspace/build/python_package_that_uses_the_library', 'catkin_cmake_args': None, 'catkin_skip_building_tests': False, 'cmake_args': None, 'cmake_clean_cache': False, 'cmake_clean_first': False, 'cmake_force_configure': False, 'cmake_target': None, 'cmake_target_skip_unavailable': False, 'install_base': '/home/ribeiro/ros2_tutorial_workspace/install/python_package_that_uses_the_library', 'merge_install': False, 'path': '/home/ribeiro/ros2_tutorial_workspace/src/python_package_that_uses_the_library', 'symlink_install': False, 'test_result_base': None}
[0.671s] Level 5:colcon.colcon_core.verb:set package 'python_package_that_uses_the_messages' build argument 'cmake_args' from command line to 'None'
[0.671s] Level 5:colcon.colcon_core.verb:set package 'python_package_that_uses_the_messages' build argument 'cmake_target' from command line to 'None'
[0.671s] Level 5:colcon.colcon_core.verb:set package 'python_package_that_uses_the_messages' build argument 'cmake_target_skip_unavailable' from command line to 'False'
[0.671s] Level 5:colcon.colcon_core.verb:set package 'python_package_that_uses_the_messages' build argument 'cmake_clean_cache' from command line to 'False'
[0.671s] Level 5:colcon.colcon_core.verb:set package 'python_package_that_uses_the_messages' build argument 'cmake_clean_first' from command line to 'False'
[0.671s] Level 5:colcon.colcon_core.verb:set package 'python_package_that_uses_the_messages' build argument 'cmake_force_configure' from command line to 'False'
[0.671s] Level 5:colcon.colcon_core.verb:set package 'python_package_that_uses_the_messages' build argument 'ament_cmake_args' from command line to 'None'
[0.671s] Level 5:colcon.colcon_core.verb:set package 'python_package_that_uses_the_messages' build argument 'catkin_cmake_args' from command line to 'None'
[0.671s] Level 5:colcon.colcon_core.verb:set package 'python_package_that_uses_the_messages' build argument 'catkin_skip_building_tests' from command line to 'False'
[0.671s] DEBUG:colcon.colcon_core.verb:Building package 'python_package_that_uses_the_messages' with the following arguments: {'ament_cmake_args': None, 'build_base': '/home/ribeiro/ros2_tutorial_workspace/build/python_package_that_uses_the_messages', 'catkin_cmake_args': None, 'catkin_skip_building_tests': False, 'cmake_args': None, 'cmake_clean_cache': False, 'cmake_clean_first': False, 'cmake_force_configure': False, 'cmake_target': None, 'cmake_target_skip_unavailable': False, 'install_base': '/home/ribeiro/ros2_tutorial_workspace/install/python_package_that_uses_the_messages', 'merge_install': False, 'path': '/home/ribeiro/ros2_tutorial_workspace/src/python_package_that_uses_the_messages', 'symlink_install': False, 'test_result_base': None}
[0.672s] Level 5:colcon.colcon_core.verb:set package 'python_package_that_uses_the_services' build argument 'cmake_args' from command line to 'None'
[0.672s] Level 5:colcon.colcon_core.verb:set package 'python_package_that_uses_the_services' build argument 'cmake_target' from command line to 'None'
[0.672s] Level 5:colcon.colcon_core.verb:set package 'python_package_that_uses_the_services' build argument 'cmake_target_skip_unavailable' from command line to 'False'
[0.672s] Level 5:colcon.colcon_core.verb:set package 'python_package_that_uses_the_services' build argument 'cmake_clean_cache' from command line to 'False'
[0.672s] Level 5:colcon.colcon_core.verb:set package 'python_package_that_uses_the_services' build argument 'cmake_clean_first' from command line to 'False'
[0.672s] Level 5:colcon.colcon_core.verb:set package 'python_package_that_uses_the_services' build argument 'cmake_force_configure' from command line to 'False'
[0.672s] Level 5:colcon.colcon_core.verb:set package 'python_package_that_uses_the_services' build argument 'ament_cmake_args' from command line to 'None'
[0.672s] Level 5:colcon.colcon_core.verb:set package 'python_package_that_uses_the_services' build argument 'catkin_cmake_args' from command line to 'None'
[0.672s] Level 5:colcon.colcon_core.verb:set package 'python_package_that_uses_the_services' build argument 'catkin_skip_building_tests' from command line to 'False'
[0.672s] DEBUG:colcon.colcon_core.verb:Building package 'python_package_that_uses_the_services' with the following arguments: {'ament_cmake_args': None, 'build_base': '/home/ribeiro/ros2_tutorial_workspace/build/python_package_that_uses_the_services', 'catkin_cmake_args': None, 'catkin_skip_building_tests': False, 'cmake_args': None, 'cmake_clean_cache': False, 'cmake_clean_first': False, 'cmake_force_configure': False, 'cmake_target': None, 'cmake_target_skip_unavailable': False, 'install_base': '/home/ribeiro/ros2_tutorial_workspace/install/python_package_that_uses_the_services', 'merge_install': False, 'path': '/home/ribeiro/ros2_tutorial_workspace/src/python_package_that_uses_the_services', 'symlink_install': False, 'test_result_base': None}
[0.672s] INFO:colcon.colcon_core.executor:Executing jobs using 'parallel' executor
[0.673s] DEBUG:colcon.colcon_parallel_executor.executor.parallel:run_until_complete
[0.673s] INFO:colcon.colcon_ros.task.ament_cmake.build:Building ROS package in '/home/ribeiro/ros2_tutorial_workspace/src/package_with_interfaces' with build type 'ament_cmake'
[0.673s] INFO:colcon.colcon_cmake.task.cmake.build:Building CMake package in '/home/ribeiro/ros2_tutorial_workspace/src/package_with_interfaces'
[0.678s] INFO:colcon.colcon_core.plugin_system:Skipping extension 'colcon_core.shell.bat': Not used on non-Windows systems
[0.678s] INFO:colcon.colcon_core.shell:Skip shell extension 'powershell' for command environment: Not usable outside of PowerShell
[0.678s] DEBUG:colcon.colcon_core.shell:Skip shell extension 'dsv' for command environment
[0.686s] INFO:colcon.colcon_ros.task.ament_python.build:Building ROS package in '/home/ribeiro/ros2_tutorial_workspace/src/python_package_with_a_library' with build type 'ament_python'
[0.686s] Level 1:colcon.colcon_core.shell:create_environment_hook('python_package_with_a_library', 'ament_prefix_path')
[0.687s] INFO:colcon.colcon_core.shell:Creating environment hook '/home/ribeiro/ros2_tutorial_workspace/install/python_package_with_a_library/share/python_package_with_a_library/hook/ament_prefix_path.ps1'
[0.688s] INFO:colcon.colcon_core.shell:Creating environment descriptor '/home/ribeiro/ros2_tutorial_workspace/install/python_package_with_a_library/share/python_package_with_a_library/hook/ament_prefix_path.dsv'
[0.688s] INFO:colcon.colcon_core.shell:Creating environment hook '/home/ribeiro/ros2_tutorial_workspace/install/python_package_with_a_library/share/python_package_with_a_library/hook/ament_prefix_path.sh'
[0.689s] INFO:colcon.colcon_core.shell:Skip shell extension 'powershell' for command environment: Not usable outside of PowerShell
[0.689s] DEBUG:colcon.colcon_core.shell:Skip shell extension 'dsv' for command environment
[0.696s] INFO:colcon.colcon_ros.task.ament_cmake.build:Building ROS package in '/home/ribeiro/ros2_tutorial_workspace/src/cpp_package_with_a_library' with build type 'ament_cmake'
[0.696s] INFO:colcon.colcon_cmake.task.cmake.build:Building CMake package in '/home/ribeiro/ros2_tutorial_workspace/src/cpp_package_with_a_library'
[0.696s] INFO:colcon.colcon_core.shell:Skip shell extension 'powershell' for command environment: Not usable outside of PowerShell
[0.696s] DEBUG:colcon.colcon_core.shell:Skip shell extension 'dsv' for command environment
[0.703s] INFO:colcon.colcon_ros.task.ament_cmake.build:Building ROS package in '/home/ribeiro/ros2_tutorial_workspace/src/cpp_package_with_a_node' with build type 'ament_cmake'
[0.704s] INFO:colcon.colcon_cmake.task.cmake.build:Building CMake package in '/home/ribeiro/ros2_tutorial_workspace/src/cpp_package_with_a_node'
[0.704s] INFO:colcon.colcon_core.shell:Skip shell extension 'powershell' for command environment: Not usable outside of PowerShell
[0.704s] DEBUG:colcon.colcon_core.shell:Skip shell extension 'dsv' for command environment
[0.723s] DEBUG:colcon.colcon_core.event_handler.log_command:Invoking command in '/home/ribeiro/ros2_tutorial_workspace/build/package_with_interfaces': CMAKE_PREFIX_PATH=${CMAKE_PREFIX_PATH}:/home/ribeiro/ros2_tutorial_workspace/install/the_simplest_python_package:/home/ribeiro/ros2_tutorial_workspace/install/python_package_with_a_node:/home/ribeiro/ros2_tutorial_workspace/install/python_package_that_uses_the_library:/home/ribeiro/ros2_tutorial_workspace/install/python_package_with_a_library:/home/ribeiro/ros2_tutorial_workspace/install/python_package_that_uses_the_services:/home/ribeiro/ros2_tutorial_workspace/install/python_package_that_uses_the_messages:/home/ribeiro/ros2_tutorial_workspace/install/python_package_that_uses_parameters_and_launch_files:/opt/ros/humble /usr/bin/cmake --build /home/ribeiro/ros2_tutorial_workspace/build/package_with_interfaces -- -j6 -l6
[1.145s] INFO:colcon.colcon_core.task.python.build:Building Python package in '/home/ribeiro/ros2_tutorial_workspace/src/python_package_with_a_library'
[1.145s] INFO:colcon.colcon_core.shell:Skip shell extension 'powershell' for command environment: Not usable outside of PowerShell
[1.146s] DEBUG:colcon.colcon_core.shell:Skip shell extension 'dsv' for command environment
[1.168s] DEBUG:colcon.colcon_core.event_handler.log_command:Invoking command in '/home/ribeiro/ros2_tutorial_workspace/build/cpp_package_with_a_library': CMAKE_PREFIX_PATH=${CMAKE_PREFIX_PATH}:/home/ribeiro/ros2_tutorial_workspace/install/the_simplest_python_package:/home/ribeiro/ros2_tutorial_workspace/install/python_package_with_a_node:/home/ribeiro/ros2_tutorial_workspace/install/python_package_that_uses_the_library:/home/ribeiro/ros2_tutorial_workspace/install/python_package_with_a_library:/home/ribeiro/ros2_tutorial_workspace/install/python_package_that_uses_the_services:/home/ribeiro/ros2_tutorial_workspace/install/python_package_that_uses_the_messages:/home/ribeiro/ros2_tutorial_workspace/install/python_package_that_uses_parameters_and_launch_files:/opt/ros/humble /usr/bin/cmake /home/ribeiro/ros2_tutorial_workspace/src/cpp_package_with_a_library -DCMAKE_INSTALL_PREFIX=/home/ribeiro/ros2_tutorial_workspace/install/cpp_package_with_a_library
[1.172s] DEBUG:colcon.colcon_core.event_handler.log_command:Invoking command in '/home/ribeiro/ros2_tutorial_workspace/build/cpp_package_with_a_node': CMAKE_PREFIX_PATH=${CMAKE_PREFIX_PATH}:/home/ribeiro/ros2_tutorial_workspace/install/the_simplest_python_package:/home/ribeiro/ros2_tutorial_workspace/install/python_package_with_a_node:/home/ribeiro/ros2_tutorial_workspace/install/python_package_that_uses_the_library:/home/ribeiro/ros2_tutorial_workspace/install/python_package_with_a_library:/home/ribeiro/ros2_tutorial_workspace/install/python_package_that_uses_the_services:/home/ribeiro/ros2_tutorial_workspace/install/python_package_that_uses_the_messages:/home/ribeiro/ros2_tutorial_workspace/install/python_package_that_uses_parameters_and_launch_files:/opt/ros/humble /usr/bin/cmake --build /home/ribeiro/ros2_tutorial_workspace/build/cpp_package_with_a_node -- -j6 -l6
[1.517s] DEBUG:colcon.colcon_core.event_handler.log_command:Invoked command in '/home/ribeiro/ros2_tutorial_workspace/build/cpp_package_with_a_node' returned '0': CMAKE_PREFIX_PATH=${CMAKE_PREFIX_PATH}:/home/ribeiro/ros2_tutorial_workspace/install/the_simplest_python_package:/home/ribeiro/ros2_tutorial_workspace/install/python_package_with_a_node:/home/ribeiro/ros2_tutorial_workspace/install/python_package_that_uses_the_library:/home/ribeiro/ros2_tutorial_workspace/install/python_package_with_a_library:/home/ribeiro/ros2_tutorial_workspace/install/python_package_that_uses_the_services:/home/ribeiro/ros2_tutorial_workspace/install/python_package_that_uses_the_messages:/home/ribeiro/ros2_tutorial_workspace/install/python_package_that_uses_parameters_and_launch_files:/opt/ros/humble /usr/bin/cmake --build /home/ribeiro/ros2_tutorial_workspace/build/cpp_package_with_a_node -- -j6 -l6
[1.554s] DEBUG:colcon.colcon_core.event_handler.log_command:Invoking command in '/home/ribeiro/ros2_tutorial_workspace/build/cpp_package_with_a_node': CMAKE_PREFIX_PATH=${CMAKE_PREFIX_PATH}:/home/ribeiro/ros2_tutorial_workspace/install/the_simplest_python_package:/home/ribeiro/ros2_tutorial_workspace/install/python_package_with_a_node:/home/ribeiro/ros2_tutorial_workspace/install/python_package_that_uses_the_library:/home/ribeiro/ros2_tutorial_workspace/install/python_package_with_a_library:/home/ribeiro/ros2_tutorial_workspace/install/python_package_that_uses_the_services:/home/ribeiro/ros2_tutorial_workspace/install/python_package_that_uses_the_messages:/home/ribeiro/ros2_tutorial_workspace/install/python_package_that_uses_parameters_and_launch_files:/opt/ros/humble /usr/bin/cmake --install /home/ribeiro/ros2_tutorial_workspace/build/cpp_package_with_a_node
[1.584s] Level 1:colcon.colcon_core.environment:create_environment_scripts_only(cpp_package_with_a_node)
[1.584s] DEBUG:colcon.colcon_core.event_handler.log_command:Invoked command in '/home/ribeiro/ros2_tutorial_workspace/build/cpp_package_with_a_node' returned '0': CMAKE_PREFIX_PATH=${CMAKE_PREFIX_PATH}:/home/ribeiro/ros2_tutorial_workspace/install/the_simplest_python_package:/home/ribeiro/ros2_tutorial_workspace/install/python_package_with_a_node:/home/ribeiro/ros2_tutorial_workspace/install/python_package_that_uses_the_library:/home/ribeiro/ros2_tutorial_workspace/install/python_package_with_a_library:/home/ribeiro/ros2_tutorial_workspace/install/python_package_that_uses_the_services:/home/ribeiro/ros2_tutorial_workspace/install/python_package_that_uses_the_messages:/home/ribeiro/ros2_tutorial_workspace/install/python_package_that_uses_parameters_and_launch_files:/opt/ros/humble /usr/bin/cmake --install /home/ribeiro/ros2_tutorial_workspace/build/cpp_package_with_a_node
[1.591s] Level 1:colcon.colcon_core.environment:checking '/home/ribeiro/ros2_tutorial_workspace/install/cpp_package_with_a_node' for CMake module files
[1.592s] Level 1:colcon.colcon_core.environment:checking '/home/ribeiro/ros2_tutorial_workspace/install/cpp_package_with_a_node' for CMake config files
[1.593s] Level 1:colcon.colcon_core.shell:create_environment_hook('cpp_package_with_a_node', 'cmake_prefix_path')
[1.594s] INFO:colcon.colcon_core.shell:Creating environment hook '/home/ribeiro/ros2_tutorial_workspace/install/cpp_package_with_a_node/share/cpp_package_with_a_node/hook/cmake_prefix_path.ps1'
[1.594s] INFO:colcon.colcon_core.shell:Creating environment descriptor '/home/ribeiro/ros2_tutorial_workspace/install/cpp_package_with_a_node/share/cpp_package_with_a_node/hook/cmake_prefix_path.dsv'
[1.595s] INFO:colcon.colcon_core.shell:Creating environment hook '/home/ribeiro/ros2_tutorial_workspace/install/cpp_package_with_a_node/share/cpp_package_with_a_node/hook/cmake_prefix_path.sh'
[1.596s] Level 1:colcon.colcon_core.environment:checking '/home/ribeiro/ros2_tutorial_workspace/install/cpp_package_with_a_node/lib'
[1.596s] Level 1:colcon.colcon_core.environment:checking '/home/ribeiro/ros2_tutorial_workspace/install/cpp_package_with_a_node/bin'
[1.596s] Level 1:colcon.colcon_core.environment:checking '/home/ribeiro/ros2_tutorial_workspace/install/cpp_package_with_a_node/lib/pkgconfig/cpp_package_with_a_node.pc'
[1.596s] Level 1:colcon.colcon_core.environment:checking '/home/ribeiro/ros2_tutorial_workspace/install/cpp_package_with_a_node/lib/python3.10/site-packages'
[1.597s] Level 1:colcon.colcon_core.environment:checking '/home/ribeiro/ros2_tutorial_workspace/install/cpp_package_with_a_node/bin'
[1.597s] INFO:colcon.colcon_core.shell:Creating package script '/home/ribeiro/ros2_tutorial_workspace/install/cpp_package_with_a_node/share/cpp_package_with_a_node/package.ps1'
[1.598s] INFO:colcon.colcon_core.shell:Creating package descriptor '/home/ribeiro/ros2_tutorial_workspace/install/cpp_package_with_a_node/share/cpp_package_with_a_node/package.dsv'
[1.599s] INFO:colcon.colcon_core.shell:Creating package script '/home/ribeiro/ros2_tutorial_workspace/install/cpp_package_with_a_node/share/cpp_package_with_a_node/package.sh'
[1.600s] INFO:colcon.colcon_core.shell:Creating package script '/home/ribeiro/ros2_tutorial_workspace/install/cpp_package_with_a_node/share/cpp_package_with_a_node/package.bash'
[1.602s] INFO:colcon.colcon_core.shell:Creating package script '/home/ribeiro/ros2_tutorial_workspace/install/cpp_package_with_a_node/share/cpp_package_with_a_node/package.zsh'
[1.603s] Level 1:colcon.colcon_core.environment:create_file_with_runtime_dependencies(/home/ribeiro/ros2_tutorial_workspace/install/cpp_package_with_a_node/share/colcon-core/packages/cpp_package_with_a_node)
[1.604s] Level 1:colcon.colcon_core.environment:create_environment_scripts_only(cpp_package_with_a_node)
[1.604s] Level 1:colcon.colcon_core.environment:checking '/home/ribeiro/ros2_tutorial_workspace/install/cpp_package_with_a_node' for CMake module files
[1.606s] Level 1:colcon.colcon_core.environment:checking '/home/ribeiro/ros2_tutorial_workspace/install/cpp_package_with_a_node' for CMake config files
[1.607s] Level 1:colcon.colcon_core.shell:create_environment_hook('cpp_package_with_a_node', 'cmake_prefix_path')
[1.608s] INFO:colcon.colcon_core.shell:Creating environment hook '/home/ribeiro/ros2_tutorial_workspace/install/cpp_package_with_a_node/share/cpp_package_with_a_node/hook/cmake_prefix_path.ps1'
[1.609s] INFO:colcon.colcon_core.shell:Creating environment descriptor '/home/ribeiro/ros2_tutorial_workspace/install/cpp_package_with_a_node/share/cpp_package_with_a_node/hook/cmake_prefix_path.dsv'
[1.610s] INFO:colcon.colcon_core.shell:Creating environment hook '/home/ribeiro/ros2_tutorial_workspace/install/cpp_package_with_a_node/share/cpp_package_with_a_node/hook/cmake_prefix_path.sh'
[1.610s] Level 1:colcon.colcon_core.environment:checking '/home/ribeiro/ros2_tutorial_workspace/install/cpp_package_with_a_node/lib'
[1.611s] Level 1:colcon.colcon_core.environment:checking '/home/ribeiro/ros2_tutorial_workspace/install/cpp_package_with_a_node/bin'
[1.611s] Level 1:colcon.colcon_core.environment:checking '/home/ribeiro/ros2_tutorial_workspace/install/cpp_package_with_a_node/lib/pkgconfig/cpp_package_with_a_node.pc'
[1.611s] Level 1:colcon.colcon_core.environment:checking '/home/ribeiro/ros2_tutorial_workspace/install/cpp_package_with_a_node/lib/python3.10/site-packages'
[1.611s] Level 1:colcon.colcon_core.environment:checking '/home/ribeiro/ros2_tutorial_workspace/install/cpp_package_with_a_node/bin'
[1.612s] INFO:colcon.colcon_core.shell:Creating package script '/home/ribeiro/ros2_tutorial_workspace/install/cpp_package_with_a_node/share/cpp_package_with_a_node/package.ps1'
[1.615s] INFO:colcon.colcon_core.shell:Creating package descriptor '/home/ribeiro/ros2_tutorial_workspace/install/cpp_package_with_a_node/share/cpp_package_with_a_node/package.dsv'
[1.615s] INFO:colcon.colcon_core.shell:Creating package script '/home/ribeiro/ros2_tutorial_workspace/install/cpp_package_with_a_node/share/cpp_package_with_a_node/package.sh'
[1.616s] INFO:colcon.colcon_core.shell:Creating package script '/home/ribeiro/ros2_tutorial_workspace/install/cpp_package_with_a_node/share/cpp_package_with_a_node/package.bash'
[1.616s] INFO:colcon.colcon_core.shell:Creating package script '/home/ribeiro/ros2_tutorial_workspace/install/cpp_package_with_a_node/share/cpp_package_with_a_node/package.zsh'
[1.617s] Level 1:colcon.colcon_core.environment:create_file_with_runtime_dependencies(/home/ribeiro/ros2_tutorial_workspace/install/cpp_package_with_a_node/share/colcon-core/packages/cpp_package_with_a_node)
[1.708s] DEBUG:colcon.colcon_core.event_handler.log_command:Invoked command in '/home/ribeiro/ros2_tutorial_workspace/build/package_with_interfaces' returned '0': CMAKE_PREFIX_PATH=${CMAKE_PREFIX_PATH}:/home/ribeiro/ros2_tutorial_workspace/install/the_simplest_python_package:/home/ribeiro/ros2_tutorial_workspace/install/python_package_with_a_node:/home/ribeiro/ros2_tutorial_workspace/install/python_package_that_uses_the_library:/home/ribeiro/ros2_tutorial_workspace/install/python_package_with_a_library:/home/ribeiro/ros2_tutorial_workspace/install/python_package_that_uses_the_services:/home/ribeiro/ros2_tutorial_workspace/install/python_package_that_uses_the_messages:/home/ribeiro/ros2_tutorial_workspace/install/python_package_that_uses_parameters_and_launch_files:/opt/ros/humble /usr/bin/cmake --build /home/ribeiro/ros2_tutorial_workspace/build/package_with_interfaces -- -j6 -l6
[1.710s] DEBUG:colcon.colcon_core.event_handler.log_command:Invoking command in '/home/ribeiro/ros2_tutorial_workspace/build/package_with_interfaces': CMAKE_PREFIX_PATH=${CMAKE_PREFIX_PATH}:/home/ribeiro/ros2_tutorial_workspace/install/the_simplest_python_package:/home/ribeiro/ros2_tutorial_workspace/install/python_package_with_a_node:/home/ribeiro/ros2_tutorial_workspace/install/python_package_that_uses_the_library:/home/ribeiro/ros2_tutorial_workspace/install/python_package_with_a_library:/home/ribeiro/ros2_tutorial_workspace/install/python_package_that_uses_the_services:/home/ribeiro/ros2_tutorial_workspace/install/python_package_that_uses_the_messages:/home/ribeiro/ros2_tutorial_workspace/install/python_package_that_uses_parameters_and_launch_files:/opt/ros/humble /usr/bin/cmake --install /home/ribeiro/ros2_tutorial_workspace/build/package_with_interfaces
[1.829s] Level 1:colcon.colcon_core.environment:create_environment_scripts_only(package_with_interfaces)
[1.829s] Level 1:colcon.colcon_core.environment:checking '/home/ribeiro/ros2_tutorial_workspace/install/package_with_interfaces' for CMake module files
[1.830s] DEBUG:colcon.colcon_core.event_handler.log_command:Invoked command in '/home/ribeiro/ros2_tutorial_workspace/build/package_with_interfaces' returned '0': CMAKE_PREFIX_PATH=${CMAKE_PREFIX_PATH}:/home/ribeiro/ros2_tutorial_workspace/install/the_simplest_python_package:/home/ribeiro/ros2_tutorial_workspace/install/python_package_with_a_node:/home/ribeiro/ros2_tutorial_workspace/install/python_package_that_uses_the_library:/home/ribeiro/ros2_tutorial_workspace/install/python_package_with_a_library:/home/ribeiro/ros2_tutorial_workspace/install/python_package_that_uses_the_services:/home/ribeiro/ros2_tutorial_workspace/install/python_package_that_uses_the_messages:/home/ribeiro/ros2_tutorial_workspace/install/python_package_that_uses_parameters_and_launch_files:/opt/ros/humble /usr/bin/cmake --install /home/ribeiro/ros2_tutorial_workspace/build/package_with_interfaces
[1.831s] Level 1:colcon.colcon_core.environment:checking '/home/ribeiro/ros2_tutorial_workspace/install/package_with_interfaces' for CMake config files
[1.834s] Level 1:colcon.colcon_core.shell:create_environment_hook('package_with_interfaces', 'cmake_prefix_path')
[1.835s] INFO:colcon.colcon_core.shell:Creating environment hook '/home/ribeiro/ros2_tutorial_workspace/install/package_with_interfaces/share/package_with_interfaces/hook/cmake_prefix_path.ps1'
[1.835s] INFO:colcon.colcon_core.shell:Creating environment descriptor '/home/ribeiro/ros2_tutorial_workspace/install/package_with_interfaces/share/package_with_interfaces/hook/cmake_prefix_path.dsv'
[1.836s] INFO:colcon.colcon_core.shell:Creating environment hook '/home/ribeiro/ros2_tutorial_workspace/install/package_with_interfaces/share/package_with_interfaces/hook/cmake_prefix_path.sh'
[1.837s] Level 1:colcon.colcon_core.environment:checking '/home/ribeiro/ros2_tutorial_workspace/install/package_with_interfaces/lib'
[1.837s] Level 1:colcon.colcon_core.shell:create_environment_hook('package_with_interfaces', 'ld_library_path_lib')
[1.837s] INFO:colcon.colcon_core.shell:Creating environment hook '/home/ribeiro/ros2_tutorial_workspace/install/package_with_interfaces/share/package_with_interfaces/hook/ld_library_path_lib.ps1'
[1.838s] INFO:colcon.colcon_core.shell:Creating environment descriptor '/home/ribeiro/ros2_tutorial_workspace/install/package_with_interfaces/share/package_with_interfaces/hook/ld_library_path_lib.dsv'
[1.838s] INFO:colcon.colcon_core.shell:Creating environment hook '/home/ribeiro/ros2_tutorial_workspace/install/package_with_interfaces/share/package_with_interfaces/hook/ld_library_path_lib.sh'
[1.839s] Level 1:colcon.colcon_core.environment:checking '/home/ribeiro/ros2_tutorial_workspace/install/package_with_interfaces/bin'
[1.839s] Level 1:colcon.colcon_core.environment:checking '/home/ribeiro/ros2_tutorial_workspace/install/package_with_interfaces/lib/pkgconfig/package_with_interfaces.pc'
[1.839s] Level 1:colcon.colcon_core.environment:checking '/home/ribeiro/ros2_tutorial_workspace/install/package_with_interfaces/lib/python3.10/site-packages'
[1.839s] Level 1:colcon.colcon_core.environment:checking '/home/ribeiro/ros2_tutorial_workspace/install/package_with_interfaces/bin'
[1.840s] INFO:colcon.colcon_core.shell:Creating package script '/home/ribeiro/ros2_tutorial_workspace/install/package_with_interfaces/share/package_with_interfaces/package.ps1'
[1.840s] INFO:colcon.colcon_core.shell:Creating package descriptor '/home/ribeiro/ros2_tutorial_workspace/install/package_with_interfaces/share/package_with_interfaces/package.dsv'
[1.841s] INFO:colcon.colcon_core.shell:Creating package script '/home/ribeiro/ros2_tutorial_workspace/install/package_with_interfaces/share/package_with_interfaces/package.sh'
[1.842s] INFO:colcon.colcon_core.shell:Creating package script '/home/ribeiro/ros2_tutorial_workspace/install/package_with_interfaces/share/package_with_interfaces/package.bash'
[1.842s] INFO:colcon.colcon_core.shell:Creating package script '/home/ribeiro/ros2_tutorial_workspace/install/package_with_interfaces/share/package_with_interfaces/package.zsh'
[1.843s] Level 1:colcon.colcon_core.environment:create_file_with_runtime_dependencies(/home/ribeiro/ros2_tutorial_workspace/install/package_with_interfaces/share/colcon-core/packages/package_with_interfaces)
[1.844s] Level 1:colcon.colcon_core.environment:create_environment_scripts_only(package_with_interfaces)
[1.844s] Level 1:colcon.colcon_core.environment:checking '/home/ribeiro/ros2_tutorial_workspace/install/package_with_interfaces' for CMake module files
[1.845s] Level 1:colcon.colcon_core.environment:checking '/home/ribeiro/ros2_tutorial_workspace/install/package_with_interfaces' for CMake config files
[1.848s] Level 1:colcon.colcon_core.shell:create_environment_hook('package_with_interfaces', 'cmake_prefix_path')
[1.848s] INFO:colcon.colcon_core.shell:Creating environment hook '/home/ribeiro/ros2_tutorial_workspace/install/package_with_interfaces/share/package_with_interfaces/hook/cmake_prefix_path.ps1'
[1.849s] INFO:colcon.colcon_core.shell:Creating environment descriptor '/home/ribeiro/ros2_tutorial_workspace/install/package_with_interfaces/share/package_with_interfaces/hook/cmake_prefix_path.dsv'
[1.849s] INFO:colcon.colcon_core.shell:Creating environment hook '/home/ribeiro/ros2_tutorial_workspace/install/package_with_interfaces/share/package_with_interfaces/hook/cmake_prefix_path.sh'
[1.850s] Level 1:colcon.colcon_core.environment:checking '/home/ribeiro/ros2_tutorial_workspace/install/package_with_interfaces/lib'
[1.850s] Level 1:colcon.colcon_core.shell:create_environment_hook('package_with_interfaces', 'ld_library_path_lib')
[1.850s] INFO:colcon.colcon_core.shell:Creating environment hook '/home/ribeiro/ros2_tutorial_workspace/install/package_with_interfaces/share/package_with_interfaces/hook/ld_library_path_lib.ps1'
[1.851s] INFO:colcon.colcon_core.shell:Creating environment descriptor '/home/ribeiro/ros2_tutorial_workspace/install/package_with_interfaces/share/package_with_interfaces/hook/ld_library_path_lib.dsv'
[1.851s] INFO:colcon.colcon_core.shell:Creating environment hook '/home/ribeiro/ros2_tutorial_workspace/install/package_with_interfaces/share/package_with_interfaces/hook/ld_library_path_lib.sh'
[1.852s] Level 1:colcon.colcon_core.environment:checking '/home/ribeiro/ros2_tutorial_workspace/install/package_with_interfaces/bin'
[1.852s] Level 1:colcon.colcon_core.environment:checking '/home/ribeiro/ros2_tutorial_workspace/install/package_with_interfaces/lib/pkgconfig/package_with_interfaces.pc'
[1.852s] Level 1:colcon.colcon_core.environment:checking '/home/ribeiro/ros2_tutorial_workspace/install/package_with_interfaces/lib/python3.10/site-packages'
[1.853s] Level 1:colcon.colcon_core.environment:checking '/home/ribeiro/ros2_tutorial_workspace/install/package_with_interfaces/bin'
[1.853s] INFO:colcon.colcon_core.shell:Creating package script '/home/ribeiro/ros2_tutorial_workspace/install/package_with_interfaces/share/package_with_interfaces/package.ps1'
[1.853s] INFO:colcon.colcon_core.shell:Creating package descriptor '/home/ribeiro/ros2_tutorial_workspace/install/package_with_interfaces/share/package_with_interfaces/package.dsv'
[1.854s] INFO:colcon.colcon_core.shell:Creating package script '/home/ribeiro/ros2_tutorial_workspace/install/package_with_interfaces/share/package_with_interfaces/package.sh'
[1.855s] INFO:colcon.colcon_core.shell:Creating package script '/home/ribeiro/ros2_tutorial_workspace/install/package_with_interfaces/share/package_with_interfaces/package.bash'
[1.855s] INFO:colcon.colcon_core.shell:Creating package script '/home/ribeiro/ros2_tutorial_workspace/install/package_with_interfaces/share/package_with_interfaces/package.zsh'
[1.856s] Level 1:colcon.colcon_core.environment:create_file_with_runtime_dependencies(/home/ribeiro/ros2_tutorial_workspace/install/package_with_interfaces/share/colcon-core/packages/package_with_interfaces)
[1.856s] INFO:colcon.colcon_ros.task.ament_python.build:Building ROS package in '/home/ribeiro/ros2_tutorial_workspace/src/python_package_that_uses_parameters_and_launch_files' with build type 'ament_python'
[1.856s] Level 1:colcon.colcon_core.shell:create_environment_hook('python_package_that_uses_parameters_and_launch_files', 'ament_prefix_path')
[1.856s] INFO:colcon.colcon_core.shell:Creating environment hook '/home/ribeiro/ros2_tutorial_workspace/install/python_package_that_uses_parameters_and_launch_files/share/python_package_that_uses_parameters_and_launch_files/hook/ament_prefix_path.ps1'
[1.857s] INFO:colcon.colcon_core.shell:Creating environment descriptor '/home/ribeiro/ros2_tutorial_workspace/install/python_package_that_uses_parameters_and_launch_files/share/python_package_that_uses_parameters_and_launch_files/hook/ament_prefix_path.dsv'
[1.857s] INFO:colcon.colcon_core.shell:Creating environment hook '/home/ribeiro/ros2_tutorial_workspace/install/python_package_that_uses_parameters_and_launch_files/share/python_package_that_uses_parameters_and_launch_files/hook/ament_prefix_path.sh'
[1.858s] INFO:colcon.colcon_core.shell:Skip shell extension 'powershell' for command environment: Not usable outside of PowerShell
[1.858s] DEBUG:colcon.colcon_core.shell:Skip shell extension 'dsv' for command environment
[1.871s] INFO:colcon.colcon_ros.task.ament_python.build:Building ROS package in '/home/ribeiro/ros2_tutorial_workspace/src/python_package_that_uses_the_messages' with build type 'ament_python'
[1.872s] Level 1:colcon.colcon_core.shell:create_environment_hook('python_package_that_uses_the_messages', 'ament_prefix_path')
[1.872s] INFO:colcon.colcon_core.shell:Creating environment hook '/home/ribeiro/ros2_tutorial_workspace/install/python_package_that_uses_the_messages/share/python_package_that_uses_the_messages/hook/ament_prefix_path.ps1'
[1.873s] INFO:colcon.colcon_core.shell:Creating environment descriptor '/home/ribeiro/ros2_tutorial_workspace/install/python_package_that_uses_the_messages/share/python_package_that_uses_the_messages/hook/ament_prefix_path.dsv'
[1.875s] INFO:colcon.colcon_core.shell:Creating environment hook '/home/ribeiro/ros2_tutorial_workspace/install/python_package_that_uses_the_messages/share/python_package_that_uses_the_messages/hook/ament_prefix_path.sh'
[1.876s] INFO:colcon.colcon_core.shell:Skip shell extension 'powershell' for command environment: Not usable outside of PowerShell
[1.876s] DEBUG:colcon.colcon_core.shell:Skip shell extension 'dsv' for command environment
[1.887s] INFO:colcon.colcon_ros.task.ament_python.build:Building ROS package in '/home/ribeiro/ros2_tutorial_workspace/src/python_package_that_uses_the_services' with build type 'ament_python'
[1.887s] Level 1:colcon.colcon_core.shell:create_environment_hook('python_package_that_uses_the_services', 'ament_prefix_path')
[1.887s] INFO:colcon.colcon_core.shell:Creating environment hook '/home/ribeiro/ros2_tutorial_workspace/install/python_package_that_uses_the_services/share/python_package_that_uses_the_services/hook/ament_prefix_path.ps1'
[1.888s] INFO:colcon.colcon_core.shell:Creating environment descriptor '/home/ribeiro/ros2_tutorial_workspace/install/python_package_that_uses_the_services/share/python_package_that_uses_the_services/hook/ament_prefix_path.dsv'
[1.889s] INFO:colcon.colcon_core.shell:Creating environment hook '/home/ribeiro/ros2_tutorial_workspace/install/python_package_that_uses_the_services/share/python_package_that_uses_the_services/hook/ament_prefix_path.sh'
[1.889s] INFO:colcon.colcon_core.shell:Skip shell extension 'powershell' for command environment: Not usable outside of PowerShell
[1.889s] DEBUG:colcon.colcon_core.shell:Skip shell extension 'dsv' for command environment
[2.358s] INFO:colcon.colcon_core.task.python.build:Building Python package in '/home/ribeiro/ros2_tutorial_workspace/src/python_package_that_uses_parameters_and_launch_files'
[2.358s] INFO:colcon.colcon_core.shell:Skip shell extension 'powershell' for command environment: Not usable outside of PowerShell
[2.358s] DEBUG:colcon.colcon_core.shell:Skip shell extension 'dsv' for command environment
[2.366s] DEBUG:colcon.colcon_core.task.python.build:Available setuptools commands: update_catalog, symlink_data, init_catalog, test, clean, alias, build_clib, install_lib, build_ext, build, install_headers, install, install_scripts, setopt, bdist_rpm, extract_messages, develop, build_scripts, compile_catalog, rotate, egg_info, upload_docs, saveopts, dist_info, build_py, sdist, bdist_dumb, check, bdist_egg, install_data, easy_install, install_egg_info, upload, bdist, register
[2.372s] DEBUG:colcon.colcon_core.event_handler.log_command:Invoking command in '/home/ribeiro/ros2_tutorial_workspace/src/python_package_with_a_library': PYTHONPATH=/home/ribeiro/ros2_tutorial_workspace/build/python_package_with_a_library/prefix_override:/usr/lib/python3/dist-packages/colcon_core/task/python/colcon_distutils_commands:/home/ribeiro/ros2_tutorial_workspace/install/python_package_with_a_library/lib/python3.10/site-packages:${PYTHONPATH} /usr/bin/python3 -W ignore:setup.py install is deprecated -W ignore:easy_install command is deprecated setup.py egg_info --egg-base ../../build/python_package_with_a_library build --build-base /home/ribeiro/ros2_tutorial_workspace/build/python_package_with_a_library/build install --record /home/ribeiro/ros2_tutorial_workspace/build/python_package_with_a_library/install.log --install-scripts $base/lib/python_package_with_a_library --single-version-externally-managed install_data
[2.801s] INFO:colcon.colcon_core.task.python.build:Building Python package in '/home/ribeiro/ros2_tutorial_workspace/src/python_package_that_uses_the_messages'
[2.801s] INFO:colcon.colcon_core.shell:Skip shell extension 'powershell' for command environment: Not usable outside of PowerShell
[2.801s] DEBUG:colcon.colcon_core.shell:Skip shell extension 'dsv' for command environment
[3.234s] INFO:colcon.colcon_core.task.python.build:Building Python package in '/home/ribeiro/ros2_tutorial_workspace/src/python_package_that_uses_the_services'
[3.235s] INFO:colcon.colcon_core.shell:Skip shell extension 'powershell' for command environment: Not usable outside of PowerShell
[3.235s] DEBUG:colcon.colcon_core.shell:Skip shell extension 'dsv' for command environment
[3.247s] Level 1:colcon.colcon_core.environment:checking '/home/ribeiro/ros2_tutorial_workspace/install/python_package_with_a_library' for CMake module files
[3.247s] DEBUG:colcon.colcon_core.event_handler.log_command:Invoked command in '/home/ribeiro/ros2_tutorial_workspace/src/python_package_with_a_library' returned '0': PYTHONPATH=/home/ribeiro/ros2_tutorial_workspace/build/python_package_with_a_library/prefix_override:/usr/lib/python3/dist-packages/colcon_core/task/python/colcon_distutils_commands:/home/ribeiro/ros2_tutorial_workspace/install/python_package_with_a_library/lib/python3.10/site-packages:${PYTHONPATH} /usr/bin/python3 -W ignore:setup.py install is deprecated -W ignore:easy_install command is deprecated setup.py egg_info --egg-base ../../build/python_package_with_a_library build --build-base /home/ribeiro/ros2_tutorial_workspace/build/python_package_with_a_library/build install --record /home/ribeiro/ros2_tutorial_workspace/build/python_package_with_a_library/install.log --install-scripts $base/lib/python_package_with_a_library --single-version-externally-managed install_data
[3.248s] Level 1:colcon.colcon_core.environment:checking '/home/ribeiro/ros2_tutorial_workspace/install/python_package_with_a_library' for CMake config files
[3.250s] Level 1:colcon.colcon_core.environment:checking '/home/ribeiro/ros2_tutorial_workspace/install/python_package_with_a_library/lib'
[3.250s] Level 1:colcon.colcon_core.environment:checking '/home/ribeiro/ros2_tutorial_workspace/install/python_package_with_a_library/bin'
[3.250s] Level 1:colcon.colcon_core.environment:checking '/home/ribeiro/ros2_tutorial_workspace/install/python_package_with_a_library/lib/pkgconfig/python_package_with_a_library.pc'
[3.250s] Level 1:colcon.colcon_core.environment:checking '/home/ribeiro/ros2_tutorial_workspace/install/python_package_with_a_library/lib/python3.10/site-packages'
[3.250s] Level 1:colcon.colcon_core.shell:create_environment_hook('python_package_with_a_library', 'pythonpath')
[3.251s] INFO:colcon.colcon_core.shell:Creating environment hook '/home/ribeiro/ros2_tutorial_workspace/install/python_package_with_a_library/share/python_package_with_a_library/hook/pythonpath.ps1'
[3.251s] INFO:colcon.colcon_core.shell:Creating environment descriptor '/home/ribeiro/ros2_tutorial_workspace/install/python_package_with_a_library/share/python_package_with_a_library/hook/pythonpath.dsv'
[3.252s] INFO:colcon.colcon_core.shell:Creating environment hook '/home/ribeiro/ros2_tutorial_workspace/install/python_package_with_a_library/share/python_package_with_a_library/hook/pythonpath.sh'
[3.253s] Level 1:colcon.colcon_core.environment:checking '/home/ribeiro/ros2_tutorial_workspace/install/python_package_with_a_library/bin'
[3.253s] Level 1:colcon.colcon_core.environment:create_environment_scripts_only(python_package_with_a_library)
[3.254s] INFO:colcon.colcon_core.shell:Creating package script '/home/ribeiro/ros2_tutorial_workspace/install/python_package_with_a_library/share/python_package_with_a_library/package.ps1'
[3.254s] INFO:colcon.colcon_core.shell:Creating package descriptor '/home/ribeiro/ros2_tutorial_workspace/install/python_package_with_a_library/share/python_package_with_a_library/package.dsv'
[3.255s] INFO:colcon.colcon_core.shell:Creating package script '/home/ribeiro/ros2_tutorial_workspace/install/python_package_with_a_library/share/python_package_with_a_library/package.sh'
[3.255s] INFO:colcon.colcon_core.shell:Creating package script '/home/ribeiro/ros2_tutorial_workspace/install/python_package_with_a_library/share/python_package_with_a_library/package.bash'
[3.256s] INFO:colcon.colcon_core.shell:Creating package script '/home/ribeiro/ros2_tutorial_workspace/install/python_package_with_a_library/share/python_package_with_a_library/package.zsh'
[3.256s] Level 1:colcon.colcon_core.environment:create_file_with_runtime_dependencies(/home/ribeiro/ros2_tutorial_workspace/install/python_package_with_a_library/share/colcon-core/packages/python_package_with_a_library)
[3.278s] INFO:colcon.colcon_ros.task.ament_python.build:Building ROS package in '/home/ribeiro/ros2_tutorial_workspace/src/python_package_that_uses_the_library' with build type 'ament_python'
[3.278s] Level 1:colcon.colcon_core.shell:create_environment_hook('python_package_that_uses_the_library', 'ament_prefix_path')
[3.278s] INFO:colcon.colcon_core.shell:Creating environment hook '/home/ribeiro/ros2_tutorial_workspace/install/python_package_that_uses_the_library/share/python_package_that_uses_the_library/hook/ament_prefix_path.ps1'
[3.279s] INFO:colcon.colcon_core.shell:Creating environment descriptor '/home/ribeiro/ros2_tutorial_workspace/install/python_package_that_uses_the_library/share/python_package_that_uses_the_library/hook/ament_prefix_path.dsv'
[3.280s] INFO:colcon.colcon_core.shell:Creating environment hook '/home/ribeiro/ros2_tutorial_workspace/install/python_package_that_uses_the_library/share/python_package_that_uses_the_library/hook/ament_prefix_path.sh'
[3.280s] INFO:colcon.colcon_core.shell:Skip shell extension 'powershell' for command environment: Not usable outside of PowerShell
[3.280s] DEBUG:colcon.colcon_core.shell:Skip shell extension 'dsv' for command environment
[3.796s] INFO:colcon.colcon_core.task.python.build:Building Python package in '/home/ribeiro/ros2_tutorial_workspace/src/python_package_that_uses_the_library'
[3.796s] INFO:colcon.colcon_core.shell:Skip shell extension 'powershell' for command environment: Not usable outside of PowerShell
[3.796s] DEBUG:colcon.colcon_core.shell:Skip shell extension 'dsv' for command environment
[3.915s] DEBUG:colcon.colcon_core.task.python.build:Available setuptools commands: update_catalog, symlink_data, init_catalog, test, clean, alias, build_clib, install_lib, build_ext, build, install_headers, install, install_scripts, setopt, bdist_rpm, extract_messages, develop, build_scripts, compile_catalog, rotate, egg_info, upload_docs, saveopts, dist_info, build_py, sdist, bdist_dumb, check, bdist_egg, install_data, easy_install, install_egg_info, upload, bdist, register
[3.931s] DEBUG:colcon.colcon_core.task.python.build:Available setuptools commands: update_catalog, symlink_data, init_catalog, test, clean, alias, build_clib, install_lib, build_ext, build, install_headers, install, install_scripts, setopt, bdist_rpm, extract_messages, develop, build_scripts, compile_catalog, rotate, egg_info, upload_docs, saveopts, dist_info, build_py, sdist, bdist_dumb, check, bdist_egg, install_data, easy_install, install_egg_info, upload, bdist, register
[3.952s] DEBUG:colcon.colcon_core.event_handler.log_command:Invoking command in '/home/ribeiro/ros2_tutorial_workspace/src/python_package_that_uses_parameters_and_launch_files': CMAKE_PREFIX_PATH=/home/ribeiro/ros2_tutorial_workspace/install/package_with_interfaces:/home/ribeiro/ros2_tutorial_workspace/install/cpp_package_with_a_node PYTHONPATH=/home/ribeiro/ros2_tutorial_workspace/build/python_package_that_uses_parameters_and_launch_files/prefix_override:/usr/lib/python3/dist-packages/colcon_core/task/python/colcon_distutils_commands:/home/ribeiro/ros2_tutorial_workspace/install/python_package_that_uses_parameters_and_launch_files/lib/python3.10/site-packages:${PYTHONPATH} /usr/bin/python3 -W ignore:setup.py install is deprecated -W ignore:easy_install command is deprecated setup.py egg_info --egg-base ../../build/python_package_that_uses_parameters_and_launch_files build --build-base /home/ribeiro/ros2_tutorial_workspace/build/python_package_that_uses_parameters_and_launch_files/build install --record /home/ribeiro/ros2_tutorial_workspace/build/python_package_that_uses_parameters_and_launch_files/install.log --install-scripts $base/lib/python_package_that_uses_parameters_and_launch_files --single-version-externally-managed install_data
[3.956s] DEBUG:colcon.colcon_core.event_handler.log_command:Invoking command in '/home/ribeiro/ros2_tutorial_workspace/src/python_package_that_uses_the_messages': CMAKE_PREFIX_PATH=/home/ribeiro/ros2_tutorial_workspace/install/package_with_interfaces:/home/ribeiro/ros2_tutorial_workspace/install/cpp_package_with_a_node PYTHONPATH=/home/ribeiro/ros2_tutorial_workspace/build/python_package_that_uses_the_messages/prefix_override:/usr/lib/python3/dist-packages/colcon_core/task/python/colcon_distutils_commands:/home/ribeiro/ros2_tutorial_workspace/install/python_package_that_uses_the_messages/lib/python3.10/site-packages:${PYTHONPATH} /usr/bin/python3 -W ignore:setup.py install is deprecated -W ignore:easy_install command is deprecated setup.py egg_info --egg-base ../../build/python_package_that_uses_the_messages build --build-base /home/ribeiro/ros2_tutorial_workspace/build/python_package_that_uses_the_messages/build install --record /home/ribeiro/ros2_tutorial_workspace/build/python_package_that_uses_the_messages/install.log --install-scripts $base/lib/python_package_that_uses_the_messages --single-version-externally-managed install_data
[3.967s] DEBUG:colcon.colcon_core.task.python.build:Available setuptools commands: update_catalog, symlink_data, init_catalog, test, clean, alias, build_clib, install_lib, build_ext, build, install_headers, install, install_scripts, setopt, bdist_rpm, extract_messages, develop, build_scripts, compile_catalog, rotate, egg_info, upload_docs, saveopts, dist_info, build_py, sdist, bdist_dumb, check, bdist_egg, install_data, easy_install, install_egg_info, upload, bdist, register
[3.971s] DEBUG:colcon.colcon_core.event_handler.log_command:Invoking command in '/home/ribeiro/ros2_tutorial_workspace/src/python_package_that_uses_the_services': CMAKE_PREFIX_PATH=/home/ribeiro/ros2_tutorial_workspace/install/package_with_interfaces:/home/ribeiro/ros2_tutorial_workspace/install/cpp_package_with_a_node PYTHONPATH=/home/ribeiro/ros2_tutorial_workspace/build/python_package_that_uses_the_services/prefix_override:/usr/lib/python3/dist-packages/colcon_core/task/python/colcon_distutils_commands:/home/ribeiro/ros2_tutorial_workspace/install/python_package_that_uses_the_services/lib/python3.10/site-packages:${PYTHONPATH} /usr/bin/python3 -W ignore:setup.py install is deprecated -W ignore:easy_install command is deprecated setup.py egg_info --egg-base ../../build/python_package_that_uses_the_services build --build-base /home/ribeiro/ros2_tutorial_workspace/build/python_package_that_uses_the_services/build install --record /home/ribeiro/ros2_tutorial_workspace/build/python_package_that_uses_the_services/install.log --install-scripts $base/lib/python_package_that_uses_the_services --single-version-externally-managed install_data
[4.623s] DEBUG:colcon.colcon_core.task.python.build:Available setuptools commands: update_catalog, symlink_data, init_catalog, test, clean, alias, build_clib, install_lib, build_ext, build, install_headers, install, install_scripts, setopt, bdist_rpm, extract_messages, develop, build_scripts, compile_catalog, rotate, egg_info, upload_docs, saveopts, dist_info, build_py, sdist, bdist_dumb, check, bdist_egg, install_data, easy_install, install_egg_info, upload, bdist, register
[4.628s] DEBUG:colcon.colcon_core.event_handler.log_command:Invoking command in '/home/ribeiro/ros2_tutorial_workspace/src/python_package_that_uses_the_library': AMENT_PREFIX_PATH=/home/ribeiro/ros2_tutorial_workspace/install/python_package_with_a_library:/home/ribeiro/ros2_tutorial_workspace/install/cpp_package_with_a_node:/home/ribeiro/ros2_tutorial_workspace/install/the_simplest_python_package:/home/ribeiro/ros2_tutorial_workspace/install/python_package_with_a_node:/home/ribeiro/ros2_tutorial_workspace/install/python_package_that_uses_the_library:/home/ribeiro/ros2_tutorial_workspace/install/python_package_that_uses_the_services:/home/ribeiro/ros2_tutorial_workspace/install/python_package_that_uses_the_messages:/home/ribeiro/ros2_tutorial_workspace/install/python_package_that_uses_parameters_and_launch_files:/home/ribeiro/ros2_tutorial_workspace/install/package_with_interfaces:/opt/ros/humble PYTHONPATH=/home/ribeiro/ros2_tutorial_workspace/build/python_package_that_uses_the_library/prefix_override:/usr/lib/python3/dist-packages/colcon_core/task/python/colcon_distutils_commands:/home/ribeiro/ros2_tutorial_workspace/install/python_package_that_uses_the_library/lib/python3.10/site-packages:/home/ribeiro/ros2_tutorial_workspace/install/python_package_with_a_library/lib/python3.10/site-packages:/home/ribeiro/ros2_tutorial_workspace/install/the_simplest_python_package/lib/python3.10/site-packages:/home/ribeiro/ros2_tutorial_workspace/install/python_package_with_a_node/lib/python3.10/site-packages:/home/ribeiro/ros2_tutorial_workspace/install/python_package_that_uses_the_library/lib/python3.10/site-packages:/home/ribeiro/ros2_tutorial_workspace/install/python_package_that_uses_the_services/lib/python3.10/site-packages:/home/ribeiro/ros2_tutorial_workspace/install/python_package_that_uses_the_messages/lib/python3.10/site-packages:/home/ribeiro/ros2_tutorial_workspace/install/python_package_that_uses_parameters_and_launch_files/lib/python3.10/site-packages:/home/ribeiro/ros2_tutorial_workspace/install/package_with_interfaces/local/lib/python3.10/dist-packages:/opt/ros/humble/lib/python3.10/site-packages:/opt/ros/humble/local/lib/python3.10/dist-packages /usr/bin/python3 -W ignore:setup.py install is deprecated -W ignore:easy_install command is deprecated setup.py egg_info --egg-base ../../build/python_package_that_uses_the_library build --build-base /home/ribeiro/ros2_tutorial_workspace/build/python_package_that_uses_the_library/build install --record /home/ribeiro/ros2_tutorial_workspace/build/python_package_that_uses_the_library/install.log --install-scripts $base/lib/python_package_that_uses_the_library --single-version-externally-managed install_data
[4.632s] Level 1:colcon.colcon_core.environment:checking '/home/ribeiro/ros2_tutorial_workspace/install/python_package_that_uses_parameters_and_launch_files' for CMake module files
[4.632s] DEBUG:colcon.colcon_core.event_handler.log_command:Invoked command in '/home/ribeiro/ros2_tutorial_workspace/src/python_package_that_uses_parameters_and_launch_files' returned '0': CMAKE_PREFIX_PATH=/home/ribeiro/ros2_tutorial_workspace/install/package_with_interfaces:/home/ribeiro/ros2_tutorial_workspace/install/cpp_package_with_a_node PYTHONPATH=/home/ribeiro/ros2_tutorial_workspace/build/python_package_that_uses_parameters_and_launch_files/prefix_override:/usr/lib/python3/dist-packages/colcon_core/task/python/colcon_distutils_commands:/home/ribeiro/ros2_tutorial_workspace/install/python_package_that_uses_parameters_and_launch_files/lib/python3.10/site-packages:${PYTHONPATH} /usr/bin/python3 -W ignore:setup.py install is deprecated -W ignore:easy_install command is deprecated setup.py egg_info --egg-base ../../build/python_package_that_uses_parameters_and_launch_files build --build-base /home/ribeiro/ros2_tutorial_workspace/build/python_package_that_uses_parameters_and_launch_files/build install --record /home/ribeiro/ros2_tutorial_workspace/build/python_package_that_uses_parameters_and_launch_files/install.log --install-scripts $base/lib/python_package_that_uses_parameters_and_launch_files --single-version-externally-managed install_data
[4.635s] Level 1:colcon.colcon_core.environment:checking '/home/ribeiro/ros2_tutorial_workspace/install/python_package_that_uses_parameters_and_launch_files' for CMake config files
[4.637s] Level 1:colcon.colcon_core.environment:checking '/home/ribeiro/ros2_tutorial_workspace/install/python_package_that_uses_parameters_and_launch_files/lib'
[4.638s] Level 1:colcon.colcon_core.environment:checking '/home/ribeiro/ros2_tutorial_workspace/install/python_package_that_uses_parameters_and_launch_files/bin'
[4.638s] Level 1:colcon.colcon_core.environment:checking '/home/ribeiro/ros2_tutorial_workspace/install/python_package_that_uses_parameters_and_launch_files/lib/pkgconfig/python_package_that_uses_parameters_and_launch_files.pc'
[4.638s] Level 1:colcon.colcon_core.environment:checking '/home/ribeiro/ros2_tutorial_workspace/install/python_package_that_uses_parameters_and_launch_files/lib/python3.10/site-packages'
[4.638s] Level 1:colcon.colcon_core.shell:create_environment_hook('python_package_that_uses_parameters_and_launch_files', 'pythonpath')
[4.639s] INFO:colcon.colcon_core.shell:Creating environment hook '/home/ribeiro/ros2_tutorial_workspace/install/python_package_that_uses_parameters_and_launch_files/share/python_package_that_uses_parameters_and_launch_files/hook/pythonpath.ps1'
[4.639s] INFO:colcon.colcon_core.shell:Creating environment descriptor '/home/ribeiro/ros2_tutorial_workspace/install/python_package_that_uses_parameters_and_launch_files/share/python_package_that_uses_parameters_and_launch_files/hook/pythonpath.dsv'
[4.640s] INFO:colcon.colcon_core.shell:Creating environment hook '/home/ribeiro/ros2_tutorial_workspace/install/python_package_that_uses_parameters_and_launch_files/share/python_package_that_uses_parameters_and_launch_files/hook/pythonpath.sh'
[4.642s] Level 1:colcon.colcon_core.environment:checking '/home/ribeiro/ros2_tutorial_workspace/install/python_package_that_uses_parameters_and_launch_files/bin'
[4.642s] Level 1:colcon.colcon_core.environment:create_environment_scripts_only(python_package_that_uses_parameters_and_launch_files)
[4.643s] INFO:colcon.colcon_core.shell:Creating package script '/home/ribeiro/ros2_tutorial_workspace/install/python_package_that_uses_parameters_and_launch_files/share/python_package_that_uses_parameters_and_launch_files/package.ps1'
[4.644s] INFO:colcon.colcon_core.shell:Creating package descriptor '/home/ribeiro/ros2_tutorial_workspace/install/python_package_that_uses_parameters_and_launch_files/share/python_package_that_uses_parameters_and_launch_files/package.dsv'
[4.645s] INFO:colcon.colcon_core.shell:Creating package script '/home/ribeiro/ros2_tutorial_workspace/install/python_package_that_uses_parameters_and_launch_files/share/python_package_that_uses_parameters_and_launch_files/package.sh'
[4.646s] INFO:colcon.colcon_core.shell:Creating package script '/home/ribeiro/ros2_tutorial_workspace/install/python_package_that_uses_parameters_and_launch_files/share/python_package_that_uses_parameters_and_launch_files/package.bash'
[4.646s] INFO:colcon.colcon_core.shell:Creating package script '/home/ribeiro/ros2_tutorial_workspace/install/python_package_that_uses_parameters_and_launch_files/share/python_package_that_uses_parameters_and_launch_files/package.zsh'
[4.647s] Level 1:colcon.colcon_core.environment:create_file_with_runtime_dependencies(/home/ribeiro/ros2_tutorial_workspace/install/python_package_that_uses_parameters_and_launch_files/share/colcon-core/packages/python_package_that_uses_parameters_and_launch_files)
[4.668s] Level 1:colcon.colcon_core.environment:checking '/home/ribeiro/ros2_tutorial_workspace/install/python_package_that_uses_the_messages' for CMake module files
[4.668s] DEBUG:colcon.colcon_core.event_handler.log_command:Invoked command in '/home/ribeiro/ros2_tutorial_workspace/src/python_package_that_uses_the_messages' returned '0': CMAKE_PREFIX_PATH=/home/ribeiro/ros2_tutorial_workspace/install/package_with_interfaces:/home/ribeiro/ros2_tutorial_workspace/install/cpp_package_with_a_node PYTHONPATH=/home/ribeiro/ros2_tutorial_workspace/build/python_package_that_uses_the_messages/prefix_override:/usr/lib/python3/dist-packages/colcon_core/task/python/colcon_distutils_commands:/home/ribeiro/ros2_tutorial_workspace/install/python_package_that_uses_the_messages/lib/python3.10/site-packages:${PYTHONPATH} /usr/bin/python3 -W ignore:setup.py install is deprecated -W ignore:easy_install command is deprecated setup.py egg_info --egg-base ../../build/python_package_that_uses_the_messages build --build-base /home/ribeiro/ros2_tutorial_workspace/build/python_package_that_uses_the_messages/build install --record /home/ribeiro/ros2_tutorial_workspace/build/python_package_that_uses_the_messages/install.log --install-scripts $base/lib/python_package_that_uses_the_messages --single-version-externally-managed install_data
[4.670s] Level 1:colcon.colcon_core.environment:checking '/home/ribeiro/ros2_tutorial_workspace/install/python_package_that_uses_the_messages' for CMake config files
[4.677s] Level 1:colcon.colcon_core.environment:checking '/home/ribeiro/ros2_tutorial_workspace/install/python_package_that_uses_the_messages/lib'
[4.677s] Level 1:colcon.colcon_core.environment:checking '/home/ribeiro/ros2_tutorial_workspace/install/python_package_that_uses_the_messages/bin'
[4.678s] Level 1:colcon.colcon_core.environment:checking '/home/ribeiro/ros2_tutorial_workspace/install/python_package_that_uses_the_messages/lib/pkgconfig/python_package_that_uses_the_messages.pc'
[4.678s] Level 1:colcon.colcon_core.environment:checking '/home/ribeiro/ros2_tutorial_workspace/install/python_package_that_uses_the_messages/lib/python3.10/site-packages'
[4.678s] Level 1:colcon.colcon_core.shell:create_environment_hook('python_package_that_uses_the_messages', 'pythonpath')
[4.678s] INFO:colcon.colcon_core.shell:Creating environment hook '/home/ribeiro/ros2_tutorial_workspace/install/python_package_that_uses_the_messages/share/python_package_that_uses_the_messages/hook/pythonpath.ps1'
[4.679s] INFO:colcon.colcon_core.shell:Creating environment descriptor '/home/ribeiro/ros2_tutorial_workspace/install/python_package_that_uses_the_messages/share/python_package_that_uses_the_messages/hook/pythonpath.dsv'
[4.680s] INFO:colcon.colcon_core.shell:Creating environment hook '/home/ribeiro/ros2_tutorial_workspace/install/python_package_that_uses_the_messages/share/python_package_that_uses_the_messages/hook/pythonpath.sh'
[4.681s] Level 1:colcon.colcon_core.environment:checking '/home/ribeiro/ros2_tutorial_workspace/install/python_package_that_uses_the_messages/bin'
[4.681s] Level 1:colcon.colcon_core.environment:create_environment_scripts_only(python_package_that_uses_the_messages)
[4.681s] INFO:colcon.colcon_core.shell:Creating package script '/home/ribeiro/ros2_tutorial_workspace/install/python_package_that_uses_the_messages/share/python_package_that_uses_the_messages/package.ps1'
[4.682s] INFO:colcon.colcon_core.shell:Creating package descriptor '/home/ribeiro/ros2_tutorial_workspace/install/python_package_that_uses_the_messages/share/python_package_that_uses_the_messages/package.dsv'
[4.683s] INFO:colcon.colcon_core.shell:Creating package script '/home/ribeiro/ros2_tutorial_workspace/install/python_package_that_uses_the_messages/share/python_package_that_uses_the_messages/package.sh'
[4.683s] INFO:colcon.colcon_core.shell:Creating package script '/home/ribeiro/ros2_tutorial_workspace/install/python_package_that_uses_the_messages/share/python_package_that_uses_the_messages/package.bash'
[4.684s] INFO:colcon.colcon_core.shell:Creating package script '/home/ribeiro/ros2_tutorial_workspace/install/python_package_that_uses_the_messages/share/python_package_that_uses_the_messages/package.zsh'
[4.684s] Level 1:colcon.colcon_core.environment:create_file_with_runtime_dependencies(/home/ribeiro/ros2_tutorial_workspace/install/python_package_that_uses_the_messages/share/colcon-core/packages/python_package_that_uses_the_messages)
[4.685s] Level 1:colcon.colcon_core.environment:checking '/home/ribeiro/ros2_tutorial_workspace/install/python_package_that_uses_the_services' for CMake module files
[4.687s] Level 1:colcon.colcon_core.environment:checking '/home/ribeiro/ros2_tutorial_workspace/install/python_package_that_uses_the_services' for CMake config files
[4.688s] DEBUG:colcon.colcon_core.event_handler.log_command:Invoked command in '/home/ribeiro/ros2_tutorial_workspace/src/python_package_that_uses_the_services' returned '0': CMAKE_PREFIX_PATH=/home/ribeiro/ros2_tutorial_workspace/install/package_with_interfaces:/home/ribeiro/ros2_tutorial_workspace/install/cpp_package_with_a_node PYTHONPATH=/home/ribeiro/ros2_tutorial_workspace/build/python_package_that_uses_the_services/prefix_override:/usr/lib/python3/dist-packages/colcon_core/task/python/colcon_distutils_commands:/home/ribeiro/ros2_tutorial_workspace/install/python_package_that_uses_the_services/lib/python3.10/site-packages:${PYTHONPATH} /usr/bin/python3 -W ignore:setup.py install is deprecated -W ignore:easy_install command is deprecated setup.py egg_info --egg-base ../../build/python_package_that_uses_the_services build --build-base /home/ribeiro/ros2_tutorial_workspace/build/python_package_that_uses_the_services/build install --record /home/ribeiro/ros2_tutorial_workspace/build/python_package_that_uses_the_services/install.log --install-scripts $base/lib/python_package_that_uses_the_services --single-version-externally-managed install_data
[4.689s] Level 1:colcon.colcon_core.environment:checking '/home/ribeiro/ros2_tutorial_workspace/install/python_package_that_uses_the_services/lib'
[4.689s] Level 1:colcon.colcon_core.environment:checking '/home/ribeiro/ros2_tutorial_workspace/install/python_package_that_uses_the_services/bin'
[4.689s] Level 1:colcon.colcon_core.environment:checking '/home/ribeiro/ros2_tutorial_workspace/install/python_package_that_uses_the_services/lib/pkgconfig/python_package_that_uses_the_services.pc'
[4.690s] Level 1:colcon.colcon_core.environment:checking '/home/ribeiro/ros2_tutorial_workspace/install/python_package_that_uses_the_services/lib/python3.10/site-packages'
[4.690s] Level 1:colcon.colcon_core.shell:create_environment_hook('python_package_that_uses_the_services', 'pythonpath')
[4.690s] INFO:colcon.colcon_core.shell:Creating environment hook '/home/ribeiro/ros2_tutorial_workspace/install/python_package_that_uses_the_services/share/python_package_that_uses_the_services/hook/pythonpath.ps1'
[4.691s] INFO:colcon.colcon_core.shell:Creating environment descriptor '/home/ribeiro/ros2_tutorial_workspace/install/python_package_that_uses_the_services/share/python_package_that_uses_the_services/hook/pythonpath.dsv'
[4.692s] INFO:colcon.colcon_core.shell:Creating environment hook '/home/ribeiro/ros2_tutorial_workspace/install/python_package_that_uses_the_services/share/python_package_that_uses_the_services/hook/pythonpath.sh'
[4.693s] Level 1:colcon.colcon_core.environment:checking '/home/ribeiro/ros2_tutorial_workspace/install/python_package_that_uses_the_services/bin'
[4.693s] Level 1:colcon.colcon_core.environment:create_environment_scripts_only(python_package_that_uses_the_services)
[4.693s] INFO:colcon.colcon_core.shell:Creating package script '/home/ribeiro/ros2_tutorial_workspace/install/python_package_that_uses_the_services/share/python_package_that_uses_the_services/package.ps1'
[4.694s] INFO:colcon.colcon_core.shell:Creating package descriptor '/home/ribeiro/ros2_tutorial_workspace/install/python_package_that_uses_the_services/share/python_package_that_uses_the_services/package.dsv'
[4.694s] INFO:colcon.colcon_core.shell:Creating package script '/home/ribeiro/ros2_tutorial_workspace/install/python_package_that_uses_the_services/share/python_package_that_uses_the_services/package.sh'
[4.695s] INFO:colcon.colcon_core.shell:Creating package script '/home/ribeiro/ros2_tutorial_workspace/install/python_package_that_uses_the_services/share/python_package_that_uses_the_services/package.bash'
[4.695s] INFO:colcon.colcon_core.shell:Creating package script '/home/ribeiro/ros2_tutorial_workspace/install/python_package_that_uses_the_services/share/python_package_that_uses_the_services/package.zsh'
[4.696s] Level 1:colcon.colcon_core.environment:create_file_with_runtime_dependencies(/home/ribeiro/ros2_tutorial_workspace/install/python_package_that_uses_the_services/share/colcon-core/packages/python_package_that_uses_the_services)
[5.142s] Level 1:colcon.colcon_core.environment:checking '/home/ribeiro/ros2_tutorial_workspace/install/python_package_that_uses_the_library' for CMake module files
[5.143s] DEBUG:colcon.colcon_core.event_handler.log_command:Invoked command in '/home/ribeiro/ros2_tutorial_workspace/src/python_package_that_uses_the_library' returned '0': AMENT_PREFIX_PATH=/home/ribeiro/ros2_tutorial_workspace/install/python_package_with_a_library:/home/ribeiro/ros2_tutorial_workspace/install/cpp_package_with_a_node:/home/ribeiro/ros2_tutorial_workspace/install/the_simplest_python_package:/home/ribeiro/ros2_tutorial_workspace/install/python_package_with_a_node:/home/ribeiro/ros2_tutorial_workspace/install/python_package_that_uses_the_library:/home/ribeiro/ros2_tutorial_workspace/install/python_package_that_uses_the_services:/home/ribeiro/ros2_tutorial_workspace/install/python_package_that_uses_the_messages:/home/ribeiro/ros2_tutorial_workspace/install/python_package_that_uses_parameters_and_launch_files:/home/ribeiro/ros2_tutorial_workspace/install/package_with_interfaces:/opt/ros/humble PYTHONPATH=/home/ribeiro/ros2_tutorial_workspace/build/python_package_that_uses_the_library/prefix_override:/usr/lib/python3/dist-packages/colcon_core/task/python/colcon_distutils_commands:/home/ribeiro/ros2_tutorial_workspace/install/python_package_that_uses_the_library/lib/python3.10/site-packages:/home/ribeiro/ros2_tutorial_workspace/install/python_package_with_a_library/lib/python3.10/site-packages:/home/ribeiro/ros2_tutorial_workspace/install/the_simplest_python_package/lib/python3.10/site-packages:/home/ribeiro/ros2_tutorial_workspace/install/python_package_with_a_node/lib/python3.10/site-packages:/home/ribeiro/ros2_tutorial_workspace/install/python_package_that_uses_the_library/lib/python3.10/site-packages:/home/ribeiro/ros2_tutorial_workspace/install/python_package_that_uses_the_services/lib/python3.10/site-packages:/home/ribeiro/ros2_tutorial_workspace/install/python_package_that_uses_the_messages/lib/python3.10/site-packages:/home/ribeiro/ros2_tutorial_workspace/install/python_package_that_uses_parameters_and_launch_files/lib/python3.10/site-packages:/home/ribeiro/ros2_tutorial_workspace/install/package_with_interfaces/local/lib/python3.10/dist-packages:/opt/ros/humble/lib/python3.10/site-packages:/opt/ros/humble/local/lib/python3.10/dist-packages /usr/bin/python3 -W ignore:setup.py install is deprecated -W ignore:easy_install command is deprecated setup.py egg_info --egg-base ../../build/python_package_that_uses_the_library build --build-base /home/ribeiro/ros2_tutorial_workspace/build/python_package_that_uses_the_library/build install --record /home/ribeiro/ros2_tutorial_workspace/build/python_package_that_uses_the_library/install.log --install-scripts $base/lib/python_package_that_uses_the_library --single-version-externally-managed install_data
[5.143s] Level 1:colcon.colcon_core.environment:checking '/home/ribeiro/ros2_tutorial_workspace/install/python_package_that_uses_the_library' for CMake config files
[5.145s] Level 1:colcon.colcon_core.environment:checking '/home/ribeiro/ros2_tutorial_workspace/install/python_package_that_uses_the_library/lib'
[5.145s] Level 1:colcon.colcon_core.environment:checking '/home/ribeiro/ros2_tutorial_workspace/install/python_package_that_uses_the_library/bin'
[5.145s] Level 1:colcon.colcon_core.environment:checking '/home/ribeiro/ros2_tutorial_workspace/install/python_package_that_uses_the_library/lib/pkgconfig/python_package_that_uses_the_library.pc'
[5.146s] Level 1:colcon.colcon_core.environment:checking '/home/ribeiro/ros2_tutorial_workspace/install/python_package_that_uses_the_library/lib/python3.10/site-packages'
[5.146s] Level 1:colcon.colcon_core.shell:create_environment_hook('python_package_that_uses_the_library', 'pythonpath')
[5.146s] INFO:colcon.colcon_core.shell:Creating environment hook '/home/ribeiro/ros2_tutorial_workspace/install/python_package_that_uses_the_library/share/python_package_that_uses_the_library/hook/pythonpath.ps1'
[5.147s] INFO:colcon.colcon_core.shell:Creating environment descriptor '/home/ribeiro/ros2_tutorial_workspace/install/python_package_that_uses_the_library/share/python_package_that_uses_the_library/hook/pythonpath.dsv'
[5.147s] INFO:colcon.colcon_core.shell:Creating environment hook '/home/ribeiro/ros2_tutorial_workspace/install/python_package_that_uses_the_library/share/python_package_that_uses_the_library/hook/pythonpath.sh'
[5.148s] Level 1:colcon.colcon_core.environment:checking '/home/ribeiro/ros2_tutorial_workspace/install/python_package_that_uses_the_library/bin'
[5.148s] Level 1:colcon.colcon_core.environment:create_environment_scripts_only(python_package_that_uses_the_library)
[5.149s] INFO:colcon.colcon_core.shell:Creating package script '/home/ribeiro/ros2_tutorial_workspace/install/python_package_that_uses_the_library/share/python_package_that_uses_the_library/package.ps1'
[5.149s] INFO:colcon.colcon_core.shell:Creating package descriptor '/home/ribeiro/ros2_tutorial_workspace/install/python_package_that_uses_the_library/share/python_package_that_uses_the_library/package.dsv'
[5.150s] INFO:colcon.colcon_core.shell:Creating package script '/home/ribeiro/ros2_tutorial_workspace/install/python_package_that_uses_the_library/share/python_package_that_uses_the_library/package.sh'
[5.151s] INFO:colcon.colcon_core.shell:Creating package script '/home/ribeiro/ros2_tutorial_workspace/install/python_package_that_uses_the_library/share/python_package_that_uses_the_library/package.bash'
[5.152s] INFO:colcon.colcon_core.shell:Creating package script '/home/ribeiro/ros2_tutorial_workspace/install/python_package_that_uses_the_library/share/python_package_that_uses_the_library/package.zsh'
[5.152s] Level 1:colcon.colcon_core.environment:create_file_with_runtime_dependencies(/home/ribeiro/ros2_tutorial_workspace/install/python_package_that_uses_the_library/share/colcon-core/packages/python_package_that_uses_the_library)
[5.332s] DEBUG:colcon.colcon_core.event_handler.log_command:Invoked command in '/home/ribeiro/ros2_tutorial_workspace/build/cpp_package_with_a_library' returned '1': CMAKE_PREFIX_PATH=${CMAKE_PREFIX_PATH}:/home/ribeiro/ros2_tutorial_workspace/install/the_simplest_python_package:/home/ribeiro/ros2_tutorial_workspace/install/python_package_with_a_node:/home/ribeiro/ros2_tutorial_workspace/install/python_package_that_uses_the_library:/home/ribeiro/ros2_tutorial_workspace/install/python_package_with_a_library:/home/ribeiro/ros2_tutorial_workspace/install/python_package_that_uses_the_services:/home/ribeiro/ros2_tutorial_workspace/install/python_package_that_uses_the_messages:/home/ribeiro/ros2_tutorial_workspace/install/python_package_that_uses_parameters_and_launch_files:/opt/ros/humble /usr/bin/cmake /home/ribeiro/ros2_tutorial_workspace/src/cpp_package_with_a_library -DCMAKE_INSTALL_PREFIX=/home/ribeiro/ros2_tutorial_workspace/install/cpp_package_with_a_library
[5.367s] Level 1:colcon.colcon_core.environment:create_environment_scripts_only(cpp_package_with_a_library)
[5.367s] Level 1:colcon.colcon_core.environment:checking '/home/ribeiro/ros2_tutorial_workspace/install/cpp_package_with_a_library' for CMake module files
[5.368s] Level 1:colcon.colcon_core.environment:checking '/home/ribeiro/ros2_tutorial_workspace/install/cpp_package_with_a_library' for CMake config files
[5.368s] Level 1:colcon.colcon_core.environment:checking '/home/ribeiro/ros2_tutorial_workspace/install/cpp_package_with_a_library/bin'
[5.368s] Level 1:colcon.colcon_core.environment:checking '/home/ribeiro/ros2_tutorial_workspace/install/cpp_package_with_a_library/lib/pkgconfig/cpp_package_with_a_library.pc'
[5.368s] Level 1:colcon.colcon_core.environment:checking '/home/ribeiro/ros2_tutorial_workspace/install/cpp_package_with_a_library/lib/python3.10/site-packages'
[5.369s] Level 1:colcon.colcon_core.environment:checking '/home/ribeiro/ros2_tutorial_workspace/install/cpp_package_with_a_library/bin'
[5.369s] INFO:colcon.colcon_core.shell:Creating package script '/home/ribeiro/ros2_tutorial_workspace/install/cpp_package_with_a_library/share/cpp_package_with_a_library/package.ps1'
[5.371s] INFO:colcon.colcon_core.shell:Creating package descriptor '/home/ribeiro/ros2_tutorial_workspace/install/cpp_package_with_a_library/share/cpp_package_with_a_library/package.dsv'
[5.371s] INFO:colcon.colcon_core.shell:Creating package script '/home/ribeiro/ros2_tutorial_workspace/install/cpp_package_with_a_library/share/cpp_package_with_a_library/package.sh'
[5.372s] INFO:colcon.colcon_core.shell:Creating package script '/home/ribeiro/ros2_tutorial_workspace/install/cpp_package_with_a_library/share/cpp_package_with_a_library/package.bash'
[5.373s] INFO:colcon.colcon_core.shell:Creating package script '/home/ribeiro/ros2_tutorial_workspace/install/cpp_package_with_a_library/share/cpp_package_with_a_library/package.zsh'
[5.373s] Level 1:colcon.colcon_core.environment:create_file_with_runtime_dependencies(/home/ribeiro/ros2_tutorial_workspace/install/cpp_package_with_a_library/share/colcon-core/packages/cpp_package_with_a_library)
[5.374s] DEBUG:colcon.colcon_parallel_executor.executor.parallel:closing loop
[5.375s] DEBUG:colcon.colcon_parallel_executor.executor.parallel:loop closed
[5.375s] DEBUG:colcon.colcon_parallel_executor.executor.parallel:run_until_complete finished with '1'
[5.375s] DEBUG:colcon.colcon_core.event_reactor:joining thread
[5.400s] INFO:colcon.colcon_core.plugin_system:Skipping extension 'colcon_notification.desktop_notification.notify_send': Could not find 'notify-send'
[5.400s] INFO:colcon.colcon_core.plugin_system:Skipping extension 'colcon_notification.desktop_notification.terminal_notifier': Not used on non-Darwin systems
[5.400s] INFO:colcon.colcon_core.plugin_system:Skipping extension 'colcon_notification.desktop_notification.win32': Not used on non-Windows systems
[5.400s] INFO:colcon.colcon_notification.desktop_notification:Sending desktop notification using 'notify2'
[5.400s] DEBUG:colcon.colcon_notification.desktop_notification.notify2:Failed to initialize notify2: org.freedesktop.DBus.Error.NotSupported: Unable to autolaunch a dbus-daemon without a $DISPLAY for X11
[5.400s] DEBUG:colcon.colcon_core.event_reactor:joined thread
[5.400s] INFO:colcon.colcon_core.shell:Creating prefix script '/home/ribeiro/ros2_tutorial_workspace/install/local_setup.ps1'
[5.402s] INFO:colcon.colcon_core.shell:Creating prefix util module '/home/ribeiro/ros2_tutorial_workspace/install/_local_setup_util_ps1.py'
[5.403s] INFO:colcon.colcon_core.shell:Creating prefix chain script '/home/ribeiro/ros2_tutorial_workspace/install/setup.ps1'
[5.405s] INFO:colcon.colcon_core.shell:Creating prefix script '/home/ribeiro/ros2_tutorial_workspace/install/local_setup.sh'
[5.406s] INFO:colcon.colcon_core.shell:Creating prefix util module '/home/ribeiro/ros2_tutorial_workspace/install/_local_setup_util_sh.py'
[5.407s] INFO:colcon.colcon_core.shell:Creating prefix chain script '/home/ribeiro/ros2_tutorial_workspace/install/setup.sh'
[5.409s] INFO:colcon.colcon_core.shell:Creating prefix script '/home/ribeiro/ros2_tutorial_workspace/install/local_setup.bash'
[5.410s] INFO:colcon.colcon_core.shell:Creating prefix chain script '/home/ribeiro/ros2_tutorial_workspace/install/setup.bash'
[5.413s] INFO:colcon.colcon_core.shell:Creating prefix script '/home/ribeiro/ros2_tutorial_workspace/install/local_setup.zsh'
[5.413s] INFO:colcon.colcon_core.shell:Creating prefix chain script '/home/ribeiro/ros2_tutorial_workspace/install/setup.zsh'
