[0.000000] (-) TimerEvent: {}
[0.000247] (package_with_interfaces) JobQueued: {'identifier': 'package_with_interfaces', 'dependencies': OrderedDict()}
[0.000326] (python_package_with_a_library) JobQueued: {'identifier': 'python_package_with_a_library', 'dependencies': OrderedDict()}
[0.000382] (python_package_that_uses_parameters_and_launch_files) JobQueued: {'identifier': 'python_package_that_uses_parameters_and_launch_files', 'dependencies': OrderedDict([('package_with_interfaces', '/home/ribeiro/ros2_tutorial_workspace/install/package_with_interfaces')])}
[0.000451] (python_package_that_uses_the_library) JobQueued: {'identifier': 'python_package_that_uses_the_library', 'dependencies': OrderedDict([('python_package_with_a_library', '/home/ribeiro/ros2_tutorial_workspace/install/python_package_with_a_library')])}
[0.000601] (python_package_that_uses_the_messages) JobQueued: {'identifier': 'python_package_that_uses_the_messages', 'dependencies': OrderedDict([('package_with_interfaces', '/home/ribeiro/ros2_tutorial_workspace/install/package_with_interfaces')])}
[0.000634] (python_package_that_uses_the_services) JobQueued: {'identifier': 'python_package_that_uses_the_services', 'dependencies': OrderedDict([('package_with_interfaces', '/home/ribeiro/ros2_tutorial_workspace/install/package_with_interfaces')])}
[0.000663] (package_with_interfaces) JobStarted: {'identifier': 'package_with_interfaces'}
[0.012929] (python_package_with_a_library) JobStarted: {'identifier': 'python_package_with_a_library'}
[0.022844] (package_with_interfaces) JobProgress: {'identifier': 'package_with_interfaces', 'progress': 'cmake'}
[0.023720] (package_with_interfaces) JobProgress: {'identifier': 'package_with_interfaces', 'progress': 'build'}
[0.024304] (package_with_interfaces) Command: {'cmd': ['/usr/bin/cmake', '--build', '/home/ribeiro/ros2_tutorial_workspace/build/package_with_interfaces', '--', '-j6', '-l6'], 'cwd': '/home/ribeiro/ros2_tutorial_workspace/build/package_with_interfaces', 'env': OrderedDict([('LESSOPEN', '| /usr/bin/lesspipe %s'), ('USER', 'ribeiro'), ('SHLVL', '1'), ('LD_LIBRARY_PATH', '/home/ribeiro/ros2_tutorial_workspace/install/package_with_interfaces/lib:/opt/ros/humble/opt/rviz_ogre_vendor/lib:/opt/ros/humble/lib/x86_64-linux-gnu:/opt/ros/humble/lib'), ('WT_PROFILE_ID', '{17bf3de4-5353-5709-bcf9-835bd952a95e}'), ('HOME', '/home/ribeiro'), ('OLDPWD', '/home/ribeiro/ros2_tutorial_workspace/src'), ('ROS_PYTHON_VERSION', '3'), ('WSL_DISTRO_NAME', 'Ubuntu-22.04'), ('COLCON_PREFIX_PATH', '/home/ribeiro/ros2_tutorial_workspace/install'), ('ROS_DISTRO', 'humble'), ('LOGNAME', 'ribeiro'), ('NAME', 'DESKTOP-8COHQ5A'), ('_', '/usr/bin/colcon'), ('ROS_VERSION', '2'), ('TERM', 'xterm-256color'), ('ROS_LOCALHOST_ONLY', '0'), ('PATH', '/opt/ros/humble/bin:/usr/local/sbin:/usr/local/bin:/usr/sbin:/usr/bin:/sbin:/bin:/usr/games:/usr/local/games:/mnt/c/Program Files/Amazon Corretto/jdk1.8.0_302/bin:/mnt/c/Program Files/Common Files/Oracle/Java/javapath:/mnt/c/Program Files (x86)/Common Files/Oracle/Java/java8path:/mnt/c/Program Files (x86)/Common Files/Oracle/Java/javapath:/mnt/c/Windows/system32:/mnt/c/Windows:/mnt/c/Windows/System32/Wbem:/mnt/c/Windows/System32/WindowsPowerShell/v1.0/:/mnt/c/Windows/System32/OpenSSH/:/mnt/c/Program Files/dotnet/:/mnt/c/Program Files/Git/cmd:/mnt/c/Users/Pichau/AppData/Local/Programs/Python/Python314/Scripts/:/mnt/c/Users/Pichau/AppData/Local/Programs/Python/Python314/:/mnt/c/Users/Pichau/AppData/Local/Programs/Python/Launcher/:/mnt/c/Users/Pichau/AppData/Local/Microsoft/WindowsApps:/mnt/c/Users/Pichau/AppData/Local/Programs/Microsoft VS Code/bin:/snap/bin'), ('WT_SESSION', 'e2600c79-232d-4b4d-8fde-8d7c1325aaca'), ('LANG', 'C.UTF-8'), ('LS_COLORS', 'rs=0:di=01;34:ln=01;36:mh=00:pi=40;33:so=01;35:do=01;35:bd=40;33;01:cd=40;33;01:or=40;31;01:mi=00:su=37;41:sg=30;43:ca=30;41:tw=30;42:ow=34;42:st=37;44:ex=01;32:*.tar=01;31:*.tgz=01;31:*.arc=01;31:*.arj=01;31:*.taz=01;31:*.lha=01;31:*.lz4=01;31:*.lzh=01;31:*.lzma=01;31:*.tlz=01;31:*.txz=01;31:*.tzo=01;31:*.t7z=01;31:*.zip=01;31:*.z=01;31:*.dz=01;31:*.gz=01;31:*.lrz=01;31:*.lz=01;31:*.lzo=01;31:*.xz=01;31:*.zst=01;31:*.tzst=01;31:*.bz2=01;31:*.bz=01;31:*.tbz=01;31:*.tbz2=01;31:*.tz=01;31:*.deb=01;31:*.rpm=01;31:*.jar=01;31:*.war=01;31:*.ear=01;31:*.sar=01;31:*.rar=01;31:*.alz=01;31:*.ace=01;31:*.zoo=01;31:*.cpio=01;31:*.7z=01;31:*.rz=01;31:*.cab=01;31:*.wim=01;31:*.swm=01;31:*.dwm=01;31:*.esd=01;31:*.jpg=01;35:*.jpeg=01;35:*.mjpg=01;35:*.mjpeg=01;35:*.gif=01;35:*.bmp=01;35:*.pbm=01;35:*.pgm=01;35:*.ppm=01;35:*.tga=01;35:*.xbm=01;35:*.xpm=01;35:*.tif=01;35:*.tiff=01;35:*.png=01;35:*.svg=01;35:*.svgz=01;35:*.mng=01;35:*.pcx=01;35:*.mov=01;35:*.mpg=01;35:*.mpeg=01;35:*.m2v=01;35:*.mkv=01;35:*.webm=01;35:*.webp=01;35:*.ogm=01;35:*.mp4=01;35:*.m4v=01;35:*.mp4v=01;35:*.vob=01;35:*.qt=01;35:*.nuv=01;35:*.wmv=01;35:*.asf=01;35:*.rm=01;35:*.rmvb=01;35:*.flc=01;35:*.avi=01;35:*.fli=01;35:*.flv=01;35:*.gl=01;35:*.dl=01;35:*.xcf=01;35:*.xwd=01;35:*.yuv=01;35:*.cgm=01;35:*.emf=01;35:*.ogv=01;35:*.ogx=01;35:*.aac=00;36:*.au=00;36:*.flac=00;36:*.m4a=00;36:*.mid=00;36:*.midi=00;36:*.mka=00;36:*.mp3=00;36:*.mpc=00;36:*.ogg=00;36:*.ra=00;36:*.wav=00;36:*.oga=00;36:*.opus=00;36:*.spx=00;36:*.xspf=00;36:'), ('AMENT_PREFIX_PATH', '/home/ribeiro/ros2_tutorial_workspace/install/python_package_that_uses_the_services:/home/ribeiro/ros2_tutorial_workspace/install/the_simplest_python_package:/home/ribeiro/ros2_tutorial_workspace/install/python_package_with_a_node:/home/ribeiro/ros2_tutorial_workspace/install/python_package_that_uses_the_library:/home/ribeiro/ros2_tutorial_workspace/install/python_package_with_a_library:/home/ribeiro/ros2_tutorial_workspace/install/python_package_that_uses_the_messages:/home/ribeiro/ros2_tutorial_workspace/install/package_with_interfaces:/opt/ros/humble'), ('SHELL', '/bin/bash'), ('LESSCLOSE', '/usr/bin/lesspipe %s %s'), ('PWD', '/home/ribeiro/ros2_tutorial_workspace/build/package_with_interfaces'), ('XDG_DATA_DIRS', '/usr/local/share:/usr/share:/var/lib/snapd/desktop'), ('PYTHONPATH', '/home/ribeiro/ros2_tutorial_workspace/install/python_package_that_uses_the_services/lib/python3.10/site-packages:/home/ribeiro/ros2_tutorial_workspace/install/the_simplest_python_package/lib/python3.10/site-packages:/home/ribeiro/ros2_tutorial_workspace/install/python_package_with_a_node/lib/python3.10/site-packages:/home/ribeiro/ros2_tutorial_workspace/install/python_package_that_uses_the_library/lib/python3.10/site-packages:/home/ribeiro/ros2_tutorial_workspace/install/python_package_with_a_library/lib/python3.10/site-packages:/home/ribeiro/ros2_tutorial_workspace/install/python_package_that_uses_the_messages/lib/python3.10/site-packages:/home/ribeiro/ros2_tutorial_workspace/install/package_with_interfaces/local/lib/python3.10/dist-packages:/opt/ros/humble/lib/python3.10/site-packages:/opt/ros/humble/local/lib/python3.10/dist-packages'), ('COLCON', '1'), ('HOSTTYPE', 'x86_64'), ('CMAKE_PREFIX_PATH', '/home/ribeiro/ros2_tutorial_workspace/install/package_with_interfaces:/home/ribeiro/ros2_tutorial_workspace/install/python_package_that_uses_the_services:/home/ribeiro/ros2_tutorial_workspace/install/the_simplest_python_package:/home/ribeiro/ros2_tutorial_workspace/install/python_package_with_a_node:/home/ribeiro/ros2_tutorial_workspace/install/python_package_that_uses_the_library:/home/ribeiro/ros2_tutorial_workspace/install/python_package_with_a_library:/home/ribeiro/ros2_tutorial_workspace/install/python_package_that_uses_the_messages:/opt/ros/humble'), ('WSLENV', 'WT_SESSION:WT_PROFILE_ID:')]), 'shell': False}
[0.099597] (-) TimerEvent: {}
[0.201586] (-) TimerEvent: {}
[0.235195] (package_with_interfaces) StdoutLine: {'line': b'[  5%] Built target package_with_interfaces__rs\n'}
[0.236478] (package_with_interfaces) StdoutLine: {'line': b'[  5%] Built target package_with_interfaces__cpp\n'}
[0.236602] (package_with_interfaces) StdoutLine: {'line': b'[ 15%] Built target package_with_interfaces__rosidl_generator_c\n'}
[0.293340] (package_with_interfaces) StdoutLine: {'line': b'[ 15%] Built target ament_cmake_python_copy_package_with_interfaces\n'}
[0.310202] (-) TimerEvent: {}
[0.360250] (package_with_interfaces) StdoutLine: {'line': b'[ 25%] Built target package_with_interfaces__rosidl_typesupport_fastrtps_cpp\n'}
[0.360466] (package_with_interfaces) StdoutLine: {'line': b'[ 35%] Built target package_with_interfaces__rosidl_typesupport_fastrtps_c\n'}
[0.360556] (package_with_interfaces) StdoutLine: {'line': b'[ 45%] Built target package_with_interfaces__rosidl_typesupport_introspection_c\n'}
[0.363674] (package_with_interfaces) StdoutLine: {'line': b'[ 55%] Built target package_with_interfaces__rosidl_typesupport_introspection_cpp\n'}
[0.378248] (package_with_interfaces) StdoutLine: {'line': b'[ 65%] Built target package_with_interfaces__rosidl_typesupport_c\n'}
[0.402665] (package_with_interfaces) StdoutLine: {'line': b'[ 75%] Built target package_with_interfaces__rosidl_typesupport_cpp\n'}
[0.410534] (-) TimerEvent: {}
[0.465002] (package_with_interfaces) StdoutLine: {'line': b'[ 75%] Built target package_with_interfaces\n'}
[0.511677] (-) TimerEvent: {}
[0.535066] (package_with_interfaces) StdoutLine: {'line': b'[ 77%] Built target package_with_interfaces__py\n'}
[0.612234] (-) TimerEvent: {}
[0.614011] (package_with_interfaces) StdoutLine: {'line': b'[ 85%] Built target package_with_interfaces__rosidl_generator_py\n'}
[0.692117] (package_with_interfaces) StdoutLine: {'line': b'[ 92%] Built target package_with_interfaces__rosidl_typesupport_fastrtps_c__pyext\n'}
[0.693471] (package_with_interfaces) StdoutLine: {'line': b'[100%] Built target package_with_interfaces__rosidl_typesupport_c__pyext\n'}
[0.693566] (package_with_interfaces) StdoutLine: {'line': b'[100%] Built target package_with_interfaces__rosidl_typesupport_introspection_c__pyext\n'}
[0.712892] (-) TimerEvent: {}
[0.802387] (package_with_interfaces) StdoutLine: {'line': b'running egg_info\n'}
[0.802991] (package_with_interfaces) StdoutLine: {'line': b'writing package_with_interfaces.egg-info/PKG-INFO\n'}
[0.803307] (package_with_interfaces) StdoutLine: {'line': b'writing dependency_links to package_with_interfaces.egg-info/dependency_links.txt\n'}
[0.803703] (package_with_interfaces) StdoutLine: {'line': b'writing top-level names to package_with_interfaces.egg-info/top_level.txt\n'}
[0.806363] (package_with_interfaces) StdoutLine: {'line': b"reading manifest file 'package_with_interfaces.egg-info/SOURCES.txt'\n"}
[0.807109] (package_with_interfaces) StdoutLine: {'line': b"writing manifest file 'package_with_interfaces.egg-info/SOURCES.txt'\n"}
[0.812917] (-) TimerEvent: {}
[0.842912] (package_with_interfaces) StdoutLine: {'line': b'[100%] Built target ament_cmake_python_build_package_with_interfaces_egg\n'}
[0.874067] (package_with_interfaces) CommandEnded: {'returncode': 0}
[0.874838] (package_with_interfaces) JobProgress: {'identifier': 'package_with_interfaces', 'progress': 'install'}
[0.896007] (package_with_interfaces) Command: {'cmd': ['/usr/bin/cmake', '--install', '/home/ribeiro/ros2_tutorial_workspace/build/package_with_interfaces'], 'cwd': '/home/ribeiro/ros2_tutorial_workspace/build/package_with_interfaces', 'env': OrderedDict([('LESSOPEN', '| /usr/bin/lesspipe %s'), ('USER', 'ribeiro'), ('SHLVL', '1'), ('LD_LIBRARY_PATH', '/home/ribeiro/ros2_tutorial_workspace/install/package_with_interfaces/lib:/opt/ros/humble/opt/rviz_ogre_vendor/lib:/opt/ros/humble/lib/x86_64-linux-gnu:/opt/ros/humble/lib'), ('WT_PROFILE_ID', '{17bf3de4-5353-5709-bcf9-835bd952a95e}'), ('HOME', '/home/ribeiro'), ('OLDPWD', '/home/ribeiro/ros2_tutorial_workspace/src'), ('ROS_PYTHON_VERSION', '3'), ('WSL_DISTRO_NAME', 'Ubuntu-22.04'), ('COLCON_PREFIX_PATH', '/home/ribeiro/ros2_tutorial_workspace/install'), ('ROS_DISTRO', 'humble'), ('LOGNAME', 'ribeiro'), ('NAME', 'DESKTOP-8COHQ5A'), ('_', '/usr/bin/colcon'), ('ROS_VERSION', '2'), ('TERM', 'xterm-256color'), ('ROS_LOCALHOST_ONLY', '0'), ('PATH', '/opt/ros/humble/bin:/usr/local/sbin:/usr/local/bin:/usr/sbin:/usr/bin:/sbin:/bin:/usr/games:/usr/local/games:/mnt/c/Program Files/Amazon Corretto/jdk1.8.0_302/bin:/mnt/c/Program Files/Common Files/Oracle/Java/javapath:/mnt/c/Program Files (x86)/Common Files/Oracle/Java/java8path:/mnt/c/Program Files (x86)/Common Files/Oracle/Java/javapath:/mnt/c/Windows/system32:/mnt/c/Windows:/mnt/c/Windows/System32/Wbem:/mnt/c/Windows/System32/WindowsPowerShell/v1.0/:/mnt/c/Windows/System32/OpenSSH/:/mnt/c/Program Files/dotnet/:/mnt/c/Program Files/Git/cmd:/mnt/c/Users/Pichau/AppData/Local/Programs/Python/Python314/Scripts/:/mnt/c/Users/Pichau/AppData/Local/Programs/Python/Python314/:/mnt/c/Users/Pichau/AppData/Local/Programs/Python/Launcher/:/mnt/c/Users/Pichau/AppData/Local/Microsoft/WindowsApps:/mnt/c/Users/Pichau/AppData/Local/Programs/Microsoft VS Code/bin:/snap/bin'), ('WT_SESSION', 'e2600c79-232d-4b4d-8fde-8d7c1325aaca'), ('LANG', 'C.UTF-8'), ('LS_COLORS', 'rs=0:di=01;34:ln=01;36:mh=00:pi=40;33:so=01;35:do=01;35:bd=40;33;01:cd=40;33;01:or=40;31;01:mi=00:su=37;41:sg=30;43:ca=30;41:tw=30;42:ow=34;42:st=37;44:ex=01;32:*.tar=01;31:*.tgz=01;31:*.arc=01;31:*.arj=01;31:*.taz=01;31:*.lha=01;31:*.lz4=01;31:*.lzh=01;31:*.lzma=01;31:*.tlz=01;31:*.txz=01;31:*.tzo=01;31:*.t7z=01;31:*.zip=01;31:*.z=01;31:*.dz=01;31:*.gz=01;31:*.lrz=01;31:*.lz=01;31:*.lzo=01;31:*.xz=01;31:*.zst=01;31:*.tzst=01;31:*.bz2=01;31:*.bz=01;31:*.tbz=01;31:*.tbz2=01;31:*.tz=01;31:*.deb=01;31:*.rpm=01;31:*.jar=01;31:*.war=01;31:*.ear=01;31:*.sar=01;31:*.rar=01;31:*.alz=01;31:*.ace=01;31:*.zoo=01;31:*.cpio=01;31:*.7z=01;31:*.rz=01;31:*.cab=01;31:*.wim=01;31:*.swm=01;31:*.dwm=01;31:*.esd=01;31:*.jpg=01;35:*.jpeg=01;35:*.mjpg=01;35:*.mjpeg=01;35:*.gif=01;35:*.bmp=01;35:*.pbm=01;35:*.pgm=01;35:*.ppm=01;35:*.tga=01;35:*.xbm=01;35:*.xpm=01;35:*.tif=01;35:*.tiff=01;35:*.png=01;35:*.svg=01;35:*.svgz=01;35:*.mng=01;35:*.pcx=01;35:*.mov=01;35:*.mpg=01;35:*.mpeg=01;35:*.m2v=01;35:*.mkv=01;35:*.webm=01;35:*.webp=01;35:*.ogm=01;35:*.mp4=01;35:*.m4v=01;35:*.mp4v=01;35:*.vob=01;35:*.qt=01;35:*.nuv=01;35:*.wmv=01;35:*.asf=01;35:*.rm=01;35:*.rmvb=01;35:*.flc=01;35:*.avi=01;35:*.fli=01;35:*.flv=01;35:*.gl=01;35:*.dl=01;35:*.xcf=01;35:*.xwd=01;35:*.yuv=01;35:*.cgm=01;35:*.emf=01;35:*.ogv=01;35:*.ogx=01;35:*.aac=00;36:*.au=00;36:*.flac=00;36:*.m4a=00;36:*.mid=00;36:*.midi=00;36:*.mka=00;36:*.mp3=00;36:*.mpc=00;36:*.ogg=00;36:*.ra=00;36:*.wav=00;36:*.oga=00;36:*.opus=00;36:*.spx=00;36:*.xspf=00;36:'), ('AMENT_PREFIX_PATH', '/home/ribeiro/ros2_tutorial_workspace/install/python_package_that_uses_the_services:/home/ribeiro/ros2_tutorial_workspace/install/the_simplest_python_package:/home/ribeiro/ros2_tutorial_workspace/install/python_package_with_a_node:/home/ribeiro/ros2_tutorial_workspace/install/python_package_that_uses_the_library:/home/ribeiro/ros2_tutorial_workspace/install/python_package_with_a_library:/home/ribeiro/ros2_tutorial_workspace/install/python_package_that_uses_the_messages:/home/ribeiro/ros2_tutorial_workspace/install/package_with_interfaces:/opt/ros/humble'), ('SHELL', '/bin/bash'), ('LESSCLOSE', '/usr/bin/lesspipe %s %s'), ('PWD', '/home/ribeiro/ros2_tutorial_workspace/build/package_with_interfaces'), ('XDG_DATA_DIRS', '/usr/local/share:/usr/share:/var/lib/snapd/desktop'), ('PYTHONPATH', '/home/ribeiro/ros2_tutorial_workspace/install/python_package_that_uses_the_services/lib/python3.10/site-packages:/home/ribeiro/ros2_tutorial_workspace/install/the_simplest_python_package/lib/python3.10/site-packages:/home/ribeiro/ros2_tutorial_workspace/install/python_package_with_a_node/lib/python3.10/site-packages:/home/ribeiro/ros2_tutorial_workspace/install/python_package_that_uses_the_library/lib/python3.10/site-packages:/home/ribeiro/ros2_tutorial_workspace/install/python_package_with_a_library/lib/python3.10/site-packages:/home/ribeiro/ros2_tutorial_workspace/install/python_package_that_uses_the_messages/lib/python3.10/site-packages:/home/ribeiro/ros2_tutorial_workspace/install/package_with_interfaces/local/lib/python3.10/dist-packages:/opt/ros/humble/lib/python3.10/site-packages:/opt/ros/humble/local/lib/python3.10/dist-packages'), ('COLCON', '1'), ('HOSTTYPE', 'x86_64'), ('CMAKE_PREFIX_PATH', '/home/ribeiro/ros2_tutorial_workspace/install/package_with_interfaces:/home/ribeiro/ros2_tutorial_workspace/install/python_package_that_uses_the_services:/home/ribeiro/ros2_tutorial_workspace/install/the_simplest_python_package:/home/ribeiro/ros2_tutorial_workspace/install/python_package_with_a_node:/home/ribeiro/ros2_tutorial_workspace/install/python_package_that_uses_the_library:/home/ribeiro/ros2_tutorial_workspace/install/python_package_with_a_library:/home/ribeiro/ros2_tutorial_workspace/install/python_package_that_uses_the_messages:/opt/ros/humble'), ('WSLENV', 'WT_SESSION:WT_PROFILE_ID:')]), 'shell': False}
[0.913155] (-) TimerEvent: {}
[0.916813] (package_with_interfaces) StdoutLine: {'line': b'-- Install configuration: ""\n'}
[0.917038] (package_with_interfaces) StdoutLine: {'line': b'-- Up-to-date: /home/ribeiro/ros2_tutorial_workspace/install/package_with_interfaces/share/ament_index/resource_index/rosidl_interfaces/package_with_interfaces\n'}
[0.917177] (package_with_interfaces) StdoutLine: {'line': b'-- Up-to-date: /home/ribeiro/ros2_tutorial_workspace/install/package_with_interfaces/include/package_with_interfaces/package_with_interfaces\n'}
[0.917282] (package_with_interfaces) StdoutLine: {'line': b'-- Up-to-date: /home/ribeiro/ros2_tutorial_workspace/install/package_with_interfaces/include/package_with_interfaces/package_with_interfaces/msg\n'}
[0.917452] (package_with_interfaces) StdoutLine: {'line': b'-- Up-to-date: /home/ribeiro/ros2_tutorial_workspace/install/package_with_interfaces/include/package_with_interfaces/package_with_interfaces/msg/amazing_quote.h\n'}
[0.917569] (package_with_interfaces) StdoutLine: {'line': b'-- Up-to-date: /home/ribeiro/ros2_tutorial_workspace/install/package_with_interfaces/include/package_with_interfaces/package_with_interfaces/msg/detail\n'}
[0.917715] (package_with_interfaces) StdoutLine: {'line': b'-- Up-to-date: /home/ribeiro/ros2_tutorial_workspace/install/package_with_interfaces/include/package_with_interfaces/package_with_interfaces/msg/detail/amazing_quote__functions.c\n'}
[0.917839] (package_with_interfaces) StdoutLine: {'line': b'-- Up-to-date: /home/ribeiro/ros2_tutorial_workspace/install/package_with_interfaces/include/package_with_interfaces/package_with_interfaces/msg/detail/amazing_quote__functions.h\n'}
[0.917959] (package_with_interfaces) StdoutLine: {'line': b'-- Up-to-date: /home/ribeiro/ros2_tutorial_workspace/install/package_with_interfaces/include/package_with_interfaces/package_with_interfaces/msg/detail/amazing_quote__struct.h\n'}
[0.918084] (package_with_interfaces) StdoutLine: {'line': b'-- Up-to-date: /home/ribeiro/ros2_tutorial_workspace/install/package_with_interfaces/include/package_with_interfaces/package_with_interfaces/msg/detail/amazing_quote__type_support.h\n'}
[0.918152] (package_with_interfaces) StdoutLine: {'line': b'-- Up-to-date: /home/ribeiro/ros2_tutorial_workspace/install/package_with_interfaces/include/package_with_interfaces/package_with_interfaces/msg/rosidl_generator_c__visibility_control.h\n'}
[0.918258] (package_with_interfaces) StdoutLine: {'line': b'-- Up-to-date: /home/ribeiro/ros2_tutorial_workspace/install/package_with_interfaces/include/package_with_interfaces/package_with_interfaces/srv\n'}
[0.918322] (package_with_interfaces) StdoutLine: {'line': b'-- Up-to-date: /home/ribeiro/ros2_tutorial_workspace/install/package_with_interfaces/include/package_with_interfaces/package_with_interfaces/srv/detail\n'}
[0.918437] (package_with_interfaces) StdoutLine: {'line': b'-- Up-to-date: /home/ribeiro/ros2_tutorial_workspace/install/package_with_interfaces/include/package_with_interfaces/package_with_interfaces/srv/detail/what_is_the_point__functions.c\n'}
[0.918550] (package_with_interfaces) StdoutLine: {'line': b'-- Up-to-date: /home/ribeiro/ros2_tutorial_workspace/install/package_with_interfaces/include/package_with_interfaces/package_with_interfaces/srv/detail/what_is_the_point__functions.h\n'}
[0.918636] (package_with_interfaces) StdoutLine: {'line': b'-- Up-to-date: /home/ribeiro/ros2_tutorial_workspace/install/package_with_interfaces/include/package_with_interfaces/package_with_interfaces/srv/detail/what_is_the_point__struct.h\n'}
[0.918732] (package_with_interfaces) StdoutLine: {'line': b'-- Up-to-date: /home/ribeiro/ros2_tutorial_workspace/install/package_with_interfaces/include/package_with_interfaces/package_with_interfaces/srv/detail/what_is_the_point__type_support.h\n'}
[0.918911] (package_with_interfaces) StdoutLine: {'line': b'-- Up-to-date: /home/ribeiro/ros2_tutorial_workspace/install/package_with_interfaces/include/package_with_interfaces/package_with_interfaces/srv/what_is_the_point.h\n'}
[0.918984] (package_with_interfaces) StdoutLine: {'line': b'-- Up-to-date: /home/ribeiro/ros2_tutorial_workspace/install/package_with_interfaces/share/package_with_interfaces/environment/library_path.sh\n'}
[0.919046] (package_with_interfaces) StdoutLine: {'line': b'-- Up-to-date: /home/ribeiro/ros2_tutorial_workspace/install/package_with_interfaces/share/package_with_interfaces/environment/library_path.dsv\n'}
[0.919277] (package_with_interfaces) StdoutLine: {'line': b'-- Up-to-date: /home/ribeiro/ros2_tutorial_workspace/install/package_with_interfaces/lib/libpackage_with_interfaces__rosidl_generator_c.so\n'}
[0.919723] (package_with_interfaces) StdoutLine: {'line': b'-- Up-to-date: /home/ribeiro/ros2_tutorial_workspace/install/package_with_interfaces/include/package_with_interfaces/package_with_interfaces\n'}
[0.919922] (package_with_interfaces) StdoutLine: {'line': b'-- Up-to-date: /home/ribeiro/ros2_tutorial_workspace/install/package_with_interfaces/include/package_with_interfaces/package_with_interfaces/msg\n'}
[0.920065] (package_with_interfaces) StdoutLine: {'line': b'-- Up-to-date: /home/ribeiro/ros2_tutorial_workspace/install/package_with_interfaces/include/package_with_interfaces/package_with_interfaces/msg/detail\n'}
[0.920229] (package_with_interfaces) StdoutLine: {'line': b'-- Up-to-date: /home/ribeiro/ros2_tutorial_workspace/install/package_with_interfaces/include/package_with_interfaces/package_with_interfaces/msg/detail/amazing_quote__rosidl_typesupport_fastrtps_c.h\n'}
[0.920374] (package_with_interfaces) StdoutLine: {'line': b'-- Up-to-date: /home/ribeiro/ros2_tutorial_workspace/install/package_with_interfaces/include/package_with_interfaces/package_with_interfaces/msg/rosidl_typesupport_fastrtps_c__visibility_control.h\n'}
[0.920499] (package_with_interfaces) StdoutLine: {'line': b'-- Up-to-date: /home/ribeiro/ros2_tutorial_workspace/install/package_with_interfaces/include/package_with_interfaces/package_with_interfaces/srv\n'}
[0.920575] (package_with_interfaces) StdoutLine: {'line': b'-- Up-to-date: /home/ribeiro/ros2_tutorial_workspace/install/package_with_interfaces/include/package_with_interfaces/package_with_interfaces/srv/detail\n'}
[0.920662] (package_with_interfaces) StdoutLine: {'line': b'-- Up-to-date: /home/ribeiro/ros2_tutorial_workspace/install/package_with_interfaces/include/package_with_interfaces/package_with_interfaces/srv/detail/what_is_the_point__rosidl_typesupport_fastrtps_c.h\n'}
[0.921130] (package_with_interfaces) StdoutLine: {'line': b'-- Up-to-date: /home/ribeiro/ros2_tutorial_workspace/install/package_with_interfaces/lib/libpackage_with_interfaces__rosidl_typesupport_fastrtps_c.so\n'}
[0.921564] (package_with_interfaces) StdoutLine: {'line': b'-- Up-to-date: /home/ribeiro/ros2_tutorial_workspace/install/package_with_interfaces/include/package_with_interfaces/package_with_interfaces\n'}
[0.921709] (package_with_interfaces) StdoutLine: {'line': b'-- Up-to-date: /home/ribeiro/ros2_tutorial_workspace/install/package_with_interfaces/include/package_with_interfaces/package_with_interfaces/msg\n'}
[0.921900] (package_with_interfaces) StdoutLine: {'line': b'-- Up-to-date: /home/ribeiro/ros2_tutorial_workspace/install/package_with_interfaces/include/package_with_interfaces/package_with_interfaces/msg/amazing_quote.hpp\n'}
[0.922036] (package_with_interfaces) StdoutLine: {'line': b'-- Up-to-date: /home/ribeiro/ros2_tutorial_workspace/install/package_with_interfaces/include/package_with_interfaces/package_with_interfaces/msg/detail\n'}
[0.922145] (package_with_interfaces) StdoutLine: {'line': b'-- Up-to-date: /home/ribeiro/ros2_tutorial_workspace/install/package_with_interfaces/include/package_with_interfaces/package_with_interfaces/msg/detail/amazing_quote__builder.hpp\n'}
[0.922327] (package_with_interfaces) StdoutLine: {'line': b'-- Up-to-date: /home/ribeiro/ros2_tutorial_workspace/install/package_with_interfaces/include/package_with_interfaces/package_with_interfaces/msg/detail/amazing_quote__struct.hpp\n'}
[0.922460] (package_with_interfaces) StdoutLine: {'line': b'-- Up-to-date: /home/ribeiro/ros2_tutorial_workspace/install/package_with_interfaces/include/package_with_interfaces/package_with_interfaces/msg/detail/amazing_quote__traits.hpp\n'}
[0.922530] (package_with_interfaces) StdoutLine: {'line': b'-- Up-to-date: /home/ribeiro/ros2_tutorial_workspace/install/package_with_interfaces/include/package_with_interfaces/package_with_interfaces/msg/detail/amazing_quote__type_support.hpp\n'}
[0.922621] (package_with_interfaces) StdoutLine: {'line': b'-- Up-to-date: /home/ribeiro/ros2_tutorial_workspace/install/package_with_interfaces/include/package_with_interfaces/package_with_interfaces/msg/rosidl_generator_cpp__visibility_control.hpp\n'}
[0.922687] (package_with_interfaces) StdoutLine: {'line': b'-- Up-to-date: /home/ribeiro/ros2_tutorial_workspace/install/package_with_interfaces/include/package_with_interfaces/package_with_interfaces/srv\n'}
[0.922780] (package_with_interfaces) StdoutLine: {'line': b'-- Up-to-date: /home/ribeiro/ros2_tutorial_workspace/install/package_with_interfaces/include/package_with_interfaces/package_with_interfaces/srv/detail\n'}
[0.922898] (package_with_interfaces) StdoutLine: {'line': b'-- Up-to-date: /home/ribeiro/ros2_tutorial_workspace/install/package_with_interfaces/include/package_with_interfaces/package_with_interfaces/srv/detail/what_is_the_point__builder.hpp\n'}
[0.923102] (package_with_interfaces) StdoutLine: {'line': b'-- Up-to-date: /home/ribeiro/ros2_tutorial_workspace/install/package_with_interfaces/include/package_with_interfaces/package_with_interfaces/srv/detail/what_is_the_point__struct.hpp\n'}
[0.923184] (package_with_interfaces) StdoutLine: {'line': b'-- Up-to-date: /home/ribeiro/ros2_tutorial_workspace/install/package_with_interfaces/include/package_with_interfaces/package_with_interfaces/srv/detail/what_is_the_point__traits.hpp\n'}
[0.923282] (package_with_interfaces) StdoutLine: {'line': b'-- Up-to-date: /home/ribeiro/ros2_tutorial_workspace/install/package_with_interfaces/include/package_with_interfaces/package_with_interfaces/srv/detail/what_is_the_point__type_support.hpp\n'}
[0.923369] (package_with_interfaces) StdoutLine: {'line': b'-- Up-to-date: /home/ribeiro/ros2_tutorial_workspace/install/package_with_interfaces/include/package_with_interfaces/package_with_interfaces/srv/what_is_the_point.hpp\n'}
[0.923444] (package_with_interfaces) StdoutLine: {'line': b'-- Up-to-date: /home/ribeiro/ros2_tutorial_workspace/install/package_with_interfaces/include/package_with_interfaces/package_with_interfaces\n'}
[0.923525] (package_with_interfaces) StdoutLine: {'line': b'-- Up-to-date: /home/ribeiro/ros2_tutorial_workspace/install/package_with_interfaces/include/package_with_interfaces/package_with_interfaces/msg\n'}
[0.923645] (package_with_interfaces) StdoutLine: {'line': b'-- Up-to-date: /home/ribeiro/ros2_tutorial_workspace/install/package_with_interfaces/include/package_with_interfaces/package_with_interfaces/msg/detail\n'}
[0.923757] (package_with_interfaces) StdoutLine: {'line': b'-- Up-to-date: /home/ribeiro/ros2_tutorial_workspace/install/package_with_interfaces/include/package_with_interfaces/package_with_interfaces/msg/detail/amazing_quote__rosidl_typesupport_fastrtps_cpp.hpp\n'}
[0.923882] (package_with_interfaces) StdoutLine: {'line': b'-- Up-to-date: /home/ribeiro/ros2_tutorial_workspace/install/package_with_interfaces/include/package_with_interfaces/package_with_interfaces/msg/detail/dds_fastrtps\n'}
[0.923983] (package_with_interfaces) StdoutLine: {'line': b'-- Up-to-date: /home/ribeiro/ros2_tutorial_workspace/install/package_with_interfaces/include/package_with_interfaces/package_with_interfaces/msg/rosidl_typesupport_fastrtps_cpp__visibility_control.h\n'}
[0.924055] (package_with_interfaces) StdoutLine: {'line': b'-- Up-to-date: /home/ribeiro/ros2_tutorial_workspace/install/package_with_interfaces/include/package_with_interfaces/package_with_interfaces/srv\n'}
[0.924154] (package_with_interfaces) StdoutLine: {'line': b'-- Up-to-date: /home/ribeiro/ros2_tutorial_workspace/install/package_with_interfaces/include/package_with_interfaces/package_with_interfaces/srv/detail\n'}
[0.924219] (package_with_interfaces) StdoutLine: {'line': b'-- Up-to-date: /home/ribeiro/ros2_tutorial_workspace/install/package_with_interfaces/include/package_with_interfaces/package_with_interfaces/srv/detail/dds_fastrtps\n'}
[0.924311] (package_with_interfaces) StdoutLine: {'line': b'-- Up-to-date: /home/ribeiro/ros2_tutorial_workspace/install/package_with_interfaces/include/package_with_interfaces/package_with_interfaces/srv/detail/what_is_the_point__rosidl_typesupport_fastrtps_cpp.hpp\n'}
[0.924690] (package_with_interfaces) StdoutLine: {'line': b'-- Up-to-date: /home/ribeiro/ros2_tutorial_workspace/install/package_with_interfaces/lib/libpackage_with_interfaces__rosidl_typesupport_fastrtps_cpp.so\n'}
[0.925169] (package_with_interfaces) StdoutLine: {'line': b'-- Up-to-date: /home/ribeiro/ros2_tutorial_workspace/install/package_with_interfaces/include/package_with_interfaces/package_with_interfaces\n'}
[0.925330] (package_with_interfaces) StdoutLine: {'line': b'-- Up-to-date: /home/ribeiro/ros2_tutorial_workspace/install/package_with_interfaces/include/package_with_interfaces/package_with_interfaces/msg\n'}
[0.925480] (package_with_interfaces) StdoutLine: {'line': b'-- Up-to-date: /home/ribeiro/ros2_tutorial_workspace/install/package_with_interfaces/include/package_with_interfaces/package_with_interfaces/msg/detail\n'}
[0.925652] (package_with_interfaces) StdoutLine: {'line': b'-- Up-to-date: /home/ribeiro/ros2_tutorial_workspace/install/package_with_interfaces/include/package_with_interfaces/package_with_interfaces/msg/detail/amazing_quote__rosidl_typesupport_introspection_c.h\n'}
[0.925769] (package_with_interfaces) StdoutLine: {'line': b'-- Up-to-date: /home/ribeiro/ros2_tutorial_workspace/install/package_with_interfaces/include/package_with_interfaces/package_with_interfaces/msg/detail/amazing_quote__type_support.c\n'}
[0.925887] (package_with_interfaces) StdoutLine: {'line': b'-- Up-to-date: /home/ribeiro/ros2_tutorial_workspace/install/package_with_interfaces/include/package_with_interfaces/package_with_interfaces/msg/rosidl_typesupport_introspection_c__visibility_control.h\n'}
[0.925955] (package_with_interfaces) StdoutLine: {'line': b'-- Up-to-date: /home/ribeiro/ros2_tutorial_workspace/install/package_with_interfaces/include/package_with_interfaces/package_with_interfaces/srv\n'}
[0.926048] (package_with_interfaces) StdoutLine: {'line': b'-- Up-to-date: /home/ribeiro/ros2_tutorial_workspace/install/package_with_interfaces/include/package_with_interfaces/package_with_interfaces/srv/detail\n'}
[0.926163] (package_with_interfaces) StdoutLine: {'line': b'-- Up-to-date: /home/ribeiro/ros2_tutorial_workspace/install/package_with_interfaces/include/package_with_interfaces/package_with_interfaces/srv/detail/what_is_the_point__rosidl_typesupport_introspection_c.h\n'}
[0.926310] (package_with_interfaces) StdoutLine: {'line': b'-- Up-to-date: /home/ribeiro/ros2_tutorial_workspace/install/package_with_interfaces/include/package_with_interfaces/package_with_interfaces/srv/detail/what_is_the_point__type_support.c\n'}
[0.926655] (package_with_interfaces) StdoutLine: {'line': b'-- Up-to-date: /home/ribeiro/ros2_tutorial_workspace/install/package_with_interfaces/lib/libpackage_with_interfaces__rosidl_typesupport_introspection_c.so\n'}
[0.927414] (package_with_interfaces) StdoutLine: {'line': b'-- Up-to-date: /home/ribeiro/ros2_tutorial_workspace/install/package_with_interfaces/lib/libpackage_with_interfaces__rosidl_typesupport_c.so\n'}
[0.927880] (package_with_interfaces) StdoutLine: {'line': b'-- Up-to-date: /home/ribeiro/ros2_tutorial_workspace/install/package_with_interfaces/include/package_with_interfaces/package_with_interfaces\n'}
[0.928039] (package_with_interfaces) StdoutLine: {'line': b'-- Up-to-date: /home/ribeiro/ros2_tutorial_workspace/install/package_with_interfaces/include/package_with_interfaces/package_with_interfaces/msg\n'}
[0.928183] (package_with_interfaces) StdoutLine: {'line': b'-- Up-to-date: /home/ribeiro/ros2_tutorial_workspace/install/package_with_interfaces/include/package_with_interfaces/package_with_interfaces/msg/detail\n'}
[0.928338] (package_with_interfaces) StdoutLine: {'line': b'-- Up-to-date: /home/ribeiro/ros2_tutorial_workspace/install/package_with_interfaces/include/package_with_interfaces/package_with_interfaces/msg/detail/amazing_quote__rosidl_typesupport_introspection_cpp.hpp\n'}
[0.928467] (package_with_interfaces) StdoutLine: {'line': b'-- Up-to-date: /home/ribeiro/ros2_tutorial_workspace/install/package_with_interfaces/include/package_with_interfaces/package_with_interfaces/msg/detail/amazing_quote__type_support.cpp\n'}
[0.928538] (package_with_interfaces) StdoutLine: {'line': b'-- Up-to-date: /home/ribeiro/ros2_tutorial_workspace/install/package_with_interfaces/include/package_with_interfaces/package_with_interfaces/srv\n'}
[0.928632] (package_with_interfaces) StdoutLine: {'line': b'-- Up-to-date: /home/ribeiro/ros2_tutorial_workspace/install/package_with_interfaces/include/package_with_interfaces/package_with_interfaces/srv/detail\n'}
[0.928763] (package_with_interfaces) StdoutLine: {'line': b'-- Up-to-date: /home/ribeiro/ros2_tutorial_workspace/install/package_with_interfaces/include/package_with_interfaces/package_with_interfaces/srv/detail/what_is_the_point__rosidl_typesupport_introspection_cpp.hpp\n'}
[0.928863] (package_with_interfaces) StdoutLine: {'line': b'-- Up-to-date: /home/ribeiro/ros2_tutorial_workspace/install/package_with_interfaces/include/package_with_interfaces/package_with_interfaces/srv/detail/what_is_the_point__type_support.cpp\n'}
[0.929275] (package_with_interfaces) StdoutLine: {'line': b'-- Up-to-date: /home/ribeiro/ros2_tutorial_workspace/install/package_with_interfaces/lib/libpackage_with_interfaces__rosidl_typesupport_introspection_cpp.so\n'}
[0.930114] (package_with_interfaces) StdoutLine: {'line': b'-- Up-to-date: /home/ribeiro/ros2_tutorial_workspace/install/package_with_interfaces/lib/libpackage_with_interfaces__rosidl_typesupport_cpp.so\n'}
[0.930580] (package_with_interfaces) StdoutLine: {'line': b'-- Up-to-date: /home/ribeiro/ros2_tutorial_workspace/install/package_with_interfaces/share/package_with_interfaces/environment/pythonpath.sh\n'}
[0.930701] (package_with_interfaces) StdoutLine: {'line': b'-- Up-to-date: /home/ribeiro/ros2_tutorial_workspace/install/package_with_interfaces/share/package_with_interfaces/environment/pythonpath.dsv\n'}
[0.930841] (package_with_interfaces) StdoutLine: {'line': b'-- Up-to-date: /home/ribeiro/ros2_tutorial_workspace/install/package_with_interfaces/local/lib/python3.10/dist-packages/package_with_interfaces-0.0.0-py3.10.egg-info\n'}
[0.930946] (package_with_interfaces) StdoutLine: {'line': b'-- Installing: /home/ribeiro/ros2_tutorial_workspace/install/package_with_interfaces/local/lib/python3.10/dist-packages/package_with_interfaces-0.0.0-py3.10.egg-info/dependency_links.txt\n'}
[0.932354] (package_with_interfaces) StdoutLine: {'line': b'-- Installing: /home/ribeiro/ros2_tutorial_workspace/install/package_with_interfaces/local/lib/python3.10/dist-packages/package_with_interfaces-0.0.0-py3.10.egg-info/PKG-INFO\n'}
[0.933564] (package_with_interfaces) StdoutLine: {'line': b'-- Installing: /home/ribeiro/ros2_tutorial_workspace/install/package_with_interfaces/local/lib/python3.10/dist-packages/package_with_interfaces-0.0.0-py3.10.egg-info/SOURCES.txt\n'}
[0.934865] (package_with_interfaces) StdoutLine: {'line': b'-- Installing: /home/ribeiro/ros2_tutorial_workspace/install/package_with_interfaces/local/lib/python3.10/dist-packages/package_with_interfaces-0.0.0-py3.10.egg-info/top_level.txt\n'}
[0.936715] (package_with_interfaces) StdoutLine: {'line': b'-- Up-to-date: /home/ribeiro/ros2_tutorial_workspace/install/package_with_interfaces/local/lib/python3.10/dist-packages/package_with_interfaces\n'}
[0.936896] (package_with_interfaces) StdoutLine: {'line': b'-- Up-to-date: /home/ribeiro/ros2_tutorial_workspace/install/package_with_interfaces/local/lib/python3.10/dist-packages/package_with_interfaces/libpackage_with_interfaces__rosidl_generator_py.so\n'}
[0.937049] (package_with_interfaces) StdoutLine: {'line': b'-- Up-to-date: /home/ribeiro/ros2_tutorial_workspace/install/package_with_interfaces/local/lib/python3.10/dist-packages/package_with_interfaces/msg\n'}
[0.937201] (package_with_interfaces) StdoutLine: {'line': b'-- Up-to-date: /home/ribeiro/ros2_tutorial_workspace/install/package_with_interfaces/local/lib/python3.10/dist-packages/package_with_interfaces/msg/_amazing_quote.py\n'}
[0.937367] (package_with_interfaces) StdoutLine: {'line': b'-- Up-to-date: /home/ribeiro/ros2_tutorial_workspace/install/package_with_interfaces/local/lib/python3.10/dist-packages/package_with_interfaces/msg/_amazing_quote_s.c\n'}
[0.937504] (package_with_interfaces) StdoutLine: {'line': b'-- Up-to-date: /home/ribeiro/ros2_tutorial_workspace/install/package_with_interfaces/local/lib/python3.10/dist-packages/package_with_interfaces/msg/__init__.py\n'}
[0.937576] (package_with_interfaces) StdoutLine: {'line': b'-- Up-to-date: /home/ribeiro/ros2_tutorial_workspace/install/package_with_interfaces/local/lib/python3.10/dist-packages/package_with_interfaces/package_with_interfaces_s__rosidl_typesupport_c.cpython-310-x86_64-linux-gnu.so\n'}
[0.937669] (package_with_interfaces) StdoutLine: {'line': b'-- Up-to-date: /home/ribeiro/ros2_tutorial_workspace/install/package_with_interfaces/local/lib/python3.10/dist-packages/package_with_interfaces/package_with_interfaces_s__rosidl_typesupport_fastrtps_c.cpython-310-x86_64-linux-gnu.so\n'}
[0.937789] (package_with_interfaces) StdoutLine: {'line': b'-- Up-to-date: /home/ribeiro/ros2_tutorial_workspace/install/package_with_interfaces/local/lib/python3.10/dist-packages/package_with_interfaces/package_with_interfaces_s__rosidl_typesupport_introspection_c.cpython-310-x86_64-linux-gnu.so\n'}
[0.937881] (package_with_interfaces) StdoutLine: {'line': b'-- Up-to-date: /home/ribeiro/ros2_tutorial_workspace/install/package_with_interfaces/local/lib/python3.10/dist-packages/package_with_interfaces/srv\n'}
[0.937989] (package_with_interfaces) StdoutLine: {'line': b'-- Up-to-date: /home/ribeiro/ros2_tutorial_workspace/install/package_with_interfaces/local/lib/python3.10/dist-packages/package_with_interfaces/srv/_what_is_the_point.py\n'}
[0.938078] (package_with_interfaces) StdoutLine: {'line': b'-- Up-to-date: /home/ribeiro/ros2_tutorial_workspace/install/package_with_interfaces/local/lib/python3.10/dist-packages/package_with_interfaces/srv/_what_is_the_point_s.c\n'}
[0.938148] (package_with_interfaces) StdoutLine: {'line': b'-- Up-to-date: /home/ribeiro/ros2_tutorial_workspace/install/package_with_interfaces/local/lib/python3.10/dist-packages/package_with_interfaces/srv/__init__.py\n'}
[0.938210] (package_with_interfaces) StdoutLine: {'line': b'-- Up-to-date: /home/ribeiro/ros2_tutorial_workspace/install/package_with_interfaces/local/lib/python3.10/dist-packages/package_with_interfaces/_package_with_interfaces_s.ep.rosidl_typesupport_c.c\n'}
[0.938271] (package_with_interfaces) StdoutLine: {'line': b'-- Up-to-date: /home/ribeiro/ros2_tutorial_workspace/install/package_with_interfaces/local/lib/python3.10/dist-packages/package_with_interfaces/_package_with_interfaces_s.ep.rosidl_typesupport_fastrtps_c.c\n'}
[0.938331] (package_with_interfaces) StdoutLine: {'line': b'-- Up-to-date: /home/ribeiro/ros2_tutorial_workspace/install/package_with_interfaces/local/lib/python3.10/dist-packages/package_with_interfaces/_package_with_interfaces_s.ep.rosidl_typesupport_introspection_c.c\n'}
[0.938386] (package_with_interfaces) StdoutLine: {'line': b'-- Up-to-date: /home/ribeiro/ros2_tutorial_workspace/install/package_with_interfaces/local/lib/python3.10/dist-packages/package_with_interfaces/__init__.py\n'}
[0.992992] (package_with_interfaces) StdoutLine: {'line': b"Listing '/home/ribeiro/ros2_tutorial_workspace/install/package_with_interfaces/local/lib/python3.10/dist-packages/package_with_interfaces'...\n"}
[0.993192] (package_with_interfaces) StdoutLine: {'line': b"Listing '/home/ribeiro/ros2_tutorial_workspace/install/package_with_interfaces/local/lib/python3.10/dist-packages/package_with_interfaces/msg'...\n"}
[0.993266] (package_with_interfaces) StdoutLine: {'line': b"Listing '/home/ribeiro/ros2_tutorial_workspace/install/package_with_interfaces/local/lib/python3.10/dist-packages/package_with_interfaces/srv'...\n"}
[0.996370] (package_with_interfaces) StdoutLine: {'line': b'-- Up-to-date: /home/ribeiro/ros2_tutorial_workspace/install/package_with_interfaces/local/lib/python3.10/dist-packages/package_with_interfaces/package_with_interfaces_s__rosidl_typesupport_fastrtps_c.cpython-310-x86_64-linux-gnu.so\n'}
[0.997342] (package_with_interfaces) StdoutLine: {'line': b'-- Up-to-date: /home/ribeiro/ros2_tutorial_workspace/install/package_with_interfaces/local/lib/python3.10/dist-packages/package_with_interfaces/package_with_interfaces_s__rosidl_typesupport_introspection_c.cpython-310-x86_64-linux-gnu.so\n'}
[0.998236] (package_with_interfaces) StdoutLine: {'line': b'-- Up-to-date: /home/ribeiro/ros2_tutorial_workspace/install/package_with_interfaces/local/lib/python3.10/dist-packages/package_with_interfaces/package_with_interfaces_s__rosidl_typesupport_c.cpython-310-x86_64-linux-gnu.so\n'}
[0.999086] (package_with_interfaces) StdoutLine: {'line': b'-- Up-to-date: /home/ribeiro/ros2_tutorial_workspace/install/package_with_interfaces/lib/libpackage_with_interfaces__rosidl_generator_py.so\n'}
[0.999724] (package_with_interfaces) StdoutLine: {'line': b'-- Up-to-date: /home/ribeiro/ros2_tutorial_workspace/install/package_with_interfaces/share/ament_index/resource_index/rust_packages/package_with_interfaces\n'}
[0.999882] (package_with_interfaces) StdoutLine: {'line': b'-- Up-to-date: /home/ribeiro/ros2_tutorial_workspace/install/package_with_interfaces/share/package_with_interfaces/rust\n'}
[1.000135] (package_with_interfaces) StdoutLine: {'line': b'-- Up-to-date: /home/ribeiro/ros2_tutorial_workspace/install/package_with_interfaces/share/package_with_interfaces/rust/build.rs\n'}
[1.000309] (package_with_interfaces) StdoutLine: {'line': b'-- Up-to-date: /home/ribeiro/ros2_tutorial_workspace/install/package_with_interfaces/share/package_with_interfaces/rust/Cargo.toml\n'}
[1.000399] (package_with_interfaces) StdoutLine: {'line': b'-- Up-to-date: /home/ribeiro/ros2_tutorial_workspace/install/package_with_interfaces/share/package_with_interfaces/rust/src\n'}
[1.000560] (package_with_interfaces) StdoutLine: {'line': b'-- Up-to-date: /home/ribeiro/ros2_tutorial_workspace/install/package_with_interfaces/share/package_with_interfaces/rust/src/lib.rs\n'}
[1.000633] (package_with_interfaces) StdoutLine: {'line': b'-- Up-to-date: /home/ribeiro/ros2_tutorial_workspace/install/package_with_interfaces/share/package_with_interfaces/rust/src/msg\n'}
[1.000754] (package_with_interfaces) StdoutLine: {'line': b'-- Up-to-date: /home/ribeiro/ros2_tutorial_workspace/install/package_with_interfaces/share/package_with_interfaces/rust/src/msg/rmw.rs\n'}
[1.000853] (package_with_interfaces) StdoutLine: {'line': b'-- Up-to-date: /home/ribeiro/ros2_tutorial_workspace/install/package_with_interfaces/share/package_with_interfaces/rust/src/msg.rs\n'}
[1.000963] (package_with_interfaces) StdoutLine: {'line': b'-- Up-to-date: /home/ribeiro/ros2_tutorial_workspace/install/package_with_interfaces/share/package_with_interfaces/rust/src/srv\n'}
[1.001075] (package_with_interfaces) StdoutLine: {'line': b'-- Up-to-date: /home/ribeiro/ros2_tutorial_workspace/install/package_with_interfaces/share/package_with_interfaces/rust/src/srv/rmw.rs\n'}
[1.001230] (package_with_interfaces) StdoutLine: {'line': b'-- Up-to-date: /home/ribeiro/ros2_tutorial_workspace/install/package_with_interfaces/share/package_with_interfaces/rust/src/srv.rs\n'}
[1.001326] (package_with_interfaces) StdoutLine: {'line': b'-- Up-to-date: /home/ribeiro/ros2_tutorial_workspace/install/package_with_interfaces/share/package_with_interfaces/msg/AmazingQuote.idl\n'}
[1.001434] (package_with_interfaces) StdoutLine: {'line': b'-- Up-to-date: /home/ribeiro/ros2_tutorial_workspace/install/package_with_interfaces/share/package_with_interfaces/srv/WhatIsThePoint.idl\n'}
[1.001526] (package_with_interfaces) StdoutLine: {'line': b'-- Up-to-date: /home/ribeiro/ros2_tutorial_workspace/install/package_with_interfaces/share/package_with_interfaces/msg/AmazingQuote.msg\n'}
[1.001678] (package_with_interfaces) StdoutLine: {'line': b'-- Up-to-date: /home/ribeiro/ros2_tutorial_workspace/install/package_with_interfaces/share/package_with_interfaces/srv/WhatIsThePoint.srv\n'}
[1.001808] (package_with_interfaces) StdoutLine: {'line': b'-- Up-to-date: /home/ribeiro/ros2_tutorial_workspace/install/package_with_interfaces/share/package_with_interfaces/srv/WhatIsThePoint_Request.msg\n'}
[1.001959] (package_with_interfaces) StdoutLine: {'line': b'-- Up-to-date: /home/ribeiro/ros2_tutorial_workspace/install/package_with_interfaces/share/package_with_interfaces/srv/WhatIsThePoint_Response.msg\n'}
[1.002109] (package_with_interfaces) StdoutLine: {'line': b'-- Up-to-date: /home/ribeiro/ros2_tutorial_workspace/install/package_with_interfaces/share/ament_index/resource_index/package_run_dependencies/package_with_interfaces\n'}
[1.002273] (package_with_interfaces) StdoutLine: {'line': b'-- Up-to-date: /home/ribeiro/ros2_tutorial_workspace/install/package_with_interfaces/share/ament_index/resource_index/parent_prefix_path/package_with_interfaces\n'}
[1.002347] (package_with_interfaces) StdoutLine: {'line': b'-- Up-to-date: /home/ribeiro/ros2_tutorial_workspace/install/package_with_interfaces/share/package_with_interfaces/environment/ament_prefix_path.sh\n'}
[1.002496] (package_with_interfaces) StdoutLine: {'line': b'-- Up-to-date: /home/ribeiro/ros2_tutorial_workspace/install/package_with_interfaces/share/package_with_interfaces/environment/ament_prefix_path.dsv\n'}
[1.002598] (package_with_interfaces) StdoutLine: {'line': b'-- Up-to-date: /home/ribeiro/ros2_tutorial_workspace/install/package_with_interfaces/share/package_with_interfaces/environment/path.sh\n'}
[1.002744] (package_with_interfaces) StdoutLine: {'line': b'-- Up-to-date: /home/ribeiro/ros2_tutorial_workspace/install/package_with_interfaces/share/package_with_interfaces/environment/path.dsv\n'}
[1.002866] (package_with_interfaces) StdoutLine: {'line': b'-- Up-to-date: /home/ribeiro/ros2_tutorial_workspace/install/package_with_interfaces/share/package_with_interfaces/local_setup.bash\n'}
[1.002935] (package_with_interfaces) StdoutLine: {'line': b'-- Up-to-date: /home/ribeiro/ros2_tutorial_workspace/install/package_with_interfaces/share/package_with_interfaces/local_setup.sh\n'}
[1.002998] (package_with_interfaces) StdoutLine: {'line': b'-- Up-to-date: /home/ribeiro/ros2_tutorial_workspace/install/package_with_interfaces/share/package_with_interfaces/local_setup.zsh\n'}
[1.003053] (package_with_interfaces) StdoutLine: {'line': b'-- Up-to-date: /home/ribeiro/ros2_tutorial_workspace/install/package_with_interfaces/share/package_with_interfaces/local_setup.dsv\n'}
[1.003107] (package_with_interfaces) StdoutLine: {'line': b'-- Installing: /home/ribeiro/ros2_tutorial_workspace/install/package_with_interfaces/share/package_with_interfaces/package.dsv\n'}
[1.007934] (package_with_interfaces) StdoutLine: {'line': b'-- Up-to-date: /home/ribeiro/ros2_tutorial_workspace/install/package_with_interfaces/share/ament_index/resource_index/packages/package_with_interfaces\n'}
[1.008138] (package_with_interfaces) StdoutLine: {'line': b'-- Up-to-date: /home/ribeiro/ros2_tutorial_workspace/install/package_with_interfaces/share/package_with_interfaces/cmake/export_package_with_interfaces__rosidl_generator_cExport.cmake\n'}
[1.008237] (package_with_interfaces) StdoutLine: {'line': b'-- Up-to-date: /home/ribeiro/ros2_tutorial_workspace/install/package_with_interfaces/share/package_with_interfaces/cmake/export_package_with_interfaces__rosidl_generator_cExport-noconfig.cmake\n'}
[1.008548] (package_with_interfaces) StdoutLine: {'line': b'-- Up-to-date: /home/ribeiro/ros2_tutorial_workspace/install/package_with_interfaces/share/package_with_interfaces/cmake/export_package_with_interfaces__rosidl_typesupport_fastrtps_cExport.cmake\n'}
[1.008628] (package_with_interfaces) StdoutLine: {'line': b'-- Up-to-date: /home/ribeiro/ros2_tutorial_workspace/install/package_with_interfaces/share/package_with_interfaces/cmake/export_package_with_interfaces__rosidl_typesupport_fastrtps_cExport-noconfig.cmake\n'}
[1.008790] (package_with_interfaces) StdoutLine: {'line': b'-- Up-to-date: /home/ribeiro/ros2_tutorial_workspace/install/package_with_interfaces/share/package_with_interfaces/cmake/export_package_with_interfaces__rosidl_generator_cppExport.cmake\n'}
[1.010851] (package_with_interfaces) StdoutLine: {'line': b'-- Up-to-date: /home/ribeiro/ros2_tutorial_workspace/install/package_with_interfaces/share/package_with_interfaces/cmake/export_package_with_interfaces__rosidl_typesupport_fastrtps_cppExport.cmake\n'}
[1.011012] (package_with_interfaces) StdoutLine: {'line': b'-- Up-to-date: /home/ribeiro/ros2_tutorial_workspace/install/package_with_interfaces/share/package_with_interfaces/cmake/export_package_with_interfaces__rosidl_typesupport_fastrtps_cppExport-noconfig.cmake\n'}
[1.011370] (package_with_interfaces) StdoutLine: {'line': b'-- Up-to-date: /home/ribeiro/ros2_tutorial_workspace/install/package_with_interfaces/share/package_with_interfaces/cmake/package_with_interfaces__rosidl_typesupport_introspection_cExport.cmake\n'}
[1.011522] (package_with_interfaces) StdoutLine: {'line': b'-- Up-to-date: /home/ribeiro/ros2_tutorial_workspace/install/package_with_interfaces/share/package_with_interfaces/cmake/package_with_interfaces__rosidl_typesupport_introspection_cExport-noconfig.cmake\n'}
[1.011883] (package_with_interfaces) StdoutLine: {'line': b'-- Up-to-date: /home/ribeiro/ros2_tutorial_workspace/install/package_with_interfaces/share/package_with_interfaces/cmake/package_with_interfaces__rosidl_typesupport_cExport.cmake\n'}
[1.012025] (package_with_interfaces) StdoutLine: {'line': b'-- Up-to-date: /home/ribeiro/ros2_tutorial_workspace/install/package_with_interfaces/share/package_with_interfaces/cmake/package_with_interfaces__rosidl_typesupport_cExport-noconfig.cmake\n'}
[1.012267] (package_with_interfaces) StdoutLine: {'line': b'-- Up-to-date: /home/ribeiro/ros2_tutorial_workspace/install/package_with_interfaces/share/package_with_interfaces/cmake/package_with_interfaces__rosidl_typesupport_introspection_cppExport.cmake\n'}
[1.012389] (package_with_interfaces) StdoutLine: {'line': b'-- Up-to-date: /home/ribeiro/ros2_tutorial_workspace/install/package_with_interfaces/share/package_with_interfaces/cmake/package_with_interfaces__rosidl_typesupport_introspection_cppExport-noconfig.cmake\n'}
[1.012750] (package_with_interfaces) StdoutLine: {'line': b'-- Up-to-date: /home/ribeiro/ros2_tutorial_workspace/install/package_with_interfaces/share/package_with_interfaces/cmake/package_with_interfaces__rosidl_typesupport_cppExport.cmake\n'}
[1.012871] (package_with_interfaces) StdoutLine: {'line': b'-- Up-to-date: /home/ribeiro/ros2_tutorial_workspace/install/package_with_interfaces/share/package_with_interfaces/cmake/package_with_interfaces__rosidl_typesupport_cppExport-noconfig.cmake\n'}
[1.013191] (package_with_interfaces) StdoutLine: {'line': b'-- Up-to-date: /home/ribeiro/ros2_tutorial_workspace/install/package_with_interfaces/share/package_with_interfaces/cmake/export_package_with_interfaces__rosidl_generator_pyExport.cmake\n'}
[1.013269] (-) TimerEvent: {}
[1.013529] (package_with_interfaces) StdoutLine: {'line': b'-- Up-to-date: /home/ribeiro/ros2_tutorial_workspace/install/package_with_interfaces/share/package_with_interfaces/cmake/export_package_with_interfaces__rosidl_generator_pyExport-noconfig.cmake\n'}
[1.013713] (package_with_interfaces) StdoutLine: {'line': b'-- Up-to-date: /home/ribeiro/ros2_tutorial_workspace/install/package_with_interfaces/share/package_with_interfaces/cmake/rosidl_cmake-extras.cmake\n'}
[1.013866] (package_with_interfaces) StdoutLine: {'line': b'-- Up-to-date: /home/ribeiro/ros2_tutorial_workspace/install/package_with_interfaces/share/package_with_interfaces/cmake/ament_cmake_export_dependencies-extras.cmake\n'}
[1.013966] (package_with_interfaces) StdoutLine: {'line': b'-- Up-to-date: /home/ribeiro/ros2_tutorial_workspace/install/package_with_interfaces/share/package_with_interfaces/cmake/ament_cmake_export_include_directories-extras.cmake\n'}
[1.014074] (package_with_interfaces) StdoutLine: {'line': b'-- Up-to-date: /home/ribeiro/ros2_tutorial_workspace/install/package_with_interfaces/share/package_with_interfaces/cmake/ament_cmake_export_libraries-extras.cmake\n'}
[1.014169] (package_with_interfaces) StdoutLine: {'line': b'-- Up-to-date: /home/ribeiro/ros2_tutorial_workspace/install/package_with_interfaces/share/package_with_interfaces/cmake/ament_cmake_export_targets-extras.cmake\n'}
[1.014261] (package_with_interfaces) StdoutLine: {'line': b'-- Up-to-date: /home/ribeiro/ros2_tutorial_workspace/install/package_with_interfaces/share/package_with_interfaces/cmake/rosidl_cmake_export_typesupport_targets-extras.cmake\n'}
[1.014350] (package_with_interfaces) StdoutLine: {'line': b'-- Up-to-date: /home/ribeiro/ros2_tutorial_workspace/install/package_with_interfaces/share/package_with_interfaces/cmake/rosidl_cmake_export_typesupport_libraries-extras.cmake\n'}
[1.014464] (package_with_interfaces) StdoutLine: {'line': b'-- Up-to-date: /home/ribeiro/ros2_tutorial_workspace/install/package_with_interfaces/share/package_with_interfaces/cmake/rosidl_cmake_aggregate_target-extras.cmake\n'}
[1.014620] (package_with_interfaces) StdoutLine: {'line': b'-- Up-to-date: /home/ribeiro/ros2_tutorial_workspace/install/package_with_interfaces/share/package_with_interfaces/cmake/package_with_interfacesConfig.cmake\n'}
[1.014696] (package_with_interfaces) StdoutLine: {'line': b'-- Up-to-date: /home/ribeiro/ros2_tutorial_workspace/install/package_with_interfaces/share/package_with_interfaces/cmake/package_with_interfacesConfig-version.cmake\n'}
[1.014758] (package_with_interfaces) StdoutLine: {'line': b'-- Up-to-date: /home/ribeiro/ros2_tutorial_workspace/install/package_with_interfaces/share/package_with_interfaces/package.xml\n'}
[1.017656] (package_with_interfaces) CommandEnded: {'returncode': 0}
[1.053282] (package_with_interfaces) JobEnded: {'identifier': 'package_with_interfaces', 'rc': 0}
[1.069861] (python_package_that_uses_parameters_and_launch_files) JobStarted: {'identifier': 'python_package_that_uses_parameters_and_launch_files'}
[1.070584] (python_package_that_uses_the_messages) JobStarted: {'identifier': 'python_package_that_uses_the_messages'}
[1.079620] (python_package_that_uses_the_services) JobStarted: {'identifier': 'python_package_that_uses_the_services'}
[1.114209] (-) TimerEvent: {}
[1.214795] (-) TimerEvent: {}
[1.315370] (-) TimerEvent: {}
[1.416478] (-) TimerEvent: {}
[1.517573] (-) TimerEvent: {}
[1.531925] (python_package_with_a_library) Command: {'cmd': ['/usr/bin/python3', '-W', 'ignore:setup.py install is deprecated', '-W', 'ignore:easy_install command is deprecated', 'setup.py', 'egg_info', '--egg-base', '../../build/python_package_with_a_library', 'build', '--build-base', '/home/ribeiro/ros2_tutorial_workspace/build/python_package_with_a_library/build', 'install', '--record', '/home/ribeiro/ros2_tutorial_workspace/build/python_package_with_a_library/install.log', '--install-scripts', '$base/lib/python_package_with_a_library', '--single-version-externally-managed', 'install_data'], 'cwd': '/home/ribeiro/ros2_tutorial_workspace/src/python_package_with_a_library', 'env': {'LESSOPEN': '| /usr/bin/lesspipe %s', 'USER': 'ribeiro', 'SHLVL': '1', 'LD_LIBRARY_PATH': '/home/ribeiro/ros2_tutorial_workspace/install/package_with_interfaces/lib:/opt/ros/humble/opt/rviz_ogre_vendor/lib:/opt/ros/humble/lib/x86_64-linux-gnu:/opt/ros/humble/lib', 'WT_PROFILE_ID': '{17bf3de4-5353-5709-bcf9-835bd952a95e}', 'HOME': '/home/ribeiro', 'OLDPWD': '/home/ribeiro/ros2_tutorial_workspace/src', 'ROS_PYTHON_VERSION': '3', 'WSL_DISTRO_NAME': 'Ubuntu-22.04', 'COLCON_PREFIX_PATH': '/home/ribeiro/ros2_tutorial_workspace/install', 'ROS_DISTRO': 'humble', 'LOGNAME': 'ribeiro', 'NAME': 'DESKTOP-8COHQ5A', '_': '/usr/bin/colcon', 'ROS_VERSION': '2', 'TERM': 'xterm-256color', 'ROS_LOCALHOST_ONLY': '0', 'PATH': '/opt/ros/humble/bin:/usr/local/sbin:/usr/local/bin:/usr/sbin:/usr/bin:/sbin:/bin:/usr/games:/usr/local/games:/mnt/c/Program Files/Amazon Corretto/jdk1.8.0_302/bin:/mnt/c/Program Files/Common Files/Oracle/Java/javapath:/mnt/c/Program Files (x86)/Common Files/Oracle/Java/java8path:/mnt/c/Program Files (x86)/Common Files/Oracle/Java/javapath:/mnt/c/Windows/system32:/mnt/c/Windows:/mnt/c/Windows/System32/Wbem:/mnt/c/Windows/System32/WindowsPowerShell/v1.0/:/mnt/c/Windows/System32/OpenSSH/:/mnt/c/Program Files/dotnet/:/mnt/c/Program Files/Git/cmd:/mnt/c/Users/Pichau/AppData/Local/Programs/Python/Python314/Scripts/:/mnt/c/Users/Pichau/AppData/Local/Programs/Python/Python314/:/mnt/c/Users/Pichau/AppData/Local/Programs/Python/Launcher/:/mnt/c/Users/Pichau/AppData/Local/Microsoft/WindowsApps:/mnt/c/Users/Pichau/AppData/Local/Programs/Microsoft VS Code/bin:/snap/bin', 'WT_SESSION': 'e2600c79-232d-4b4d-8fde-8d7c1325aaca', 'LANG': 'C.UTF-8', 'LS_COLORS': 'rs=0:di=01;34:ln=01;36:mh=00:pi=40;33:so=01;35:do=01;35:bd=40;33;01:cd=40;33;01:or=40;31;01:mi=00:su=37;41:sg=30;43:ca=30;41:tw=30;42:ow=34;42:st=37;44:ex=01;32:*.tar=01;31:*.tgz=01;31:*.arc=01;31:*.arj=01;31:*.taz=01;31:*.lha=01;31:*.lz4=01;31:*.lzh=01;31:*.lzma=01;31:*.tlz=01;31:*.txz=01;31:*.tzo=01;31:*.t7z=01;31:*.zip=01;31:*.z=01;31:*.dz=01;31:*.gz=01;31:*.lrz=01;31:*.lz=01;31:*.lzo=01;31:*.xz=01;31:*.zst=01;31:*.tzst=01;31:*.bz2=01;31:*.bz=01;31:*.tbz=01;31:*.tbz2=01;31:*.tz=01;31:*.deb=01;31:*.rpm=01;31:*.jar=01;31:*.war=01;31:*.ear=01;31:*.sar=01;31:*.rar=01;31:*.alz=01;31:*.ace=01;31:*.zoo=01;31:*.cpio=01;31:*.7z=01;31:*.rz=01;31:*.cab=01;31:*.wim=01;31:*.swm=01;31:*.dwm=01;31:*.esd=01;31:*.jpg=01;35:*.jpeg=01;35:*.mjpg=01;35:*.mjpeg=01;35:*.gif=01;35:*.bmp=01;35:*.pbm=01;35:*.pgm=01;35:*.ppm=01;35:*.tga=01;35:*.xbm=01;35:*.xpm=01;35:*.tif=01;35:*.tiff=01;35:*.png=01;35:*.svg=01;35:*.svgz=01;35:*.mng=01;35:*.pcx=01;35:*.mov=01;35:*.mpg=01;35:*.mpeg=01;35:*.m2v=01;35:*.mkv=01;35:*.webm=01;35:*.webp=01;35:*.ogm=01;35:*.mp4=01;35:*.m4v=01;35:*.mp4v=01;35:*.vob=01;35:*.qt=01;35:*.nuv=01;35:*.wmv=01;35:*.asf=01;35:*.rm=01;35:*.rmvb=01;35:*.flc=01;35:*.avi=01;35:*.fli=01;35:*.flv=01;35:*.gl=01;35:*.dl=01;35:*.xcf=01;35:*.xwd=01;35:*.yuv=01;35:*.cgm=01;35:*.emf=01;35:*.ogv=01;35:*.ogx=01;35:*.aac=00;36:*.au=00;36:*.flac=00;36:*.m4a=00;36:*.mid=00;36:*.midi=00;36:*.mka=00;36:*.mp3=00;36:*.mpc=00;36:*.ogg=00;36:*.ra=00;36:*.wav=00;36:*.oga=00;36:*.opus=00;36:*.spx=00;36:*.xspf=00;36:', 'AMENT_PREFIX_PATH': '/home/ribeiro/ros2_tutorial_workspace/install/python_package_that_uses_the_services:/home/ribeiro/ros2_tutorial_workspace/install/the_simplest_python_package:/home/ribeiro/ros2_tutorial_workspace/install/python_package_with_a_node:/home/ribeiro/ros2_tutorial_workspace/install/python_package_that_uses_the_library:/home/ribeiro/ros2_tutorial_workspace/install/python_package_with_a_library:/home/ribeiro/ros2_tutorial_workspace/install/python_package_that_uses_the_messages:/home/ribeiro/ros2_tutorial_workspace/install/package_with_interfaces:/opt/ros/humble', 'SHELL': '/bin/bash', 'LESSCLOSE': '/usr/bin/lesspipe %s %s', 'PWD': '/home/ribeiro/ros2_tutorial_workspace/build/python_package_with_a_library', 'XDG_DATA_DIRS': '/usr/local/share:/usr/share:/var/lib/snapd/desktop', 'PYTHONPATH': '/home/ribeiro/ros2_tutorial_workspace/build/python_package_with_a_library/prefix_override:/usr/lib/python3/dist-packages/colcon_core/task/python/colcon_distutils_commands:/home/ribeiro/ros2_tutorial_workspace/install/python_package_with_a_library/lib/python3.10/site-packages:/home/ribeiro/ros2_tutorial_workspace/install/python_package_that_uses_the_services/lib/python3.10/site-packages:/home/ribeiro/ros2_tutorial_workspace/install/the_simplest_python_package/lib/python3.10/site-packages:/home/ribeiro/ros2_tutorial_workspace/install/python_package_with_a_node/lib/python3.10/site-packages:/home/ribeiro/ros2_tutorial_workspace/install/python_package_that_uses_the_library/lib/python3.10/site-packages:/home/ribeiro/ros2_tutorial_workspace/install/python_package_with_a_library/lib/python3.10/site-packages:/home/ribeiro/ros2_tutorial_workspace/install/python_package_that_uses_the_messages/lib/python3.10/site-packages:/home/ribeiro/ros2_tutorial_workspace/install/package_with_interfaces/local/lib/python3.10/dist-packages:/opt/ros/humble/lib/python3.10/site-packages:/opt/ros/humble/local/lib/python3.10/dist-packages', 'COLCON': '1', 'HOSTTYPE': 'x86_64', 'CMAKE_PREFIX_PATH': '/home/ribeiro/ros2_tutorial_workspace/install/package_with_interfaces', 'WSLENV': 'WT_SESSION:WT_PROFILE_ID:'}, 'shell': False}
[1.618278] (-) TimerEvent: {}
[1.719328] (-) TimerEvent: {}
[1.820428] (-) TimerEvent: {}
[1.921509] (-) TimerEvent: {}
[2.022607] (-) TimerEvent: {}
[2.123192] (-) TimerEvent: {}
[2.224280] (-) TimerEvent: {}
[2.325384] (-) TimerEvent: {}
[2.372706] (python_package_with_a_library) StdoutLine: {'line': b'running egg_info\n'}
[2.373086] (python_package_with_a_library) StdoutLine: {'line': b'writing ../../build/python_package_with_a_library/python_package_with_a_library.egg-info/PKG-INFO\n'}
[2.373373] (python_package_with_a_library) StdoutLine: {'line': b'writing dependency_links to ../../build/python_package_with_a_library/python_package_with_a_library.egg-info/dependency_links.txt\n'}
[2.373639] (python_package_with_a_library) StdoutLine: {'line': b'writing entry points to ../../build/python_package_with_a_library/python_package_with_a_library.egg-info/entry_points.txt\n'}
[2.373804] (python_package_with_a_library) StdoutLine: {'line': b'writing requirements to ../../build/python_package_with_a_library/python_package_with_a_library.egg-info/requires.txt\n'}
[2.374208] (python_package_with_a_library) StdoutLine: {'line': b'writing top-level names to ../../build/python_package_with_a_library/python_package_with_a_library.egg-info/top_level.txt\n'}
[2.374298] (python_package_with_a_library) StdoutLine: {'line': b"reading manifest file '../../build/python_package_with_a_library/python_package_with_a_library.egg-info/SOURCES.txt'\n"}
[2.374470] (python_package_with_a_library) StdoutLine: {'line': b"writing manifest file '../../build/python_package_with_a_library/python_package_with_a_library.egg-info/SOURCES.txt'\n"}
[2.374575] (python_package_with_a_library) StdoutLine: {'line': b'running build\n'}
[2.374649] (python_package_with_a_library) StdoutLine: {'line': b'running build_py\n'}
[2.374721] (python_package_with_a_library) StdoutLine: {'line': b'running install\n'}
[2.374780] (python_package_with_a_library) StdoutLine: {'line': b'running install_lib\n'}
[2.374895] (python_package_with_a_library) StdoutLine: {'line': b'running install_data\n'}
[2.375167] (python_package_with_a_library) StdoutLine: {'line': b'running install_egg_info\n'}
[2.375269] (python_package_with_a_library) StdoutLine: {'line': b"removing '/home/ribeiro/ros2_tutorial_workspace/install/python_package_with_a_library/lib/python3.10/site-packages/python_package_with_a_library-0.0.0-py3.10.egg-info' (and everything under it)\n"}
[2.375336] (python_package_with_a_library) StdoutLine: {'line': b'Copying ../../build/python_package_with_a_library/python_package_with_a_library.egg-info to /home/ribeiro/ros2_tutorial_workspace/install/python_package_with_a_library/lib/python3.10/site-packages/python_package_with_a_library-0.0.0-py3.10.egg-info\n'}
[2.375397] (python_package_with_a_library) StdoutLine: {'line': b'running install_scripts\n'}
[2.375474] (python_package_with_a_library) StdoutLine: {'line': b"writing list of installed files to '/home/ribeiro/ros2_tutorial_workspace/build/python_package_with_a_library/install.log'\n"}
[2.377188] (python_package_with_a_library) CommandEnded: {'returncode': 0}
[2.388410] (python_package_with_a_library) JobEnded: {'identifier': 'python_package_with_a_library', 'rc': 0}
[2.395578] (python_package_that_uses_the_library) JobStarted: {'identifier': 'python_package_that_uses_the_library'}
[2.425791] (-) TimerEvent: {}
[2.529097] (-) TimerEvent: {}
[2.630135] (-) TimerEvent: {}
[2.731212] (-) TimerEvent: {}
[2.832391] (-) TimerEvent: {}
[2.933426] (-) TimerEvent: {}
[2.994295] (python_package_that_uses_the_messages) Command: {'cmd': ['/usr/bin/python3', '-W', 'ignore:setup.py install is deprecated', '-W', 'ignore:easy_install command is deprecated', 'setup.py', 'egg_info', '--egg-base', '../../build/python_package_that_uses_the_messages', 'build', '--build-base', '/home/ribeiro/ros2_tutorial_workspace/build/python_package_that_uses_the_messages/build', 'install', '--record', '/home/ribeiro/ros2_tutorial_workspace/build/python_package_that_uses_the_messages/install.log', '--install-scripts', '$base/lib/python_package_that_uses_the_messages', '--single-version-externally-managed', 'install_data'], 'cwd': '/home/ribeiro/ros2_tutorial_workspace/src/python_package_that_uses_the_messages', 'env': {'LESSOPEN': '| /usr/bin/lesspipe %s', 'USER': 'ribeiro', 'SHLVL': '1', 'LD_LIBRARY_PATH': '/home/ribeiro/ros2_tutorial_workspace/install/package_with_interfaces/lib:/opt/ros/humble/opt/rviz_ogre_vendor/lib:/opt/ros/humble/lib/x86_64-linux-gnu:/opt/ros/humble/lib', 'WT_PROFILE_ID': '{17bf3de4-5353-5709-bcf9-835bd952a95e}', 'HOME': '/home/ribeiro', 'OLDPWD': '/home/ribeiro/ros2_tutorial_workspace/src', 'ROS_PYTHON_VERSION': '3', 'WSL_DISTRO_NAME': 'Ubuntu-22.04', 'COLCON_PREFIX_PATH': '/home/ribeiro/ros2_tutorial_workspace/install', 'ROS_DISTRO': 'humble', 'LOGNAME': 'ribeiro', 'NAME': 'DESKTOP-8COHQ5A', '_': '/usr/bin/colcon', 'ROS_VERSION': '2', 'TERM': 'xterm-256color', 'ROS_LOCALHOST_ONLY': '0', 'PATH': '/opt/ros/humble/bin:/usr/local/sbin:/usr/local/bin:/usr/sbin:/usr/bin:/sbin:/bin:/usr/games:/usr/local/games:/mnt/c/Program Files/Amazon Corretto/jdk1.8.0_302/bin:/mnt/c/Program Files/Common Files/Oracle/Java/javapath:/mnt/c/Program Files (x86)/Common Files/Oracle/Java/java8path:/mnt/c/Program Files (x86)/Common Files/Oracle/Java/javapath:/mnt/c/Windows/system32:/mnt/c/Windows:/mnt/c/Windows/System32/Wbem:/mnt/c/Windows/System32/WindowsPowerShell/v1.0/:/mnt/c/Windows/System32/OpenSSH/:/mnt/c/Program Files/dotnet/:/mnt/c/Program Files/Git/cmd:/mnt/c/Users/Pichau/AppData/Local/Programs/Python/Python314/Scripts/:/mnt/c/Users/Pichau/AppData/Local/Programs/Python/Python314/:/mnt/c/Users/Pichau/AppData/Local/Programs/Python/Launcher/:/mnt/c/Users/Pichau/AppData/Local/Microsoft/WindowsApps:/mnt/c/Users/Pichau/AppData/Local/Programs/Microsoft VS Code/bin:/snap/bin', 'WT_SESSION': 'e2600c79-232d-4b4d-8fde-8d7c1325aaca', 'LANG': 'C.UTF-8', 'LS_COLORS': 'rs=0:di=01;34:ln=01;36:mh=00:pi=40;33:so=01;35:do=01;35:bd=40;33;01:cd=40;33;01:or=40;31;01:mi=00:su=37;41:sg=30;43:ca=30;41:tw=30;42:ow=34;42:st=37;44:ex=01;32:*.tar=01;31:*.tgz=01;31:*.arc=01;31:*.arj=01;31:*.taz=01;31:*.lha=01;31:*.lz4=01;31:*.lzh=01;31:*.lzma=01;31:*.tlz=01;31:*.txz=01;31:*.tzo=01;31:*.t7z=01;31:*.zip=01;31:*.z=01;31:*.dz=01;31:*.gz=01;31:*.lrz=01;31:*.lz=01;31:*.lzo=01;31:*.xz=01;31:*.zst=01;31:*.tzst=01;31:*.bz2=01;31:*.bz=01;31:*.tbz=01;31:*.tbz2=01;31:*.tz=01;31:*.deb=01;31:*.rpm=01;31:*.jar=01;31:*.war=01;31:*.ear=01;31:*.sar=01;31:*.rar=01;31:*.alz=01;31:*.ace=01;31:*.zoo=01;31:*.cpio=01;31:*.7z=01;31:*.rz=01;31:*.cab=01;31:*.wim=01;31:*.swm=01;31:*.dwm=01;31:*.esd=01;31:*.jpg=01;35:*.jpeg=01;35:*.mjpg=01;35:*.mjpeg=01;35:*.gif=01;35:*.bmp=01;35:*.pbm=01;35:*.pgm=01;35:*.ppm=01;35:*.tga=01;35:*.xbm=01;35:*.xpm=01;35:*.tif=01;35:*.tiff=01;35:*.png=01;35:*.svg=01;35:*.svgz=01;35:*.mng=01;35:*.pcx=01;35:*.mov=01;35:*.mpg=01;35:*.mpeg=01;35:*.m2v=01;35:*.mkv=01;35:*.webm=01;35:*.webp=01;35:*.ogm=01;35:*.mp4=01;35:*.m4v=01;35:*.mp4v=01;35:*.vob=01;35:*.qt=01;35:*.nuv=01;35:*.wmv=01;35:*.asf=01;35:*.rm=01;35:*.rmvb=01;35:*.flc=01;35:*.avi=01;35:*.fli=01;35:*.flv=01;35:*.gl=01;35:*.dl=01;35:*.xcf=01;35:*.xwd=01;35:*.yuv=01;35:*.cgm=01;35:*.emf=01;35:*.ogv=01;35:*.ogx=01;35:*.aac=00;36:*.au=00;36:*.flac=00;36:*.m4a=00;36:*.mid=00;36:*.midi=00;36:*.mka=00;36:*.mp3=00;36:*.mpc=00;36:*.ogg=00;36:*.ra=00;36:*.wav=00;36:*.oga=00;36:*.opus=00;36:*.spx=00;36:*.xspf=00;36:', 'AMENT_PREFIX_PATH': '/home/ribeiro/ros2_tutorial_workspace/install/python_package_that_uses_the_services:/home/ribeiro/ros2_tutorial_workspace/install/the_simplest_python_package:/home/ribeiro/ros2_tutorial_workspace/install/python_package_with_a_node:/home/ribeiro/ros2_tutorial_workspace/install/python_package_that_uses_the_library:/home/ribeiro/ros2_tutorial_workspace/install/python_package_with_a_library:/home/ribeiro/ros2_tutorial_workspace/install/python_package_that_uses_the_messages:/home/ribeiro/ros2_tutorial_workspace/install/package_with_interfaces:/opt/ros/humble', 'SHELL': '/bin/bash', 'LESSCLOSE': '/usr/bin/lesspipe %s %s', 'PWD': '/home/ribeiro/ros2_tutorial_workspace/build/python_package_that_uses_the_messages', 'XDG_DATA_DIRS': '/usr/local/share:/usr/share:/var/lib/snapd/desktop', 'PYTHONPATH': '/home/ribeiro/ros2_tutorial_workspace/build/python_package_that_uses_the_messages/prefix_override:/usr/lib/python3/dist-packages/colcon_core/task/python/colcon_distutils_commands:/home/ribeiro/ros2_tutorial_workspace/install/python_package_that_uses_the_messages/lib/python3.10/site-packages:/home/ribeiro/ros2_tutorial_workspace/install/python_package_that_uses_the_services/lib/python3.10/site-packages:/home/ribeiro/ros2_tutorial_workspace/install/the_simplest_python_package/lib/python3.10/site-packages:/home/ribeiro/ros2_tutorial_workspace/install/python_package_with_a_node/lib/python3.10/site-packages:/home/ribeiro/ros2_tutorial_workspace/install/python_package_that_uses_the_library/lib/python3.10/site-packages:/home/ribeiro/ros2_tutorial_workspace/install/python_package_with_a_library/lib/python3.10/site-packages:/home/ribeiro/ros2_tutorial_workspace/install/python_package_that_uses_the_messages/lib/python3.10/site-packages:/home/ribeiro/ros2_tutorial_workspace/install/package_with_interfaces/local/lib/python3.10/dist-packages:/opt/ros/humble/lib/python3.10/site-packages:/opt/ros/humble/local/lib/python3.10/dist-packages', 'COLCON': '1', 'HOSTTYPE': 'x86_64', 'CMAKE_PREFIX_PATH': '/home/ribeiro/ros2_tutorial_workspace/install/package_with_interfaces', 'WSLENV': 'WT_SESSION:WT_PROFILE_ID:'}, 'shell': False}
[2.999459] (python_package_that_uses_parameters_and_launch_files) Command: {'cmd': ['/usr/bin/python3', '-W', 'ignore:setup.py install is deprecated', '-W', 'ignore:easy_install command is deprecated', 'setup.py', 'egg_info', '--egg-base', '../../build/python_package_that_uses_parameters_and_launch_files', 'build', '--build-base', '/home/ribeiro/ros2_tutorial_workspace/build/python_package_that_uses_parameters_and_launch_files/build', 'install', '--record', '/home/ribeiro/ros2_tutorial_workspace/build/python_package_that_uses_parameters_and_launch_files/install.log', '--install-scripts', '$base/lib/python_package_that_uses_parameters_and_launch_files', '--single-version-externally-managed', 'install_data'], 'cwd': '/home/ribeiro/ros2_tutorial_workspace/src/python_package_that_uses_parameters_and_launch_files', 'env': {'LESSOPEN': '| /usr/bin/lesspipe %s', 'USER': 'ribeiro', 'SHLVL': '1', 'LD_LIBRARY_PATH': '/home/ribeiro/ros2_tutorial_workspace/install/package_with_interfaces/lib:/opt/ros/humble/opt/rviz_ogre_vendor/lib:/opt/ros/humble/lib/x86_64-linux-gnu:/opt/ros/humble/lib', 'WT_PROFILE_ID': '{17bf3de4-5353-5709-bcf9-835bd952a95e}', 'HOME': '/home/ribeiro', 'OLDPWD': '/home/ribeiro/ros2_tutorial_workspace/src', 'ROS_PYTHON_VERSION': '3', 'WSL_DISTRO_NAME': 'Ubuntu-22.04', 'COLCON_PREFIX_PATH': '/home/ribeiro/ros2_tutorial_workspace/install', 'ROS_DISTRO': 'humble', 'LOGNAME': 'ribeiro', 'NAME': 'DESKTOP-8COHQ5A', '_': '/usr/bin/colcon', 'ROS_VERSION': '2', 'TERM': 'xterm-256color', 'ROS_LOCALHOST_ONLY': '0', 'PATH': '/opt/ros/humble/bin:/usr/local/sbin:/usr/local/bin:/usr/sbin:/usr/bin:/sbin:/bin:/usr/games:/usr/local/games:/mnt/c/Program Files/Amazon Corretto/jdk1.8.0_302/bin:/mnt/c/Program Files/Common Files/Oracle/Java/javapath:/mnt/c/Program Files (x86)/Common Files/Oracle/Java/java8path:/mnt/c/Program Files (x86)/Common Files/Oracle/Java/javapath:/mnt/c/Windows/system32:/mnt/c/Windows:/mnt/c/Windows/System32/Wbem:/mnt/c/Windows/System32/WindowsPowerShell/v1.0/:/mnt/c/Windows/System32/OpenSSH/:/mnt/c/Program Files/dotnet/:/mnt/c/Program Files/Git/cmd:/mnt/c/Users/Pichau/AppData/Local/Programs/Python/Python314/Scripts/:/mnt/c/Users/Pichau/AppData/Local/Programs/Python/Python314/:/mnt/c/Users/Pichau/AppData/Local/Programs/Python/Launcher/:/mnt/c/Users/Pichau/AppData/Local/Microsoft/WindowsApps:/mnt/c/Users/Pichau/AppData/Local/Programs/Microsoft VS Code/bin:/snap/bin', 'WT_SESSION': 'e2600c79-232d-4b4d-8fde-8d7c1325aaca', 'LANG': 'C.UTF-8', 'LS_COLORS': 'rs=0:di=01;34:ln=01;36:mh=00:pi=40;33:so=01;35:do=01;35:bd=40;33;01:cd=40;33;01:or=40;31;01:mi=00:su=37;41:sg=30;43:ca=30;41:tw=30;42:ow=34;42:st=37;44:ex=01;32:*.tar=01;31:*.tgz=01;31:*.arc=01;31:*.arj=01;31:*.taz=01;31:*.lha=01;31:*.lz4=01;31:*.lzh=01;31:*.lzma=01;31:*.tlz=01;31:*.txz=01;31:*.tzo=01;31:*.t7z=01;31:*.zip=01;31:*.z=01;31:*.dz=01;31:*.gz=01;31:*.lrz=01;31:*.lz=01;31:*.lzo=01;31:*.xz=01;31:*.zst=01;31:*.tzst=01;31:*.bz2=01;31:*.bz=01;31:*.tbz=01;31:*.tbz2=01;31:*.tz=01;31:*.deb=01;31:*.rpm=01;31:*.jar=01;31:*.war=01;31:*.ear=01;31:*.sar=01;31:*.rar=01;31:*.alz=01;31:*.ace=01;31:*.zoo=01;31:*.cpio=01;31:*.7z=01;31:*.rz=01;31:*.cab=01;31:*.wim=01;31:*.swm=01;31:*.dwm=01;31:*.esd=01;31:*.jpg=01;35:*.jpeg=01;35:*.mjpg=01;35:*.mjpeg=01;35:*.gif=01;35:*.bmp=01;35:*.pbm=01;35:*.pgm=01;35:*.ppm=01;35:*.tga=01;35:*.xbm=01;35:*.xpm=01;35:*.tif=01;35:*.tiff=01;35:*.png=01;35:*.svg=01;35:*.svgz=01;35:*.mng=01;35:*.pcx=01;35:*.mov=01;35:*.mpg=01;35:*.mpeg=01;35:*.m2v=01;35:*.mkv=01;35:*.webm=01;35:*.webp=01;35:*.ogm=01;35:*.mp4=01;35:*.m4v=01;35:*.mp4v=01;35:*.vob=01;35:*.qt=01;35:*.nuv=01;35:*.wmv=01;35:*.asf=01;35:*.rm=01;35:*.rmvb=01;35:*.flc=01;35:*.avi=01;35:*.fli=01;35:*.flv=01;35:*.gl=01;35:*.dl=01;35:*.xcf=01;35:*.xwd=01;35:*.yuv=01;35:*.cgm=01;35:*.emf=01;35:*.ogv=01;35:*.ogx=01;35:*.aac=00;36:*.au=00;36:*.flac=00;36:*.m4a=00;36:*.mid=00;36:*.midi=00;36:*.mka=00;36:*.mp3=00;36:*.mpc=00;36:*.ogg=00;36:*.ra=00;36:*.wav=00;36:*.oga=00;36:*.opus=00;36:*.spx=00;36:*.xspf=00;36:', 'AMENT_PREFIX_PATH': '/home/ribeiro/ros2_tutorial_workspace/install/python_package_that_uses_the_services:/home/ribeiro/ros2_tutorial_workspace/install/the_simplest_python_package:/home/ribeiro/ros2_tutorial_workspace/install/python_package_with_a_node:/home/ribeiro/ros2_tutorial_workspace/install/python_package_that_uses_the_library:/home/ribeiro/ros2_tutorial_workspace/install/python_package_with_a_library:/home/ribeiro/ros2_tutorial_workspace/install/python_package_that_uses_the_messages:/home/ribeiro/ros2_tutorial_workspace/install/package_with_interfaces:/opt/ros/humble', 'SHELL': '/bin/bash', 'LESSCLOSE': '/usr/bin/lesspipe %s %s', 'PWD': '/home/ribeiro/ros2_tutorial_workspace/build/python_package_that_uses_parameters_and_launch_files', 'XDG_DATA_DIRS': '/usr/local/share:/usr/share:/var/lib/snapd/desktop', 'PYTHONPATH': '/home/ribeiro/ros2_tutorial_workspace/build/python_package_that_uses_parameters_and_launch_files/prefix_override:/usr/lib/python3/dist-packages/colcon_core/task/python/colcon_distutils_commands:/home/ribeiro/ros2_tutorial_workspace/install/python_package_that_uses_parameters_and_launch_files/lib/python3.10/site-packages:/home/ribeiro/ros2_tutorial_workspace/install/python_package_that_uses_the_services/lib/python3.10/site-packages:/home/ribeiro/ros2_tutorial_workspace/install/the_simplest_python_package/lib/python3.10/site-packages:/home/ribeiro/ros2_tutorial_workspace/install/python_package_with_a_node/lib/python3.10/site-packages:/home/ribeiro/ros2_tutorial_workspace/install/python_package_that_uses_the_library/lib/python3.10/site-packages:/home/ribeiro/ros2_tutorial_workspace/install/python_package_with_a_library/lib/python3.10/site-packages:/home/ribeiro/ros2_tutorial_workspace/install/python_package_that_uses_the_messages/lib/python3.10/site-packages:/home/ribeiro/ros2_tutorial_workspace/install/package_with_interfaces/local/lib/python3.10/dist-packages:/opt/ros/humble/lib/python3.10/site-packages:/opt/ros/humble/local/lib/python3.10/dist-packages', 'COLCON': '1', 'HOSTTYPE': 'x86_64', 'CMAKE_PREFIX_PATH': '/home/ribeiro/ros2_tutorial_workspace/install/package_with_interfaces', 'WSLENV': 'WT_SESSION:WT_PROFILE_ID:'}, 'shell': False}
[3.001868] (python_package_that_uses_the_services) Command: {'cmd': ['/usr/bin/python3', '-W', 'ignore:setup.py install is deprecated', '-W', 'ignore:easy_install command is deprecated', 'setup.py', 'egg_info', '--egg-base', '../../build/python_package_that_uses_the_services', 'build', '--build-base', '/home/ribeiro/ros2_tutorial_workspace/build/python_package_that_uses_the_services/build', 'install', '--record', '/home/ribeiro/ros2_tutorial_workspace/build/python_package_that_uses_the_services/install.log', '--install-scripts', '$base/lib/python_package_that_uses_the_services', '--single-version-externally-managed', 'install_data'], 'cwd': '/home/ribeiro/ros2_tutorial_workspace/src/python_package_that_uses_the_services', 'env': {'LESSOPEN': '| /usr/bin/lesspipe %s', 'USER': 'ribeiro', 'SHLVL': '1', 'LD_LIBRARY_PATH': '/home/ribeiro/ros2_tutorial_workspace/install/package_with_interfaces/lib:/opt/ros/humble/opt/rviz_ogre_vendor/lib:/opt/ros/humble/lib/x86_64-linux-gnu:/opt/ros/humble/lib', 'WT_PROFILE_ID': '{17bf3de4-5353-5709-bcf9-835bd952a95e}', 'HOME': '/home/ribeiro', 'OLDPWD': '/home/ribeiro/ros2_tutorial_workspace/src', 'ROS_PYTHON_VERSION': '3', 'WSL_DISTRO_NAME': 'Ubuntu-22.04', 'COLCON_PREFIX_PATH': '/home/ribeiro/ros2_tutorial_workspace/install', 'ROS_DISTRO': 'humble', 'LOGNAME': 'ribeiro', 'NAME': 'DESKTOP-8COHQ5A', '_': '/usr/bin/colcon', 'ROS_VERSION': '2', 'TERM': 'xterm-256color', 'ROS_LOCALHOST_ONLY': '0', 'PATH': '/opt/ros/humble/bin:/usr/local/sbin:/usr/local/bin:/usr/sbin:/usr/bin:/sbin:/bin:/usr/games:/usr/local/games:/mnt/c/Program Files/Amazon Corretto/jdk1.8.0_302/bin:/mnt/c/Program Files/Common Files/Oracle/Java/javapath:/mnt/c/Program Files (x86)/Common Files/Oracle/Java/java8path:/mnt/c/Program Files (x86)/Common Files/Oracle/Java/javapath:/mnt/c/Windows/system32:/mnt/c/Windows:/mnt/c/Windows/System32/Wbem:/mnt/c/Windows/System32/WindowsPowerShell/v1.0/:/mnt/c/Windows/System32/OpenSSH/:/mnt/c/Program Files/dotnet/:/mnt/c/Program Files/Git/cmd:/mnt/c/Users/Pichau/AppData/Local/Programs/Python/Python314/Scripts/:/mnt/c/Users/Pichau/AppData/Local/Programs/Python/Python314/:/mnt/c/Users/Pichau/AppData/Local/Programs/Python/Launcher/:/mnt/c/Users/Pichau/AppData/Local/Microsoft/WindowsApps:/mnt/c/Users/Pichau/AppData/Local/Programs/Microsoft VS Code/bin:/snap/bin', 'WT_SESSION': 'e2600c79-232d-4b4d-8fde-8d7c1325aaca', 'LANG': 'C.UTF-8', 'LS_COLORS': 'rs=0:di=01;34:ln=01;36:mh=00:pi=40;33:so=01;35:do=01;35:bd=40;33;01:cd=40;33;01:or=40;31;01:mi=00:su=37;41:sg=30;43:ca=30;41:tw=30;42:ow=34;42:st=37;44:ex=01;32:*.tar=01;31:*.tgz=01;31:*.arc=01;31:*.arj=01;31:*.taz=01;31:*.lha=01;31:*.lz4=01;31:*.lzh=01;31:*.lzma=01;31:*.tlz=01;31:*.txz=01;31:*.tzo=01;31:*.t7z=01;31:*.zip=01;31:*.z=01;31:*.dz=01;31:*.gz=01;31:*.lrz=01;31:*.lz=01;31:*.lzo=01;31:*.xz=01;31:*.zst=01;31:*.tzst=01;31:*.bz2=01;31:*.bz=01;31:*.tbz=01;31:*.tbz2=01;31:*.tz=01;31:*.deb=01;31:*.rpm=01;31:*.jar=01;31:*.war=01;31:*.ear=01;31:*.sar=01;31:*.rar=01;31:*.alz=01;31:*.ace=01;31:*.zoo=01;31:*.cpio=01;31:*.7z=01;31:*.rz=01;31:*.cab=01;31:*.wim=01;31:*.swm=01;31:*.dwm=01;31:*.esd=01;31:*.jpg=01;35:*.jpeg=01;35:*.mjpg=01;35:*.mjpeg=01;35:*.gif=01;35:*.bmp=01;35:*.pbm=01;35:*.pgm=01;35:*.ppm=01;35:*.tga=01;35:*.xbm=01;35:*.xpm=01;35:*.tif=01;35:*.tiff=01;35:*.png=01;35:*.svg=01;35:*.svgz=01;35:*.mng=01;35:*.pcx=01;35:*.mov=01;35:*.mpg=01;35:*.mpeg=01;35:*.m2v=01;35:*.mkv=01;35:*.webm=01;35:*.webp=01;35:*.ogm=01;35:*.mp4=01;35:*.m4v=01;35:*.mp4v=01;35:*.vob=01;35:*.qt=01;35:*.nuv=01;35:*.wmv=01;35:*.asf=01;35:*.rm=01;35:*.rmvb=01;35:*.flc=01;35:*.avi=01;35:*.fli=01;35:*.flv=01;35:*.gl=01;35:*.dl=01;35:*.xcf=01;35:*.xwd=01;35:*.yuv=01;35:*.cgm=01;35:*.emf=01;35:*.ogv=01;35:*.ogx=01;35:*.aac=00;36:*.au=00;36:*.flac=00;36:*.m4a=00;36:*.mid=00;36:*.midi=00;36:*.mka=00;36:*.mp3=00;36:*.mpc=00;36:*.ogg=00;36:*.ra=00;36:*.wav=00;36:*.oga=00;36:*.opus=00;36:*.spx=00;36:*.xspf=00;36:', 'AMENT_PREFIX_PATH': '/home/ribeiro/ros2_tutorial_workspace/install/python_package_that_uses_the_services:/home/ribeiro/ros2_tutorial_workspace/install/the_simplest_python_package:/home/ribeiro/ros2_tutorial_workspace/install/python_package_with_a_node:/home/ribeiro/ros2_tutorial_workspace/install/python_package_that_uses_the_library:/home/ribeiro/ros2_tutorial_workspace/install/python_package_with_a_library:/home/ribeiro/ros2_tutorial_workspace/install/python_package_that_uses_the_messages:/home/ribeiro/ros2_tutorial_workspace/install/package_with_interfaces:/opt/ros/humble', 'SHELL': '/bin/bash', 'LESSCLOSE': '/usr/bin/lesspipe %s %s', 'PWD': '/home/ribeiro/ros2_tutorial_workspace/build/python_package_that_uses_the_services', 'XDG_DATA_DIRS': '/usr/local/share:/usr/share:/var/lib/snapd/desktop', 'PYTHONPATH': '/home/ribeiro/ros2_tutorial_workspace/build/python_package_that_uses_the_services/prefix_override:/usr/lib/python3/dist-packages/colcon_core/task/python/colcon_distutils_commands:/home/ribeiro/ros2_tutorial_workspace/install/python_package_that_uses_the_services/lib/python3.10/site-packages:/home/ribeiro/ros2_tutorial_workspace/install/python_package_that_uses_the_services/lib/python3.10/site-packages:/home/ribeiro/ros2_tutorial_workspace/install/the_simplest_python_package/lib/python3.10/site-packages:/home/ribeiro/ros2_tutorial_workspace/install/python_package_with_a_node/lib/python3.10/site-packages:/home/ribeiro/ros2_tutorial_workspace/install/python_package_that_uses_the_library/lib/python3.10/site-packages:/home/ribeiro/ros2_tutorial_workspace/install/python_package_with_a_library/lib/python3.10/site-packages:/home/ribeiro/ros2_tutorial_workspace/install/python_package_that_uses_the_messages/lib/python3.10/site-packages:/home/ribeiro/ros2_tutorial_workspace/install/package_with_interfaces/local/lib/python3.10/dist-packages:/opt/ros/humble/lib/python3.10/site-packages:/opt/ros/humble/local/lib/python3.10/dist-packages', 'COLCON': '1', 'HOSTTYPE': 'x86_64', 'CMAKE_PREFIX_PATH': '/home/ribeiro/ros2_tutorial_workspace/install/package_with_interfaces', 'WSLENV': 'WT_SESSION:WT_PROFILE_ID:'}, 'shell': False}
[3.033547] (-) TimerEvent: {}
[3.134143] (-) TimerEvent: {}
[3.235209] (-) TimerEvent: {}
[3.336311] (-) TimerEvent: {}
[3.394237] (python_package_that_uses_the_messages) StdoutLine: {'line': b'running egg_info\n'}
[3.395005] (python_package_that_uses_the_messages) StdoutLine: {'line': b'writing ../../build/python_package_that_uses_the_messages/python_package_that_uses_the_messages.egg-info/PKG-INFO\n'}
[3.395357] (python_package_that_uses_the_services) StdoutLine: {'line': b'running egg_info\n'}
[3.400010] (python_package_that_uses_the_messages) StdoutLine: {'line': b'writing dependency_links to ../../build/python_package_that_uses_the_messages/python_package_that_uses_the_messages.egg-info/dependency_links.txt\n'}
[3.400459] (python_package_that_uses_the_messages) StdoutLine: {'line': b'writing entry points to ../../build/python_package_that_uses_the_messages/python_package_that_uses_the_messages.egg-info/entry_points.txt\n'}
[3.400568] (python_package_that_uses_the_messages) StdoutLine: {'line': b'writing requirements to ../../build/python_package_that_uses_the_messages/python_package_that_uses_the_messages.egg-info/requires.txt\n'}
[3.544135] (-) TimerEvent: {}
[3.545103] (python_package_that_uses_the_messages) StdoutLine: {'line': b'writing top-level names to ../../build/python_package_that_uses_the_messages/python_package_that_uses_the_messages.egg-info/top_level.txt\n'}
[3.545351] (python_package_that_uses_the_services) StdoutLine: {'line': b'writing ../../build/python_package_that_uses_the_services/python_package_that_uses_the_services.egg-info/PKG-INFO\n'}
[3.545466] (python_package_that_uses_the_services) StdoutLine: {'line': b'writing dependency_links to ../../build/python_package_that_uses_the_services/python_package_that_uses_the_services.egg-info/dependency_links.txt\n'}
[3.545552] (python_package_that_uses_the_services) StdoutLine: {'line': b'writing entry points to ../../build/python_package_that_uses_the_services/python_package_that_uses_the_services.egg-info/entry_points.txt\n'}
[3.545650] (python_package_that_uses_the_services) StdoutLine: {'line': b'writing requirements to ../../build/python_package_that_uses_the_services/python_package_that_uses_the_services.egg-info/requires.txt\n'}
[3.545826] (python_package_that_uses_parameters_and_launch_files) StdoutLine: {'line': b'running egg_info\n'}
[3.545988] (python_package_that_uses_parameters_and_launch_files) StdoutLine: {'line': b'creating ../../build/python_package_that_uses_parameters_and_launch_files/python_package_that_uses_parameters_and_launch_files.egg-info\n'}
[3.546075] (python_package_that_uses_parameters_and_launch_files) StdoutLine: {'line': b'writing ../../build/python_package_that_uses_parameters_and_launch_files/python_package_that_uses_parameters_and_launch_files.egg-info/PKG-INFO\n'}
[3.546151] (python_package_that_uses_the_messages) StdoutLine: {'line': b"reading manifest file '../../build/python_package_that_uses_the_messages/python_package_that_uses_the_messages.egg-info/SOURCES.txt'\n"}
[3.546211] (python_package_that_uses_the_messages) StdoutLine: {'line': b"writing manifest file '../../build/python_package_that_uses_the_messages/python_package_that_uses_the_messages.egg-info/SOURCES.txt'\n"}
[3.546266] (python_package_that_uses_the_messages) StdoutLine: {'line': b'running build\n'}
[3.546362] (python_package_that_uses_the_messages) StdoutLine: {'line': b'running build_py\n'}
[3.546450] (python_package_that_uses_the_messages) StdoutLine: {'line': b'running install\n'}
[3.546513] (python_package_that_uses_the_messages) StdoutLine: {'line': b'running install_lib\n'}
[3.546570] (python_package_that_uses_the_messages) StdoutLine: {'line': b'running install_data\n'}
[3.546625] (python_package_that_uses_the_messages) StdoutLine: {'line': b'running install_egg_info\n'}
[3.546682] (python_package_that_uses_the_messages) StdoutLine: {'line': b"removing '/home/ribeiro/ros2_tutorial_workspace/install/python_package_that_uses_the_messages/lib/python3.10/site-packages/python_package_that_uses_the_messages-0.0.0-py3.10.egg-info' (and everything under it)\n"}
[3.546738] (python_package_that_uses_the_services) StdoutLine: {'line': b'writing top-level names to ../../build/python_package_that_uses_the_services/python_package_that_uses_the_services.egg-info/top_level.txt\n'}
[3.546922] (python_package_that_uses_the_messages) StdoutLine: {'line': b'Copying ../../build/python_package_that_uses_the_messages/python_package_that_uses_the_messages.egg-info to /home/ribeiro/ros2_tutorial_workspace/install/python_package_that_uses_the_messages/lib/python3.10/site-packages/python_package_that_uses_the_messages-0.0.0-py3.10.egg-info\n'}
[3.546997] (python_package_that_uses_parameters_and_launch_files) StdoutLine: {'line': b'writing dependency_links to ../../build/python_package_that_uses_parameters_and_launch_files/python_package_that_uses_parameters_and_launch_files.egg-info/dependency_links.txt\n'}
[3.547326] (python_package_that_uses_the_services) StdoutLine: {'line': b"reading manifest file '../../build/python_package_that_uses_the_services/python_package_that_uses_the_services.egg-info/SOURCES.txt'\n"}
[3.547413] (python_package_that_uses_the_services) StdoutLine: {'line': b"writing manifest file '../../build/python_package_that_uses_the_services/python_package_that_uses_the_services.egg-info/SOURCES.txt'\n"}
[3.547475] (python_package_that_uses_the_services) StdoutLine: {'line': b'running build\n'}
[3.547533] (python_package_that_uses_the_services) StdoutLine: {'line': b'running build_py\n'}
[3.547590] (python_package_that_uses_the_services) StdoutLine: {'line': b'running install\n'}
[3.547656] (python_package_that_uses_the_services) StdoutLine: {'line': b'running install_lib\n'}
[3.547726] (python_package_that_uses_the_services) StdoutLine: {'line': b'running install_data\n'}
[3.547786] (python_package_that_uses_the_services) StdoutLine: {'line': b'running install_egg_info\n'}
[3.547848] (python_package_that_uses_the_library) Command: {'cmd': ['/usr/bin/python3', '-W', 'ignore:setup.py install is deprecated', '-W', 'ignore:easy_install command is deprecated', 'setup.py', 'egg_info', '--egg-base', '../../build/python_package_that_uses_the_library', 'build', '--build-base', '/home/ribeiro/ros2_tutorial_workspace/build/python_package_that_uses_the_library/build', 'install', '--record', '/home/ribeiro/ros2_tutorial_workspace/build/python_package_that_uses_the_library/install.log', '--install-scripts', '$base/lib/python_package_that_uses_the_library', '--single-version-externally-managed', 'install_data'], 'cwd': '/home/ribeiro/ros2_tutorial_workspace/src/python_package_that_uses_the_library', 'env': {'LESSOPEN': '| /usr/bin/lesspipe %s', 'USER': 'ribeiro', 'SHLVL': '1', 'LD_LIBRARY_PATH': '/home/ribeiro/ros2_tutorial_workspace/install/package_with_interfaces/lib:/opt/ros/humble/opt/rviz_ogre_vendor/lib:/opt/ros/humble/lib/x86_64-linux-gnu:/opt/ros/humble/lib', 'WT_PROFILE_ID': '{17bf3de4-5353-5709-bcf9-835bd952a95e}', 'HOME': '/home/ribeiro', 'OLDPWD': '/home/ribeiro/ros2_tutorial_workspace/src', 'ROS_PYTHON_VERSION': '3', 'WSL_DISTRO_NAME': 'Ubuntu-22.04', 'COLCON_PREFIX_PATH': '/home/ribeiro/ros2_tutorial_workspace/install', 'ROS_DISTRO': 'humble', 'LOGNAME': 'ribeiro', 'NAME': 'DESKTOP-8COHQ5A', '_': '/usr/bin/colcon', 'ROS_VERSION': '2', 'TERM': 'xterm-256color', 'ROS_LOCALHOST_ONLY': '0', 'PATH': '/opt/ros/humble/bin:/usr/local/sbin:/usr/local/bin:/usr/sbin:/usr/bin:/sbin:/bin:/usr/games:/usr/local/games:/mnt/c/Program Files/Amazon Corretto/jdk1.8.0_302/bin:/mnt/c/Program Files/Common Files/Oracle/Java/javapath:/mnt/c/Program Files (x86)/Common Files/Oracle/Java/java8path:/mnt/c/Program Files (x86)/Common Files/Oracle/Java/javapath:/mnt/c/Windows/system32:/mnt/c/Windows:/mnt/c/Windows/System32/Wbem:/mnt/c/Windows/System32/WindowsPowerShell/v1.0/:/mnt/c/Windows/System32/OpenSSH/:/mnt/c/Program Files/dotnet/:/mnt/c/Program Files/Git/cmd:/mnt/c/Users/Pichau/AppData/Local/Programs/Python/Python314/Scripts/:/mnt/c/Users/Pichau/AppData/Local/Programs/Python/Python314/:/mnt/c/Users/Pichau/AppData/Local/Programs/Python/Launcher/:/mnt/c/Users/Pichau/AppData/Local/Microsoft/WindowsApps:/mnt/c/Users/Pichau/AppData/Local/Programs/Microsoft VS Code/bin:/snap/bin', 'WT_SESSION': 'e2600c79-232d-4b4d-8fde-8d7c1325aaca', 'LANG': 'C.UTF-8', 'LS_COLORS': 'rs=0:di=01;34:ln=01;36:mh=00:pi=40;33:so=01;35:do=01;35:bd=40;33;01:cd=40;33;01:or=40;31;01:mi=00:su=37;41:sg=30;43:ca=30;41:tw=30;42:ow=34;42:st=37;44:ex=01;32:*.tar=01;31:*.tgz=01;31:*.arc=01;31:*.arj=01;31:*.taz=01;31:*.lha=01;31:*.lz4=01;31:*.lzh=01;31:*.lzma=01;31:*.tlz=01;31:*.txz=01;31:*.tzo=01;31:*.t7z=01;31:*.zip=01;31:*.z=01;31:*.dz=01;31:*.gz=01;31:*.lrz=01;31:*.lz=01;31:*.lzo=01;31:*.xz=01;31:*.zst=01;31:*.tzst=01;31:*.bz2=01;31:*.bz=01;31:*.tbz=01;31:*.tbz2=01;31:*.tz=01;31:*.deb=01;31:*.rpm=01;31:*.jar=01;31:*.war=01;31:*.ear=01;31:*.sar=01;31:*.rar=01;31:*.alz=01;31:*.ace=01;31:*.zoo=01;31:*.cpio=01;31:*.7z=01;31:*.rz=01;31:*.cab=01;31:*.wim=01;31:*.swm=01;31:*.dwm=01;31:*.esd=01;31:*.jpg=01;35:*.jpeg=01;35:*.mjpg=01;35:*.mjpeg=01;35:*.gif=01;35:*.bmp=01;35:*.pbm=01;35:*.pgm=01;35:*.ppm=01;35:*.tga=01;35:*.xbm=01;35:*.xpm=01;35:*.tif=01;35:*.tiff=01;35:*.png=01;35:*.svg=01;35:*.svgz=01;35:*.mng=01;35:*.pcx=01;35:*.mov=01;35:*.mpg=01;35:*.mpeg=01;35:*.m2v=01;35:*.mkv=01;35:*.webm=01;35:*.webp=01;35:*.ogm=01;35:*.mp4=01;35:*.m4v=01;35:*.mp4v=01;35:*.vob=01;35:*.qt=01;35:*.nuv=01;35:*.wmv=01;35:*.asf=01;35:*.rm=01;35:*.rmvb=01;35:*.flc=01;35:*.avi=01;35:*.fli=01;35:*.flv=01;35:*.gl=01;35:*.dl=01;35:*.xcf=01;35:*.xwd=01;35:*.yuv=01;35:*.cgm=01;35:*.emf=01;35:*.ogv=01;35:*.ogx=01;35:*.aac=00;36:*.au=00;36:*.flac=00;36:*.m4a=00;36:*.mid=00;36:*.midi=00;36:*.mka=00;36:*.mp3=00;36:*.mpc=00;36:*.ogg=00;36:*.ra=00;36:*.wav=00;36:*.oga=00;36:*.opus=00;36:*.spx=00;36:*.xspf=00;36:', 'AMENT_PREFIX_PATH': '/home/ribeiro/ros2_tutorial_workspace/install/python_package_with_a_library:/home/ribeiro/ros2_tutorial_workspace/install/python_package_that_uses_the_services:/home/ribeiro/ros2_tutorial_workspace/install/the_simplest_python_package:/home/ribeiro/ros2_tutorial_workspace/install/python_package_with_a_node:/home/ribeiro/ros2_tutorial_workspace/install/python_package_that_uses_the_library:/home/ribeiro/ros2_tutorial_workspace/install/python_package_that_uses_the_messages:/home/ribeiro/ros2_tutorial_workspace/install/package_with_interfaces:/opt/ros/humble', 'SHELL': '/bin/bash', 'LESSCLOSE': '/usr/bin/lesspipe %s %s', 'PWD': '/home/ribeiro/ros2_tutorial_workspace/build/python_package_that_uses_the_library', 'XDG_DATA_DIRS': '/usr/local/share:/usr/share:/var/lib/snapd/desktop', 'PYTHONPATH': '/home/ribeiro/ros2_tutorial_workspace/build/python_package_that_uses_the_library/prefix_override:/usr/lib/python3/dist-packages/colcon_core/task/python/colcon_distutils_commands:/home/ribeiro/ros2_tutorial_workspace/install/python_package_that_uses_the_library/lib/python3.10/site-packages:/home/ribeiro/ros2_tutorial_workspace/install/python_package_with_a_library/lib/python3.10/site-packages:/home/ribeiro/ros2_tutorial_workspace/install/python_package_that_uses_the_services/lib/python3.10/site-packages:/home/ribeiro/ros2_tutorial_workspace/install/the_simplest_python_package/lib/python3.10/site-packages:/home/ribeiro/ros2_tutorial_workspace/install/python_package_with_a_node/lib/python3.10/site-packages:/home/ribeiro/ros2_tutorial_workspace/install/python_package_that_uses_the_library/lib/python3.10/site-packages:/home/ribeiro/ros2_tutorial_workspace/install/python_package_that_uses_the_messages/lib/python3.10/site-packages:/home/ribeiro/ros2_tutorial_workspace/install/package_with_interfaces/local/lib/python3.10/dist-packages:/opt/ros/humble/lib/python3.10/site-packages:/opt/ros/humble/local/lib/python3.10/dist-packages', 'COLCON': '1', 'HOSTTYPE': 'x86_64', 'CMAKE_PREFIX_PATH': '/home/ribeiro/ros2_tutorial_workspace/install/package_with_interfaces', 'WSLENV': 'WT_SESSION:WT_PROFILE_ID:'}, 'shell': False}
[3.550710] (python_package_that_uses_the_services) StdoutLine: {'line': b"removing '/home/ribeiro/ros2_tutorial_workspace/install/python_package_that_uses_the_services/lib/python3.10/site-packages/python_package_that_uses_the_services-0.0.0-py3.10.egg-info' (and everything under it)\n"}
[3.550791] (python_package_that_uses_the_services) StdoutLine: {'line': b'Copying ../../build/python_package_that_uses_the_services/python_package_that_uses_the_services.egg-info to /home/ribeiro/ros2_tutorial_workspace/install/python_package_that_uses_the_services/lib/python3.10/site-packages/python_package_that_uses_the_services-0.0.0-py3.10.egg-info\n'}
[3.550855] (python_package_that_uses_the_messages) StdoutLine: {'line': b'running install_scripts\n'}
[3.550915] (python_package_that_uses_the_services) StdoutLine: {'line': b'running install_scripts\n'}
[3.557140] (python_package_that_uses_parameters_and_launch_files) StdoutLine: {'line': b'writing entry points to ../../build/python_package_that_uses_parameters_and_launch_files/python_package_that_uses_parameters_and_launch_files.egg-info/entry_points.txt\n'}
[3.557455] (python_package_that_uses_parameters_and_launch_files) StdoutLine: {'line': b'writing requirements to ../../build/python_package_that_uses_parameters_and_launch_files/python_package_that_uses_parameters_and_launch_files.egg-info/requires.txt\n'}
[3.557529] (python_package_that_uses_parameters_and_launch_files) StdoutLine: {'line': b'writing top-level names to ../../build/python_package_that_uses_parameters_and_launch_files/python_package_that_uses_parameters_and_launch_files.egg-info/top_level.txt\n'}
[3.557589] (python_package_that_uses_parameters_and_launch_files) StdoutLine: {'line': b"writing manifest file '../../build/python_package_that_uses_parameters_and_launch_files/python_package_that_uses_parameters_and_launch_files.egg-info/SOURCES.txt'\n"}
[3.557646] (python_package_that_uses_parameters_and_launch_files) StdoutLine: {'line': b"reading manifest file '../../build/python_package_that_uses_parameters_and_launch_files/python_package_that_uses_parameters_and_launch_files.egg-info/SOURCES.txt'\n"}
[3.557707] (python_package_that_uses_parameters_and_launch_files) StdoutLine: {'line': b"writing manifest file '../../build/python_package_that_uses_parameters_and_launch_files/python_package_that_uses_parameters_and_launch_files.egg-info/SOURCES.txt'\n"}
[3.557766] (python_package_that_uses_parameters_and_launch_files) StdoutLine: {'line': b'running build\n'}
[3.557821] (python_package_that_uses_parameters_and_launch_files) StdoutLine: {'line': b'running build_py\n'}
[3.557920] (python_package_that_uses_parameters_and_launch_files) StdoutLine: {'line': b'creating /home/ribeiro/ros2_tutorial_workspace/build/python_package_that_uses_parameters_and_launch_files/build\n'}
[3.558001] (python_package_that_uses_parameters_and_launch_files) StdoutLine: {'line': b'creating /home/ribeiro/ros2_tutorial_workspace/build/python_package_that_uses_parameters_and_launch_files/build/lib\n'}
[3.558062] (python_package_that_uses_parameters_and_launch_files) StdoutLine: {'line': b'creating /home/ribeiro/ros2_tutorial_workspace/build/python_package_that_uses_parameters_and_launch_files/build/lib/python_package_that_uses_parameters_and_launch_files\n'}
[3.558118] (python_package_that_uses_parameters_and_launch_files) StdoutLine: {'line': b'copying python_package_that_uses_parameters_and_launch_files/amazing_quote_configurable_publisher_node.py -> /home/ribeiro/ros2_tutorial_workspace/build/python_package_that_uses_parameters_and_launch_files/build/lib/python_package_that_uses_parameters_and_launch_files\n'}
[3.558174] (python_package_that_uses_parameters_and_launch_files) StdoutLine: {'line': b'copying python_package_that_uses_parameters_and_launch_files/__init__.py -> /home/ribeiro/ros2_tutorial_workspace/build/python_package_that_uses_parameters_and_launch_files/build/lib/python_package_that_uses_parameters_and_launch_files\n'}
[3.559735] (python_package_that_uses_parameters_and_launch_files) StdoutLine: {'line': b'running install\n'}
[3.559825] (python_package_that_uses_parameters_and_launch_files) StdoutLine: {'line': b'running install_lib\n'}
[3.560037] (python_package_that_uses_parameters_and_launch_files) StdoutLine: {'line': b'creating /home/ribeiro/ros2_tutorial_workspace/install/python_package_that_uses_parameters_and_launch_files/lib/python3.10/site-packages/python_package_that_uses_parameters_and_launch_files\n'}
[3.560911] (python_package_that_uses_parameters_and_launch_files) StdoutLine: {'line': b'copying /home/ribeiro/ros2_tutorial_workspace/build/python_package_that_uses_parameters_and_launch_files/build/lib/python_package_that_uses_parameters_and_launch_files/amazing_quote_configurable_publisher_node.py -> /home/ribeiro/ros2_tutorial_workspace/install/python_package_that_uses_parameters_and_launch_files/lib/python3.10/site-packages/python_package_that_uses_parameters_and_launch_files\n'}
[3.561457] (python_package_that_uses_parameters_and_launch_files) StdoutLine: {'line': b'copying /home/ribeiro/ros2_tutorial_workspace/build/python_package_that_uses_parameters_and_launch_files/build/lib/python_package_that_uses_parameters_and_launch_files/__init__.py -> /home/ribeiro/ros2_tutorial_workspace/install/python_package_that_uses_parameters_and_launch_files/lib/python3.10/site-packages/python_package_that_uses_parameters_and_launch_files\n'}
[3.562738] (python_package_that_uses_parameters_and_launch_files) StdoutLine: {'line': b'byte-compiling /home/ribeiro/ros2_tutorial_workspace/install/python_package_that_uses_parameters_and_launch_files/lib/python3.10/site-packages/python_package_that_uses_parameters_and_launch_files/amazing_quote_configurable_publisher_node.py to amazing_quote_configurable_publisher_node.cpython-310.pyc\n'}
[3.567889] (python_package_that_uses_parameters_and_launch_files) StdoutLine: {'line': b'byte-compiling /home/ribeiro/ros2_tutorial_workspace/install/python_package_that_uses_parameters_and_launch_files/lib/python3.10/site-packages/python_package_that_uses_parameters_and_launch_files/__init__.py to __init__.cpython-310.pyc\n'}
[3.568011] (python_package_that_uses_parameters_and_launch_files) StdoutLine: {'line': b'running install_data\n'}
[3.568078] (python_package_that_uses_parameters_and_launch_files) StdoutLine: {'line': b'creating /home/ribeiro/ros2_tutorial_workspace/install/python_package_that_uses_parameters_and_launch_files/share/ament_index\n'}
[3.568138] (python_package_that_uses_parameters_and_launch_files) StdoutLine: {'line': b'creating /home/ribeiro/ros2_tutorial_workspace/install/python_package_that_uses_parameters_and_launch_files/share/ament_index/resource_index\n'}
[3.568253] (python_package_that_uses_parameters_and_launch_files) StdoutLine: {'line': b'creating /home/ribeiro/ros2_tutorial_workspace/install/python_package_that_uses_parameters_and_launch_files/share/ament_index/resource_index/packages\n'}
[3.568331] (python_package_that_uses_parameters_and_launch_files) StdoutLine: {'line': b'copying resource/python_package_that_uses_parameters_and_launch_files -> /home/ribeiro/ros2_tutorial_workspace/install/python_package_that_uses_parameters_and_launch_files/share/ament_index/resource_index/packages\n'}
[3.568390] (python_package_that_uses_parameters_and_launch_files) StdoutLine: {'line': b'copying package.xml -> /home/ribeiro/ros2_tutorial_workspace/install/python_package_that_uses_parameters_and_launch_files/share/python_package_that_uses_parameters_and_launch_files\n'}
[3.568445] (python_package_that_uses_parameters_and_launch_files) StdoutLine: {'line': b'creating /home/ribeiro/ros2_tutorial_workspace/install/python_package_that_uses_parameters_and_launch_files/share/python_package_that_uses_parameters_and_launch_files/launch\n'}
[3.572739] (python_package_that_uses_the_messages) StdoutLine: {'line': b'Installing amazing_quote_publisher_node script to /home/ribeiro/ros2_tutorial_workspace/install/python_package_that_uses_the_messages/lib/python_package_that_uses_the_messages\n'}
[3.572858] (python_package_that_uses_the_messages) StdoutLine: {'line': b'Installing amazing_quote_subscriber_node script to /home/ribeiro/ros2_tutorial_workspace/install/python_package_that_uses_the_messages/lib/python_package_that_uses_the_messages\n'}
[3.572924] (python_package_that_uses_the_messages) StdoutLine: {'line': b"writing list of installed files to '/home/ribeiro/ros2_tutorial_workspace/build/python_package_that_uses_the_messages/install.log'\n"}
[3.575181] (python_package_that_uses_parameters_and_launch_files) StdoutLine: {'line': b'copying launch/peanut_butter_falcon_quote_publisher_launch.py -> /home/ribeiro/ros2_tutorial_workspace/install/python_package_that_uses_parameters_and_launch_files/share/python_package_that_uses_parameters_and_launch_files/launch\n'}
[3.575290] (python_package_that_uses_parameters_and_launch_files) StdoutLine: {'line': b'running install_egg_info\n'}
[3.575353] (python_package_that_uses_parameters_and_launch_files) StdoutLine: {'line': b'Copying ../../build/python_package_that_uses_parameters_and_launch_files/python_package_that_uses_parameters_and_launch_files.egg-info to /home/ribeiro/ros2_tutorial_workspace/install/python_package_that_uses_parameters_and_launch_files/lib/python3.10/site-packages/python_package_that_uses_parameters_and_launch_files-0.0.0-py3.10.egg-info\n'}
[3.579890] (python_package_that_uses_the_services) StdoutLine: {'line': b'Installing what_is_the_point_service_client_node script to /home/ribeiro/ros2_tutorial_workspace/install/python_package_that_uses_the_services/lib/python_package_that_uses_the_services\n'}
[3.580051] (python_package_that_uses_the_services) StdoutLine: {'line': b'Installing what_is_the_point_service_server_node script to /home/ribeiro/ros2_tutorial_workspace/install/python_package_that_uses_the_services/lib/python_package_that_uses_the_services\n'}
[3.580115] (python_package_that_uses_the_services) StdoutLine: {'line': b"writing list of installed files to '/home/ribeiro/ros2_tutorial_workspace/build/python_package_that_uses_the_services/install.log'\n"}
[3.591975] (python_package_that_uses_parameters_and_launch_files) StdoutLine: {'line': b'running install_scripts\n'}
[3.595513] (python_package_that_uses_the_messages) CommandEnded: {'returncode': 0}
[3.604849] (python_package_that_uses_the_messages) JobEnded: {'identifier': 'python_package_that_uses_the_messages', 'rc': 0}
[3.606596] (python_package_that_uses_the_services) CommandEnded: {'returncode': 0}
[3.609895] (python_package_that_uses_parameters_and_launch_files) StdoutLine: {'line': b'Installing amazing_quote_configurable_publisher_node script to /home/ribeiro/ros2_tutorial_workspace/install/python_package_that_uses_parameters_and_launch_files/lib/python_package_that_uses_parameters_and_launch_files\n'}
[3.611196] (python_package_that_uses_parameters_and_launch_files) StdoutLine: {'line': b"writing list of installed files to '/home/ribeiro/ros2_tutorial_workspace/build/python_package_that_uses_parameters_and_launch_files/install.log'\n"}
[3.615528] (python_package_that_uses_the_services) JobEnded: {'identifier': 'python_package_that_uses_the_services', 'rc': 0}
[3.629953] (python_package_that_uses_parameters_and_launch_files) CommandEnded: {'returncode': 0}
[3.647185] (-) TimerEvent: {}
[3.648160] (python_package_that_uses_parameters_and_launch_files) JobEnded: {'identifier': 'python_package_that_uses_parameters_and_launch_files', 'rc': 0}
[3.747507] (-) TimerEvent: {}
[3.848063] (-) TimerEvent: {}
[3.885330] (python_package_that_uses_the_library) StdoutLine: {'line': b'running egg_info\n'}
[3.885923] (python_package_that_uses_the_library) StdoutLine: {'line': b'writing ../../build/python_package_that_uses_the_library/python_package_that_uses_the_library.egg-info/PKG-INFO\n'}
[3.886257] (python_package_that_uses_the_library) StdoutLine: {'line': b'writing dependency_links to ../../build/python_package_that_uses_the_library/python_package_that_uses_the_library.egg-info/dependency_links.txt\n'}
[3.886573] (python_package_that_uses_the_library) StdoutLine: {'line': b'writing entry points to ../../build/python_package_that_uses_the_library/python_package_that_uses_the_library.egg-info/entry_points.txt\n'}
[3.888180] (python_package_that_uses_the_library) StdoutLine: {'line': b'writing requirements to ../../build/python_package_that_uses_the_library/python_package_that_uses_the_library.egg-info/requires.txt\n'}
[3.888405] (python_package_that_uses_the_library) StdoutLine: {'line': b'writing top-level names to ../../build/python_package_that_uses_the_library/python_package_that_uses_the_library.egg-info/top_level.txt\n'}
[3.889425] (python_package_that_uses_the_library) StdoutLine: {'line': b"reading manifest file '../../build/python_package_that_uses_the_library/python_package_that_uses_the_library.egg-info/SOURCES.txt'\n"}
[3.891301] (python_package_that_uses_the_library) StdoutLine: {'line': b"writing manifest file '../../build/python_package_that_uses_the_library/python_package_that_uses_the_library.egg-info/SOURCES.txt'\n"}
[3.891546] (python_package_that_uses_the_library) StdoutLine: {'line': b'running build\n'}
[3.891631] (python_package_that_uses_the_library) StdoutLine: {'line': b'running build_py\n'}
[3.892390] (python_package_that_uses_the_library) StdoutLine: {'line': b'running install\n'}
[3.892492] (python_package_that_uses_the_library) StdoutLine: {'line': b'running install_lib\n'}
[3.894464] (python_package_that_uses_the_library) StdoutLine: {'line': b'running install_data\n'}
[3.894559] (python_package_that_uses_the_library) StdoutLine: {'line': b'running install_egg_info\n'}
[3.895727] (python_package_that_uses_the_library) StdoutLine: {'line': b"removing '/home/ribeiro/ros2_tutorial_workspace/install/python_package_that_uses_the_library/lib/python3.10/site-packages/python_package_that_uses_the_library-0.0.0-py3.10.egg-info' (and everything under it)\n"}
[3.897833] (python_package_that_uses_the_library) StdoutLine: {'line': b'Copying ../../build/python_package_that_uses_the_library/python_package_that_uses_the_library.egg-info to /home/ribeiro/ros2_tutorial_workspace/install/python_package_that_uses_the_library/lib/python3.10/site-packages/python_package_that_uses_the_library-0.0.0-py3.10.egg-info\n'}
[3.904349] (python_package_that_uses_the_library) StdoutLine: {'line': b'running install_scripts\n'}
[3.926187] (python_package_that_uses_the_library) StdoutLine: {'line': b'Installing node_that_uses_the_library script to /home/ribeiro/ros2_tutorial_workspace/install/python_package_that_uses_the_library/lib/python_package_that_uses_the_library\n'}
[3.926661] (python_package_that_uses_the_library) StdoutLine: {'line': b"writing list of installed files to '/home/ribeiro/ros2_tutorial_workspace/build/python_package_that_uses_the_library/install.log'\n"}
[3.941815] (python_package_that_uses_the_library) CommandEnded: {'returncode': 0}
[3.948155] (-) TimerEvent: {}
[3.951448] (python_package_that_uses_the_library) JobEnded: {'identifier': 'python_package_that_uses_the_library', 'rc': 0}
[3.953669] (-) EventReactorShutdown: {}
