[0.156s] DEBUG:colcon:Command line arguments: ['/usr/bin/colcon', 'build', '--symlink-install']
[0.156s] DEBUG:colcon:Parsed command line arguments: Namespace(log_base=None, log_level=None, verb_name='build', build_base='build', install_base='install', merge_install=False, symlink_install=True, test_result_base=None, continue_on_error=False, executor='parallel', parallel_workers=12, event_handlers=None, ignore_user_meta=False, metas=['./colcon.meta'], base_paths=['.'], packages_ignore=None, packages_ignore_regex=None, paths=None, packages_up_to=None, packages_up_to_regex=None, packages_above=None, packages_above_and_dependencies=None, packages_above_depth=None, packages_select_by_dep=None, packages_skip_by_dep=None, packages_skip_up_to=None, packages_select_build_failed=False, packages_skip_build_finished=False, packages_select_test_failures=False, packages_skip_test_passed=False, packages_select=None, packages_skip=None, packages_select_regex=None, packages_skip_regex=None, packages_start=None, packages_end=None, allow_overriding=[], cmake_args=None, cmake_target=None, cmake_target_skip_unavailable=False, cmake_clean_cache=False, cmake_clean_first=False, cmake_force_configure=False, ament_cmake_args=None, catkin_cmake_args=None, catkin_skip_building_tests=False, mixin_files=None, mixin=None, verb_parser=<colcon_mixin.mixin.mixin_argument.MixinArgumentDecorator object at 0x7611f422be80>, verb_extension=<colcon_core.verb.build.BuildVerb object at 0x7611f422b9d0>, main=<bound method BuildVerb.main of <colcon_core.verb.build.BuildVerb object at 0x7611f422b9d0>>, mixin_verb=('build',))
[0.336s] Level 1:colcon.colcon_core.package_discovery:discover_packages(colcon_meta) check parameters
[0.336s] Level 1:colcon.colcon_core.package_discovery:discover_packages(recursive) check parameters
[0.336s] Level 1:colcon.colcon_core.package_discovery:discover_packages(ignore) check parameters
[0.336s] Level 1:colcon.colcon_core.package_discovery:discover_packages(path) check parameters
[0.336s] Level 1:colcon.colcon_core.package_discovery:discover_packages(colcon_meta) discover
[0.336s] Level 1:colcon.colcon_core.package_discovery:discover_packages(recursive) discover
[0.336s] INFO:colcon.colcon_core.package_discovery:Crawling recursively for packages in '/home/ribeiro/ros2_tutorial_workspace'
[0.336s] Level 1:colcon.colcon_core.package_identification:_identify(.) by extensions ['ignore', 'ignore_ament_install']
[0.336s] Level 1:colcon.colcon_core.package_identification:_identify(.) by extension 'ignore'
[0.336s] Level 1:colcon.colcon_core.package_identification:_identify(.) by extension 'ignore_ament_install'
[0.336s] Level 1:colcon.colcon_core.package_identification:_identify(.) by extensions ['colcon_pkg']
[0.336s] Level 1:colcon.colcon_core.package_identification:_identify(.) by extension 'colcon_pkg'
[0.336s] Level 1:colcon.colcon_core.package_identification:_identify(.) by extensions ['colcon_meta']
[0.336s] Level 1:colcon.colcon_core.package_identification:_identify(.) by extension 'colcon_meta'
[0.336s] Level 1:colcon.colcon_core.package_identification:_identify(.) by extensions ['ros']
[0.336s] Level 1:colcon.colcon_core.package_identification:_identify(.) by extension 'ros'
[0.348s] Level 1:colcon.colcon_core.package_identification:_identify(.) by extensions ['cmake', 'python']
[0.348s] Level 1:colcon.colcon_core.package_identification:_identify(.) by extension 'cmake'
[0.348s] Level 1:colcon.colcon_core.package_identification:_identify(.) by extension 'python'
[0.348s] Level 1:colcon.colcon_core.package_identification:_identify(.) by extensions ['python_setup_py']
[0.348s] Level 1:colcon.colcon_core.package_identification:_identify(.) by extension 'python_setup_py'
[0.349s] Level 1:colcon.colcon_core.package_identification:_identify(build) by extensions ['ignore', 'ignore_ament_install']
[0.349s] Level 1:colcon.colcon_core.package_identification:_identify(build) by extension 'ignore'
[0.349s] Level 1:colcon.colcon_core.package_identification:_identify(build) ignored
[0.349s] Level 1:colcon.colcon_core.package_identification:_identify(install) by extensions ['ignore', 'ignore_ament_install']
[0.349s] Level 1:colcon.colcon_core.package_identification:_identify(install) by extension 'ignore'
[0.349s] Level 1:colcon.colcon_core.package_identification:_identify(install) ignored
[0.349s] Level 1:colcon.colcon_core.package_identification:_identify(log) by extensions ['ignore', 'ignore_ament_install']
[0.350s] Level 1:colcon.colcon_core.package_identification:_identify(log) by extension 'ignore'
[0.350s] Level 1:colcon.colcon_core.package_identification:_identify(log) ignored
[0.350s] Level 1:colcon.colcon_core.package_identification:_identify(src) by extensions ['ignore', 'ignore_ament_install']
[0.350s] Level 1:colcon.colcon_core.package_identification:_identify(src) by extension 'ignore'
[0.350s] Level 1:colcon.colcon_core.package_identification:_identify(src) by extension 'ignore_ament_install'
[0.350s] Level 1:colcon.colcon_core.package_identification:_identify(src) by extensions ['colcon_pkg']
[0.350s] Level 1:colcon.colcon_core.package_identification:_identify(src) by extension 'colcon_pkg'
[0.350s] Level 1:colcon.colcon_core.package_identification:_identify(src) by extensions ['colcon_meta']
[0.350s] Level 1:colcon.colcon_core.package_identification:_identify(src) by extension 'colcon_meta'
[0.350s] Level 1:colcon.colcon_core.package_identification:_identify(src) by extensions ['ros']
[0.350s] Level 1:colcon.colcon_core.package_identification:_identify(src) by extension 'ros'
[0.350s] Level 1:colcon.colcon_core.package_identification:_identify(src) by extensions ['cmake', 'python']
[0.350s] Level 1:colcon.colcon_core.package_identification:_identify(src) by extension 'cmake'
[0.351s] Level 1:colcon.colcon_core.package_identification:_identify(src) by extension 'python'
[0.351s] Level 1:colcon.colcon_core.package_identification:_identify(src) by extensions ['python_setup_py']
[0.351s] Level 1:colcon.colcon_core.package_identification:_identify(src) by extension 'python_setup_py'
[0.351s] Level 1:colcon.colcon_core.package_identification:_identify(src/articubot_one) by extensions ['ignore', 'ignore_ament_install']
[0.351s] Level 1:colcon.colcon_core.package_identification:_identify(src/articubot_one) by extension 'ignore'
[0.351s] Level 1:colcon.colcon_core.package_identification:_identify(src/articubot_one) by extension 'ignore_ament_install'
[0.351s] Level 1:colcon.colcon_core.package_identification:_identify(src/articubot_one) by extensions ['colcon_pkg']
[0.351s] Level 1:colcon.colcon_core.package_identification:_identify(src/articubot_one) by extension 'colcon_pkg'
[0.351s] Level 1:colcon.colcon_core.package_identification:_identify(src/articubot_one) by extensions ['colcon_meta']
[0.351s] Level 1:colcon.colcon_core.package_identification:_identify(src/articubot_one) by extension 'colcon_meta'
[0.351s] Level 1:colcon.colcon_core.package_identification:_identify(src/articubot_one) by extensions ['ros']
[0.351s] Level 1:colcon.colcon_core.package_identification:_identify(src/articubot_one) by extension 'ros'
[0.354s] DEBUG:colcon.colcon_core.package_identification:Package 'src/articubot_one' with type 'ros.ament_cmake' and name 'articubot_one'
[0.354s] Level 1:colcon.colcon_core.package_identification:_identify(src/cpp_package_with_a_node) by extensions ['ignore', 'ignore_ament_install']
[0.354s] Level 1:colcon.colcon_core.package_identification:_identify(src/cpp_package_with_a_node) by extension 'ignore'
[0.354s] Level 1:colcon.colcon_core.package_identification:_identify(src/cpp_package_with_a_node) by extension 'ignore_ament_install'
[0.354s] Level 1:colcon.colcon_core.package_identification:_identify(src/cpp_package_with_a_node) by extensions ['colcon_pkg']
[0.354s] Level 1:colcon.colcon_core.package_identification:_identify(src/cpp_package_with_a_node) by extension 'colcon_pkg'
[0.354s] Level 1:colcon.colcon_core.package_identification:_identify(src/cpp_package_with_a_node) by extensions ['colcon_meta']
[0.355s] Level 1:colcon.colcon_core.package_identification:_identify(src/cpp_package_with_a_node) by extension 'colcon_meta'
[0.355s] Level 1:colcon.colcon_core.package_identification:_identify(src/cpp_package_with_a_node) by extensions ['ros']
[0.355s] Level 1:colcon.colcon_core.package_identification:_identify(src/cpp_package_with_a_node) by extension 'ros'
[0.355s] DEBUG:colcon.colcon_core.package_identification:Package 'src/cpp_package_with_a_node' with type 'ros.ament_cmake' and name 'cpp_package_with_a_node'
[0.356s] Level 1:colcon.colcon_core.package_identification:_identify(src/package_with_interfaces) by extensions ['ignore', 'ignore_ament_install']
[0.356s] Level 1:colcon.colcon_core.package_identification:_identify(src/package_with_interfaces) by extension 'ignore'
[0.356s] Level 1:colcon.colcon_core.package_identification:_identify(src/package_with_interfaces) by extension 'ignore_ament_install'
[0.356s] Level 1:colcon.colcon_core.package_identification:_identify(src/package_with_interfaces) by extensions ['colcon_pkg']
[0.356s] Level 1:colcon.colcon_core.package_identification:_identify(src/package_with_interfaces) by extension 'colcon_pkg'
[0.356s] Level 1:colcon.colcon_core.package_identification:_identify(src/package_with_interfaces) by extensions ['colcon_meta']
[0.356s] Level 1:colcon.colcon_core.package_identification:_identify(src/package_with_interfaces) by extension 'colcon_meta'
[0.356s] Level 1:colcon.colcon_core.package_identification:_identify(src/package_with_interfaces) by extensions ['ros']
[0.356s] Level 1:colcon.colcon_core.package_identification:_identify(src/package_with_interfaces) by extension 'ros'
[0.357s] DEBUG:colcon.colcon_core.package_identification:Package 'src/package_with_interfaces' with type 'ros.ament_cmake' and name 'package_with_interfaces'
[0.357s] Level 1:colcon.colcon_core.package_identification:_identify(src/python_package_that_uses_parameters_and_launch_files) by extensions ['ignore', 'ignore_ament_install']
[0.357s] Level 1:colcon.colcon_core.package_identification:_identify(src/python_package_that_uses_parameters_and_launch_files) by extension 'ignore'
[0.357s] Level 1:colcon.colcon_core.package_identification:_identify(src/python_package_that_uses_parameters_and_launch_files) by extension 'ignore_ament_install'
[0.357s] Level 1:colcon.colcon_core.package_identification:_identify(src/python_package_that_uses_parameters_and_launch_files) by extensions ['colcon_pkg']
[0.357s] Level 1:colcon.colcon_core.package_identification:_identify(src/python_package_that_uses_parameters_and_launch_files) by extension 'colcon_pkg'
[0.357s] Level 1:colcon.colcon_core.package_identification:_identify(src/python_package_that_uses_parameters_and_launch_files) by extensions ['colcon_meta']
[0.357s] Level 1:colcon.colcon_core.package_identification:_identify(src/python_package_that_uses_parameters_and_launch_files) by extension 'colcon_meta'
[0.357s] Level 1:colcon.colcon_core.package_identification:_identify(src/python_package_that_uses_parameters_and_launch_files) by extensions ['ros']
[0.357s] Level 1:colcon.colcon_core.package_identification:_identify(src/python_package_that_uses_parameters_and_launch_files) by extension 'ros'
[0.358s] DEBUG:colcon.colcon_core.package_identification:Package 'src/python_package_that_uses_parameters_and_launch_files' with type 'ros.ament_python' and name 'python_package_that_uses_parameters_and_launch_files'
[0.358s] Level 1:colcon.colcon_core.package_identification:_identify(src/python_package_that_uses_the_library) by extensions ['ignore', 'ignore_ament_install']
[0.358s] Level 1:colcon.colcon_core.package_identification:_identify(src/python_package_that_uses_the_library) by extension 'ignore'
[0.358s] Level 1:colcon.colcon_core.package_identification:_identify(src/python_package_that_uses_the_library) by extension 'ignore_ament_install'
[0.358s] Level 1:colcon.colcon_core.package_identification:_identify(src/python_package_that_uses_the_library) by extensions ['colcon_pkg']
[0.358s] Level 1:colcon.colcon_core.package_identification:_identify(src/python_package_that_uses_the_library) by extension 'colcon_pkg'
[0.358s] Level 1:colcon.colcon_core.package_identification:_identify(src/python_package_that_uses_the_library) by extensions ['colcon_meta']
[0.358s] Level 1:colcon.colcon_core.package_identification:_identify(src/python_package_that_uses_the_library) by extension 'colcon_meta'
[0.359s] Level 1:colcon.colcon_core.package_identification:_identify(src/python_package_that_uses_the_library) by extensions ['ros']
[0.359s] Level 1:colcon.colcon_core.package_identification:_identify(src/python_package_that_uses_the_library) by extension 'ros'
[0.359s] DEBUG:colcon.colcon_core.package_identification:Package 'src/python_package_that_uses_the_library' with type 'ros.ament_python' and name 'python_package_that_uses_the_library'
[0.359s] Level 1:colcon.colcon_core.package_identification:_identify(src/python_package_that_uses_the_messages) by extensions ['ignore', 'ignore_ament_install']
[0.359s] Level 1:colcon.colcon_core.package_identification:_identify(src/python_package_that_uses_the_messages) by extension 'ignore'
[0.359s] Level 1:colcon.colcon_core.package_identification:_identify(src/python_package_that_uses_the_messages) by extension 'ignore_ament_install'
[0.359s] Level 1:colcon.colcon_core.package_identification:_identify(src/python_package_that_uses_the_messages) by extensions ['colcon_pkg']
[0.359s] Level 1:colcon.colcon_core.package_identification:_identify(src/python_package_that_uses_the_messages) by extension 'colcon_pkg'
[0.359s] Level 1:colcon.colcon_core.package_identification:_identify(src/python_package_that_uses_the_messages) by extensions ['colcon_meta']
[0.359s] Level 1:colcon.colcon_core.package_identification:_identify(src/python_package_that_uses_the_messages) by extension 'colcon_meta'
[0.360s] Level 1:colcon.colcon_core.package_identification:_identify(src/python_package_that_uses_the_messages) by extensions ['ros']
[0.360s] Level 1:colcon.colcon_core.package_identification:_identify(src/python_package_that_uses_the_messages) by extension 'ros'
[0.360s] DEBUG:colcon.colcon_core.package_identification:Package 'src/python_package_that_uses_the_messages' with type 'ros.ament_python' and name 'python_package_that_uses_the_messages'
[0.360s] Level 1:colcon.colcon_core.package_identification:_identify(src/python_package_that_uses_the_services) by extensions ['ignore', 'ignore_ament_install']
[0.360s] Level 1:colcon.colcon_core.package_identification:_identify(src/python_package_that_uses_the_services) by extension 'ignore'
[0.361s] Level 1:colcon.colcon_core.package_identification:_identify(src/python_package_that_uses_the_services) by extension 'ignore_ament_install'
[0.361s] Level 1:colcon.colcon_core.package_identification:_identify(src/python_package_that_uses_the_services) by extensions ['colcon_pkg']
[0.361s] Level 1:colcon.colcon_core.package_identification:_identify(src/python_package_that_uses_the_services) by extension 'colcon_pkg'
[0.361s] Level 1:colcon.colcon_core.package_identification:_identify(src/python_package_that_uses_the_services) by extensions ['colcon_meta']
[0.361s] Level 1:colcon.colcon_core.package_identification:_identify(src/python_package_that_uses_the_services) by extension 'colcon_meta'
[0.361s] Level 1:colcon.colcon_core.package_identification:_identify(src/python_package_that_uses_the_services) by extensions ['ros']
[0.361s] Level 1:colcon.colcon_core.package_identification:_identify(src/python_package_that_uses_the_services) by extension 'ros'
[0.361s] DEBUG:colcon.colcon_core.package_identification:Package 'src/python_package_that_uses_the_services' with type 'ros.ament_python' and name 'python_package_that_uses_the_services'
[0.361s] Level 1:colcon.colcon_core.package_identification:_identify(src/python_package_with_a_library) by extensions ['ignore', 'ignore_ament_install']
[0.361s] Level 1:colcon.colcon_core.package_identification:_identify(src/python_package_with_a_library) by extension 'ignore'
[0.361s] Level 1:colcon.colcon_core.package_identification:_identify(src/python_package_with_a_library) by extension 'ignore_ament_install'
[0.362s] Level 1:colcon.colcon_core.package_identification:_identify(src/python_package_with_a_library) by extensions ['colcon_pkg']
[0.362s] Level 1:colcon.colcon_core.package_identification:_identify(src/python_package_with_a_library) by extension 'colcon_pkg'
[0.362s] Level 1:colcon.colcon_core.package_identification:_identify(src/python_package_with_a_library) by extensions ['colcon_meta']
[0.362s] Level 1:colcon.colcon_core.package_identification:_identify(src/python_package_with_a_library) by extension 'colcon_meta'
[0.362s] Level 1:colcon.colcon_core.package_identification:_identify(src/python_package_with_a_library) by extensions ['ros']
[0.362s] Level 1:colcon.colcon_core.package_identification:_identify(src/python_package_with_a_library) by extension 'ros'
[0.362s] DEBUG:colcon.colcon_core.package_identification:Package 'src/python_package_with_a_library' with type 'ros.ament_python' and name 'python_package_with_a_library'
[0.362s] Level 1:colcon.colcon_core.package_discovery:discover_packages(recursive) using defaults
[0.362s] Level 1:colcon.colcon_core.package_discovery:discover_packages(ignore) discover
[0.362s] Level 1:colcon.colcon_core.package_discovery:discover_packages(ignore) using defaults
[0.362s] Level 1:colcon.colcon_core.package_discovery:discover_packages(path) discover
[0.362s] Level 1:colcon.colcon_core.package_discovery:discover_packages(path) using defaults
[0.387s] Level 1:colcon.colcon_core.package_discovery:discover_packages(prefix_path) check parameters
[0.387s] Level 1:colcon.colcon_core.package_discovery:discover_packages(prefix_path) discover
[0.389s] DEBUG:colcon.colcon_installed_package_information.package_discovery:Found 8 installed packages in /home/ribeiro/ros2_tutorial_workspace/install
[0.390s] DEBUG:colcon.colcon_installed_package_information.package_discovery:Found 350 installed packages in /opt/ros/humble
[0.391s] Level 1:colcon.colcon_core.package_discovery:discover_packages(prefix_path) using defaults
[0.420s] Level 5:colcon.colcon_core.verb:set package 'articubot_one' build argument 'cmake_args' from command line to 'None'
[0.420s] Level 5:colcon.colcon_core.verb:set package 'articubot_one' build argument 'cmake_target' from command line to 'None'
[0.420s] Level 5:colcon.colcon_core.verb:set package 'articubot_one' build argument 'cmake_target_skip_unavailable' from command line to 'False'
[0.420s] Level 5:colcon.colcon_core.verb:set package 'articubot_one' build argument 'cmake_clean_cache' from command line to 'False'
[0.420s] Level 5:colcon.colcon_core.verb:set package 'articubot_one' build argument 'cmake_clean_first' from command line to 'False'
[0.420s] Level 5:colcon.colcon_core.verb:set package 'articubot_one' build argument 'cmake_force_configure' from command line to 'False'
[0.420s] Level 5:colcon.colcon_core.verb:set package 'articubot_one' build argument 'ament_cmake_args' from command line to 'None'
[0.420s] Level 5:colcon.colcon_core.verb:set package 'articubot_one' build argument 'catkin_cmake_args' from command line to 'None'
[0.420s] Level 5:colcon.colcon_core.verb:set package 'articubot_one' build argument 'catkin_skip_building_tests' from command line to 'False'
[0.420s] DEBUG:colcon.colcon_core.verb:Building package 'articubot_one' with the following arguments: {'ament_cmake_args': None, 'build_base': '/home/ribeiro/ros2_tutorial_workspace/build/articubot_one', 'catkin_cmake_args': None, 'catkin_skip_building_tests': False, 'cmake_args': None, 'cmake_clean_cache': False, 'cmake_clean_first': False, 'cmake_force_configure': False, 'cmake_target': None, 'cmake_target_skip_unavailable': False, 'install_base': '/home/ribeiro/ros2_tutorial_workspace/install/articubot_one', 'merge_install': False, 'path': '/home/ribeiro/ros2_tutorial_workspace/src/articubot_one', 'symlink_install': True, 'test_result_base': None}
[0.420s] Level 5:colcon.colcon_core.verb:set package 'cpp_package_with_a_node' build argument 'cmake_args' from command line to 'None'
[0.420s] Level 5:colcon.colcon_core.verb:set package 'cpp_package_with_a_node' build argument 'cmake_target' from command line to 'None'
[0.420s] Level 5:colcon.colcon_core.verb:set package 'cpp_package_with_a_node' build argument 'cmake_target_skip_unavailable' from command line to 'False'
[0.420s] Level 5:colcon.colcon_core.verb:set package 'cpp_package_with_a_node' build argument 'cmake_clean_cache' from command line to 'False'
[0.420s] Level 5:colcon.colcon_core.verb:set package 'cpp_package_with_a_node' build argument 'cmake_clean_first' from command line to 'False'
[0.420s] Level 5:colcon.colcon_core.verb:set package 'cpp_package_with_a_node' build argument 'cmake_force_configure' from command line to 'False'
[0.420s] Level 5:colcon.colcon_core.verb:set package 'cpp_package_with_a_node' build argument 'ament_cmake_args' from command line to 'None'
[0.420s] Level 5:colcon.colcon_core.verb:set package 'cpp_package_with_a_node' build argument 'catkin_cmake_args' from command line to 'None'
[0.420s] Level 5:colcon.colcon_core.verb:set package 'cpp_package_with_a_node' build argument 'catkin_skip_building_tests' from command line to 'False'
[0.420s] DEBUG:colcon.colcon_core.verb:Building package 'cpp_package_with_a_node' with the following arguments: {'ament_cmake_args': None, 'build_base': '/home/ribeiro/ros2_tutorial_workspace/build/cpp_package_with_a_node', 'catkin_cmake_args': None, 'catkin_skip_building_tests': False, 'cmake_args': None, 'cmake_clean_cache': False, 'cmake_clean_first': False, 'cmake_force_configure': False, 'cmake_target': None, 'cmake_target_skip_unavailable': False, 'install_base': '/home/ribeiro/ros2_tutorial_workspace/install/cpp_package_with_a_node', 'merge_install': False, 'path': '/home/ribeiro/ros2_tutorial_workspace/src/cpp_package_with_a_node', 'symlink_install': True, 'test_result_base': None}
[0.421s] Level 5:colcon.colcon_core.verb:set package 'package_with_interfaces' build argument 'cmake_args' from command line to 'None'
[0.421s] Level 5:colcon.colcon_core.verb:set package 'package_with_interfaces' build argument 'cmake_target' from command line to 'None'
[0.421s] Level 5:colcon.colcon_core.verb:set package 'package_with_interfaces' build argument 'cmake_target_skip_unavailable' from command line to 'False'
[0.421s] Level 5:colcon.colcon_core.verb:set package 'package_with_interfaces' build argument 'cmake_clean_cache' from command line to 'False'
[0.421s] Level 5:colcon.colcon_core.verb:set package 'package_with_interfaces' build argument 'cmake_clean_first' from command line to 'False'
[0.421s] Level 5:colcon.colcon_core.verb:set package 'package_with_interfaces' build argument 'cmake_force_configure' from command line to 'False'
[0.421s] Level 5:colcon.colcon_core.verb:set package 'package_with_interfaces' build argument 'ament_cmake_args' from command line to 'None'
[0.421s] Level 5:colcon.colcon_core.verb:set package 'package_with_interfaces' build argument 'catkin_cmake_args' from command line to 'None'
[0.421s] Level 5:colcon.colcon_core.verb:set package 'package_with_interfaces' build argument 'catkin_skip_building_tests' from command line to 'False'
[0.421s] DEBUG:colcon.colcon_core.verb:Building package 'package_with_interfaces' with the following arguments: {'ament_cmake_args': None, 'build_base': '/home/ribeiro/ros2_tutorial_workspace/build/package_with_interfaces', 'catkin_cmake_args': None, 'catkin_skip_building_tests': False, 'cmake_args': None, 'cmake_clean_cache': False, 'cmake_clean_first': False, 'cmake_force_configure': False, 'cmake_target': None, 'cmake_target_skip_unavailable': False, 'install_base': '/home/ribeiro/ros2_tutorial_workspace/install/package_with_interfaces', 'merge_install': False, 'path': '/home/ribeiro/ros2_tutorial_workspace/src/package_with_interfaces', 'symlink_install': True, 'test_result_base': None}
[0.421s] Level 5:colcon.colcon_core.verb:set package 'python_package_with_a_library' build argument 'cmake_args' from command line to 'None'
[0.421s] Level 5:colcon.colcon_core.verb:set package 'python_package_with_a_library' build argument 'cmake_target' from command line to 'None'
[0.421s] Level 5:colcon.colcon_core.verb:set package 'python_package_with_a_library' build argument 'cmake_target_skip_unavailable' from command line to 'False'
[0.421s] Level 5:colcon.colcon_core.verb:set package 'python_package_with_a_library' build argument 'cmake_clean_cache' from command line to 'False'
[0.421s] Level 5:colcon.colcon_core.verb:set package 'python_package_with_a_library' build argument 'cmake_clean_first' from command line to 'False'
[0.421s] Level 5:colcon.colcon_core.verb:set package 'python_package_with_a_library' build argument 'cmake_force_configure' from command line to 'False'
[0.421s] Level 5:colcon.colcon_core.verb:set package 'python_package_with_a_library' build argument 'ament_cmake_args' from command line to 'None'
[0.421s] Level 5:colcon.colcon_core.verb:set package 'python_package_with_a_library' build argument 'catkin_cmake_args' from command line to 'None'
[0.421s] Level 5:colcon.colcon_core.verb:set package 'python_package_with_a_library' build argument 'catkin_skip_building_tests' from command line to 'False'
[0.421s] DEBUG:colcon.colcon_core.verb:Building package 'python_package_with_a_library' with the following arguments: {'ament_cmake_args': None, 'build_base': '/home/ribeiro/ros2_tutorial_workspace/build/python_package_with_a_library', 'catkin_cmake_args': None, 'catkin_skip_building_tests': False, 'cmake_args': None, 'cmake_clean_cache': False, 'cmake_clean_first': False, 'cmake_force_configure': False, 'cmake_target': None, 'cmake_target_skip_unavailable': False, 'install_base': '/home/ribeiro/ros2_tutorial_workspace/install/python_package_with_a_library', 'merge_install': False, 'path': '/home/ribeiro/ros2_tutorial_workspace/src/python_package_with_a_library', 'symlink_install': True, 'test_result_base': None}
[0.421s] Level 5:colcon.colcon_core.verb:set package 'python_package_that_uses_parameters_and_launch_files' build argument 'cmake_args' from command line to 'None'
[0.421s] Level 5:colcon.colcon_core.verb:set package 'python_package_that_uses_parameters_and_launch_files' build argument 'cmake_target' from command line to 'None'
[0.421s] Level 5:colcon.colcon_core.verb:set package 'python_package_that_uses_parameters_and_launch_files' build argument 'cmake_target_skip_unavailable' from command line to 'False'
[0.422s] Level 5:colcon.colcon_core.verb:set package 'python_package_that_uses_parameters_and_launch_files' build argument 'cmake_clean_cache' from command line to 'False'
[0.422s] Level 5:colcon.colcon_core.verb:set package 'python_package_that_uses_parameters_and_launch_files' build argument 'cmake_clean_first' from command line to 'False'
[0.422s] Level 5:colcon.colcon_core.verb:set package 'python_package_that_uses_parameters_and_launch_files' build argument 'cmake_force_configure' from command line to 'False'
[0.422s] Level 5:colcon.colcon_core.verb:set package 'python_package_that_uses_parameters_and_launch_files' build argument 'ament_cmake_args' from command line to 'None'
[0.422s] Level 5:colcon.colcon_core.verb:set package 'python_package_that_uses_parameters_and_launch_files' build argument 'catkin_cmake_args' from command line to 'None'
[0.422s] Level 5:colcon.colcon_core.verb:set package 'python_package_that_uses_parameters_and_launch_files' build argument 'catkin_skip_building_tests' from command line to 'False'
[0.422s] DEBUG:colcon.colcon_core.verb:Building package 'python_package_that_uses_parameters_and_launch_files' with the following arguments: {'ament_cmake_args': None, 'build_base': '/home/ribeiro/ros2_tutorial_workspace/build/python_package_that_uses_parameters_and_launch_files', 'catkin_cmake_args': None, 'catkin_skip_building_tests': False, 'cmake_args': None, 'cmake_clean_cache': False, 'cmake_clean_first': False, 'cmake_force_configure': False, 'cmake_target': None, 'cmake_target_skip_unavailable': False, 'install_base': '/home/ribeiro/ros2_tutorial_workspace/install/python_package_that_uses_parameters_and_launch_files', 'merge_install': False, 'path': '/home/ribeiro/ros2_tutorial_workspace/src/python_package_that_uses_parameters_and_launch_files', 'symlink_install': True, 'test_result_base': None}
[0.422s] Level 5:colcon.colcon_core.verb:set package 'python_package_that_uses_the_library' build argument 'cmake_args' from command line to 'None'
[0.422s] Level 5:colcon.colcon_core.verb:set package 'python_package_that_uses_the_library' build argument 'cmake_target' from command line to 'None'
[0.422s] Level 5:colcon.colcon_core.verb:set package 'python_package_that_uses_the_library' build argument 'cmake_target_skip_unavailable' from command line to 'False'
[0.422s] Level 5:colcon.colcon_core.verb:set package 'python_package_that_uses_the_library' build argument 'cmake_clean_cache' from command line to 'False'
[0.422s] Level 5:colcon.colcon_core.verb:set package 'python_package_that_uses_the_library' build argument 'cmake_clean_first' from command line to 'False'
[0.422s] Level 5:colcon.colcon_core.verb:set package 'python_package_that_uses_the_library' build argument 'cmake_force_configure' from command line to 'False'
[0.422s] Level 5:colcon.colcon_core.verb:set package 'python_package_that_uses_the_library' build argument 'ament_cmake_args' from command line to 'None'
[0.422s] Level 5:colcon.colcon_core.verb:set package 'python_package_that_uses_the_library' build argument 'catkin_cmake_args' from command line to 'None'
[0.422s] Level 5:colcon.colcon_core.verb:set package 'python_package_that_uses_the_library' build argument 'catkin_skip_building_tests' from command line to 'False'
[0.422s] DEBUG:colcon.colcon_core.verb:Building package 'python_package_that_uses_the_library' with the following arguments: {'ament_cmake_args': None, 'build_base': '/home/ribeiro/ros2_tutorial_workspace/build/python_package_that_uses_the_library', 'catkin_cmake_args': None, 'catkin_skip_building_tests': False, 'cmake_args': None, 'cmake_clean_cache': False, 'cmake_clean_first': False, 'cmake_force_configure': False, 'cmake_target': None, 'cmake_target_skip_unavailable': False, 'install_base': '/home/ribeiro/ros2_tutorial_workspace/install/python_package_that_uses_the_library', 'merge_install': False, 'path': '/home/ribeiro/ros2_tutorial_workspace/src/python_package_that_uses_the_library', 'symlink_install': True, 'test_result_base': None}
[0.422s] Level 5:colcon.colcon_core.verb:set package 'python_package_that_uses_the_messages' build argument 'cmake_args' from command line to 'None'
[0.422s] Level 5:colcon.colcon_core.verb:set package 'python_package_that_uses_the_messages' build argument 'cmake_target' from command line to 'None'
[0.422s] Level 5:colcon.colcon_core.verb:set package 'python_package_that_uses_the_messages' build argument 'cmake_target_skip_unavailable' from command line to 'False'
[0.422s] Level 5:colcon.colcon_core.verb:set package 'python_package_that_uses_the_messages' build argument 'cmake_clean_cache' from command line to 'False'
[0.422s] Level 5:colcon.colcon_core.verb:set package 'python_package_that_uses_the_messages' build argument 'cmake_clean_first' from command line to 'False'
[0.422s] Level 5:colcon.colcon_core.verb:set package 'python_package_that_uses_the_messages' build argument 'cmake_force_configure' from command line to 'False'
[0.422s] Level 5:colcon.colcon_core.verb:set package 'python_package_that_uses_the_messages' build argument 'ament_cmake_args' from command line to 'None'
[0.422s] Level 5:colcon.colcon_core.verb:set package 'python_package_that_uses_the_messages' build argument 'catkin_cmake_args' from command line to 'None'
[0.422s] Level 5:colcon.colcon_core.verb:set package 'python_package_that_uses_the_messages' build argument 'catkin_skip_building_tests' from command line to 'False'
[0.422s] DEBUG:colcon.colcon_core.verb:Building package 'python_package_that_uses_the_messages' with the following arguments: {'ament_cmake_args': None, 'build_base': '/home/ribeiro/ros2_tutorial_workspace/build/python_package_that_uses_the_messages', 'catkin_cmake_args': None, 'catkin_skip_building_tests': False, 'cmake_args': None, 'cmake_clean_cache': False, 'cmake_clean_first': False, 'cmake_force_configure': False, 'cmake_target': None, 'cmake_target_skip_unavailable': False, 'install_base': '/home/ribeiro/ros2_tutorial_workspace/install/python_package_that_uses_the_messages', 'merge_install': False, 'path': '/home/ribeiro/ros2_tutorial_workspace/src/python_package_that_uses_the_messages', 'symlink_install': True, 'test_result_base': None}
[0.423s] Level 5:colcon.colcon_core.verb:set package 'python_package_that_uses_the_services' build argument 'cmake_args' from command line to 'None'
[0.423s] Level 5:colcon.colcon_core.verb:set package 'python_package_that_uses_the_services' build argument 'cmake_target' from command line to 'None'
[0.423s] Level 5:colcon.colcon_core.verb:set package 'python_package_that_uses_the_services' build argument 'cmake_target_skip_unavailable' from command line to 'False'
[0.423s] Level 5:colcon.colcon_core.verb:set package 'python_package_that_uses_the_services' build argument 'cmake_clean_cache' from command line to 'False'
[0.423s] Level 5:colcon.colcon_core.verb:set package 'python_package_that_uses_the_services' build argument 'cmake_clean_first' from command line to 'False'
[0.423s] Level 5:colcon.colcon_core.verb:set package 'python_package_that_uses_the_services' build argument 'cmake_force_configure' from command line to 'False'
[0.423s] Level 5:colcon.colcon_core.verb:set package 'python_package_that_uses_the_services' build argument 'ament_cmake_args' from command line to 'None'
[0.423s] Level 5:colcon.colcon_core.verb:set package 'python_package_that_uses_the_services' build argument 'catkin_cmake_args' from command line to 'None'
[0.423s] Level 5:colcon.colcon_core.verb:set package 'python_package_that_uses_the_services' build argument 'catkin_skip_building_tests' from command line to 'False'
[0.423s] DEBUG:colcon.colcon_core.verb:Building package 'python_package_that_uses_the_services' with the following arguments: {'ament_cmake_args': None, 'build_base': '/home/ribeiro/ros2_tutorial_workspace/build/python_package_that_uses_the_services', 'catkin_cmake_args': None, 'catkin_skip_building_tests': False, 'cmake_args': None, 'cmake_clean_cache': False, 'cmake_clean_first': False, 'cmake_force_configure': False, 'cmake_target': None, 'cmake_target_skip_unavailable': False, 'install_base': '/home/ribeiro/ros2_tutorial_workspace/install/python_package_that_uses_the_services', 'merge_install': False, 'path': '/home/ribeiro/ros2_tutorial_workspace/src/python_package_that_uses_the_services', 'symlink_install': True, 'test_result_base': None}
[0.423s] INFO:colcon.colcon_core.executor:Executing jobs using 'parallel' executor
[0.424s] DEBUG:colcon.colcon_parallel_executor.executor.parallel:run_until_complete
[0.425s] INFO:colcon.colcon_ros.task.ament_cmake.build:Building ROS package in '/home/ribeiro/ros2_tutorial_workspace/src/package_with_interfaces' with build type 'ament_cmake'
[0.425s] INFO:colcon.colcon_cmake.task.cmake.build:Building CMake package in '/home/ribeiro/ros2_tutorial_workspace/src/package_with_interfaces'
[0.427s] INFO:colcon.colcon_core.plugin_system:Skipping extension 'colcon_core.shell.bat': Not used on non-Windows systems
[0.427s] INFO:colcon.colcon_core.shell:Skip shell extension 'powershell' for command environment: Not usable outside of PowerShell
[0.427s] DEBUG:colcon.colcon_core.shell:Skip shell extension 'dsv' for command environment
[0.430s] INFO:colcon.colcon_ros.task.ament_python.build:Building ROS package in '/home/ribeiro/ros2_tutorial_workspace/src/python_package_with_a_library' with build type 'ament_python'
[0.430s] Level 1:colcon.colcon_core.shell:create_environment_hook('python_package_with_a_library', 'ament_prefix_path')
[0.430s] INFO:colcon.colcon_core.shell:Creating environment hook '/home/ribeiro/ros2_tutorial_workspace/install/python_package_with_a_library/share/python_package_with_a_library/hook/ament_prefix_path.ps1'
[0.431s] INFO:colcon.colcon_core.shell:Creating environment descriptor '/home/ribeiro/ros2_tutorial_workspace/install/python_package_with_a_library/share/python_package_with_a_library/hook/ament_prefix_path.dsv'
[0.432s] INFO:colcon.colcon_core.shell:Creating environment hook '/home/ribeiro/ros2_tutorial_workspace/install/python_package_with_a_library/share/python_package_with_a_library/hook/ament_prefix_path.sh'
[0.432s] INFO:colcon.colcon_core.shell:Skip shell extension 'powershell' for command environment: Not usable outside of PowerShell
[0.432s] DEBUG:colcon.colcon_core.shell:Skip shell extension 'dsv' for command environment
[0.434s] INFO:colcon.colcon_ros.task.ament_cmake.build:Building ROS package in '/home/ribeiro/ros2_tutorial_workspace/src/articubot_one' with build type 'ament_cmake'
[0.435s] INFO:colcon.colcon_cmake.task.cmake.build:Building CMake package in '/home/ribeiro/ros2_tutorial_workspace/src/articubot_one'
[0.435s] INFO:colcon.colcon_core.shell:Skip shell extension 'powershell' for command environment: Not usable outside of PowerShell
[0.435s] DEBUG:colcon.colcon_core.shell:Skip shell extension 'dsv' for command environment
[0.438s] INFO:colcon.colcon_ros.task.ament_cmake.build:Building ROS package in '/home/ribeiro/ros2_tutorial_workspace/src/cpp_package_with_a_node' with build type 'ament_cmake'
[0.438s] INFO:colcon.colcon_cmake.task.cmake.build:Building CMake package in '/home/ribeiro/ros2_tutorial_workspace/src/cpp_package_with_a_node'
[0.439s] INFO:colcon.colcon_core.shell:Skip shell extension 'powershell' for command environment: Not usable outside of PowerShell
[0.439s] DEBUG:colcon.colcon_core.shell:Skip shell extension 'dsv' for command environment
[0.447s] DEBUG:colcon.colcon_core.event_handler.log_command:Invoking command in '/home/ribeiro/ros2_tutorial_workspace/build/package_with_interfaces': CMAKE_PREFIX_PATH=${CMAKE_PREFIX_PATH}:/home/ribeiro/ros2_tutorial_workspace/install/python_package_that_uses_the_library:/home/ribeiro/ros2_tutorial_workspace/install/python_package_with_a_library:/home/ribeiro/ros2_tutorial_workspace/install/python_package_that_uses_the_services:/home/ribeiro/ros2_tutorial_workspace/install/python_package_that_uses_the_messages:/home/ribeiro/ros2_tutorial_workspace/install/python_package_that_uses_parameters_and_launch_files:/opt/ros/humble /usr/bin/cmake --build /home/ribeiro/ros2_tutorial_workspace/build/package_with_interfaces -- -j12 -l12
[0.654s] INFO:colcon.colcon_core.task.python.build:Building Python package in '/home/ribeiro/ros2_tutorial_workspace/src/python_package_with_a_library'
[0.655s] INFO:colcon.colcon_core.shell:Skip shell extension 'powershell' for command environment: Not usable outside of PowerShell
[0.655s] DEBUG:colcon.colcon_core.shell:Skip shell extension 'dsv' for command environment
[0.662s] DEBUG:colcon.colcon_core.event_handler.log_command:Invoking command in '/home/ribeiro/ros2_tutorial_workspace/build/articubot_one': CMAKE_PREFIX_PATH=${CMAKE_PREFIX_PATH}:/home/ribeiro/ros2_tutorial_workspace/install/python_package_that_uses_the_library:/home/ribeiro/ros2_tutorial_workspace/install/python_package_with_a_library:/home/ribeiro/ros2_tutorial_workspace/install/python_package_that_uses_the_services:/home/ribeiro/ros2_tutorial_workspace/install/python_package_that_uses_the_messages:/home/ribeiro/ros2_tutorial_workspace/install/python_package_that_uses_parameters_and_launch_files:/opt/ros/humble /usr/bin/cmake --build /home/ribeiro/ros2_tutorial_workspace/build/articubot_one -- -j12 -l12
[0.671s] DEBUG:colcon.colcon_core.event_handler.log_command:Invoking command in '/home/ribeiro/ros2_tutorial_workspace/build/cpp_package_with_a_node': CMAKE_PREFIX_PATH=${CMAKE_PREFIX_PATH}:/home/ribeiro/ros2_tutorial_workspace/install/python_package_that_uses_the_library:/home/ribeiro/ros2_tutorial_workspace/install/python_package_with_a_library:/home/ribeiro/ros2_tutorial_workspace/install/python_package_that_uses_the_services:/home/ribeiro/ros2_tutorial_workspace/install/python_package_that_uses_the_messages:/home/ribeiro/ros2_tutorial_workspace/install/python_package_that_uses_parameters_and_launch_files:/opt/ros/humble /usr/bin/cmake --build /home/ribeiro/ros2_tutorial_workspace/build/cpp_package_with_a_node -- -j12 -l12
[0.691s] DEBUG:colcon.colcon_core.event_handler.log_command:Invoked command in '/home/ribeiro/ros2_tutorial_workspace/build/articubot_one' returned '0': CMAKE_PREFIX_PATH=${CMAKE_PREFIX_PATH}:/home/ribeiro/ros2_tutorial_workspace/install/python_package_that_uses_the_library:/home/ribeiro/ros2_tutorial_workspace/install/python_package_with_a_library:/home/ribeiro/ros2_tutorial_workspace/install/python_package_that_uses_the_services:/home/ribeiro/ros2_tutorial_workspace/install/python_package_that_uses_the_messages:/home/ribeiro/ros2_tutorial_workspace/install/python_package_that_uses_parameters_and_launch_files:/opt/ros/humble /usr/bin/cmake --build /home/ribeiro/ros2_tutorial_workspace/build/articubot_one -- -j12 -l12
[0.700s] DEBUG:colcon.colcon_core.event_handler.log_command:Invoking command in '/home/ribeiro/ros2_tutorial_workspace/build/articubot_one': CMAKE_PREFIX_PATH=${CMAKE_PREFIX_PATH}:/home/ribeiro/ros2_tutorial_workspace/install/python_package_that_uses_the_library:/home/ribeiro/ros2_tutorial_workspace/install/python_package_with_a_library:/home/ribeiro/ros2_tutorial_workspace/install/python_package_that_uses_the_services:/home/ribeiro/ros2_tutorial_workspace/install/python_package_that_uses_the_messages:/home/ribeiro/ros2_tutorial_workspace/install/python_package_that_uses_parameters_and_launch_files:/opt/ros/humble /usr/bin/cmake --install /home/ribeiro/ros2_tutorial_workspace/build/articubot_one
[0.722s] DEBUG:colcon.colcon_core.event_handler.log_command:Invoked command in '/home/ribeiro/ros2_tutorial_workspace/build/cpp_package_with_a_node' returned '0': CMAKE_PREFIX_PATH=${CMAKE_PREFIX_PATH}:/home/ribeiro/ros2_tutorial_workspace/install/python_package_that_uses_the_library:/home/ribeiro/ros2_tutorial_workspace/install/python_package_with_a_library:/home/ribeiro/ros2_tutorial_workspace/install/python_package_that_uses_the_services:/home/ribeiro/ros2_tutorial_workspace/install/python_package_that_uses_the_messages:/home/ribeiro/ros2_tutorial_workspace/install/python_package_that_uses_parameters_and_launch_files:/opt/ros/humble /usr/bin/cmake --build /home/ribeiro/ros2_tutorial_workspace/build/cpp_package_with_a_node -- -j12 -l12
[0.724s] DEBUG:colcon.colcon_core.event_handler.log_command:Invoking command in '/home/ribeiro/ros2_tutorial_workspace/build/cpp_package_with_a_node': CMAKE_PREFIX_PATH=${CMAKE_PREFIX_PATH}:/home/ribeiro/ros2_tutorial_workspace/install/python_package_that_uses_the_library:/home/ribeiro/ros2_tutorial_workspace/install/python_package_with_a_library:/home/ribeiro/ros2_tutorial_workspace/install/python_package_that_uses_the_services:/home/ribeiro/ros2_tutorial_workspace/install/python_package_that_uses_the_messages:/home/ribeiro/ros2_tutorial_workspace/install/python_package_that_uses_parameters_and_launch_files:/opt/ros/humble /usr/bin/cmake --install /home/ribeiro/ros2_tutorial_workspace/build/cpp_package_with_a_node
[0.726s] Level 1:colcon.colcon_core.environment:create_environment_scripts_only(articubot_one)
[0.728s] DEBUG:colcon.colcon_core.event_handler.log_command:Invoked command in '/home/ribeiro/ros2_tutorial_workspace/build/articubot_one' returned '0': CMAKE_PREFIX_PATH=${CMAKE_PREFIX_PATH}:/home/ribeiro/ros2_tutorial_workspace/install/python_package_that_uses_the_library:/home/ribeiro/ros2_tutorial_workspace/install/python_package_with_a_library:/home/ribeiro/ros2_tutorial_workspace/install/python_package_that_uses_the_services:/home/ribeiro/ros2_tutorial_workspace/install/python_package_that_uses_the_messages:/home/ribeiro/ros2_tutorial_workspace/install/python_package_that_uses_parameters_and_launch_files:/opt/ros/humble /usr/bin/cmake --install /home/ribeiro/ros2_tutorial_workspace/build/articubot_one
[0.732s] Level 1:colcon.colcon_core.environment:checking '/home/ribeiro/ros2_tutorial_workspace/install/articubot_one' for CMake module files
[0.734s] Level 1:colcon.colcon_core.environment:checking '/home/ribeiro/ros2_tutorial_workspace/install/articubot_one' for CMake config files
[0.734s] Level 1:colcon.colcon_core.shell:create_environment_hook('articubot_one', 'cmake_prefix_path')
[0.734s] INFO:colcon.colcon_core.shell:Creating environment hook '/home/ribeiro/ros2_tutorial_workspace/install/articubot_one/share/articubot_one/hook/cmake_prefix_path.ps1'
[0.735s] INFO:colcon.colcon_core.shell:Creating environment descriptor '/home/ribeiro/ros2_tutorial_workspace/install/articubot_one/share/articubot_one/hook/cmake_prefix_path.dsv'
[0.735s] INFO:colcon.colcon_core.shell:Creating environment hook '/home/ribeiro/ros2_tutorial_workspace/install/articubot_one/share/articubot_one/hook/cmake_prefix_path.sh'
[0.736s] Level 1:colcon.colcon_core.environment:checking '/home/ribeiro/ros2_tutorial_workspace/install/articubot_one/bin'
[0.736s] Level 1:colcon.colcon_core.environment:checking '/home/ribeiro/ros2_tutorial_workspace/install/articubot_one/lib/pkgconfig/articubot_one.pc'
[0.736s] Level 1:colcon.colcon_core.environment:checking '/home/ribeiro/ros2_tutorial_workspace/install/articubot_one/lib/python3.10/site-packages'
[0.737s] Level 1:colcon.colcon_core.environment:checking '/home/ribeiro/ros2_tutorial_workspace/install/articubot_one/bin'
[0.737s] INFO:colcon.colcon_core.shell:Creating package script '/home/ribeiro/ros2_tutorial_workspace/install/articubot_one/share/articubot_one/package.ps1'
[0.738s] INFO:colcon.colcon_core.shell:Creating package descriptor '/home/ribeiro/ros2_tutorial_workspace/install/articubot_one/share/articubot_one/package.dsv'
[0.739s] INFO:colcon.colcon_core.shell:Creating package script '/home/ribeiro/ros2_tutorial_workspace/install/articubot_one/share/articubot_one/package.sh'
[0.740s] INFO:colcon.colcon_core.shell:Creating package script '/home/ribeiro/ros2_tutorial_workspace/install/articubot_one/share/articubot_one/package.bash'
[0.741s] INFO:colcon.colcon_core.shell:Creating package script '/home/ribeiro/ros2_tutorial_workspace/install/articubot_one/share/articubot_one/package.zsh'
[0.742s] Level 1:colcon.colcon_core.environment:create_file_with_runtime_dependencies(/home/ribeiro/ros2_tutorial_workspace/install/articubot_one/share/colcon-core/packages/articubot_one)
[0.742s] Level 1:colcon.colcon_core.environment:create_environment_scripts_only(articubot_one)
[0.742s] Level 1:colcon.colcon_core.environment:checking '/home/ribeiro/ros2_tutorial_workspace/install/articubot_one' for CMake module files
[0.743s] Level 1:colcon.colcon_core.environment:checking '/home/ribeiro/ros2_tutorial_workspace/install/articubot_one' for CMake config files
[0.743s] Level 1:colcon.colcon_core.shell:create_environment_hook('articubot_one', 'cmake_prefix_path')
[0.743s] INFO:colcon.colcon_core.shell:Creating environment hook '/home/ribeiro/ros2_tutorial_workspace/install/articubot_one/share/articubot_one/hook/cmake_prefix_path.ps1'
[0.896s] INFO:colcon.colcon_core.shell:Creating environment descriptor '/home/ribeiro/ros2_tutorial_workspace/install/articubot_one/share/articubot_one/hook/cmake_prefix_path.dsv'
[0.897s] INFO:colcon.colcon_core.shell:Creating environment hook '/home/ribeiro/ros2_tutorial_workspace/install/articubot_one/share/articubot_one/hook/cmake_prefix_path.sh'
[0.897s] Level 1:colcon.colcon_core.environment:checking '/home/ribeiro/ros2_tutorial_workspace/install/articubot_one/bin'
[0.897s] Level 1:colcon.colcon_core.environment:checking '/home/ribeiro/ros2_tutorial_workspace/install/articubot_one/lib/pkgconfig/articubot_one.pc'
[0.898s] Level 1:colcon.colcon_core.environment:checking '/home/ribeiro/ros2_tutorial_workspace/install/articubot_one/lib/python3.10/site-packages'
[0.898s] Level 1:colcon.colcon_core.environment:checking '/home/ribeiro/ros2_tutorial_workspace/install/articubot_one/bin'
[0.898s] INFO:colcon.colcon_core.shell:Creating package script '/home/ribeiro/ros2_tutorial_workspace/install/articubot_one/share/articubot_one/package.ps1'
[0.898s] INFO:colcon.colcon_core.shell:Creating package descriptor '/home/ribeiro/ros2_tutorial_workspace/install/articubot_one/share/articubot_one/package.dsv'
[0.899s] INFO:colcon.colcon_core.shell:Creating package script '/home/ribeiro/ros2_tutorial_workspace/install/articubot_one/share/articubot_one/package.sh'
[0.899s] INFO:colcon.colcon_core.shell:Creating package script '/home/ribeiro/ros2_tutorial_workspace/install/articubot_one/share/articubot_one/package.bash'
[0.899s] INFO:colcon.colcon_core.shell:Creating package script '/home/ribeiro/ros2_tutorial_workspace/install/articubot_one/share/articubot_one/package.zsh'
[0.900s] Level 1:colcon.colcon_core.environment:create_file_with_runtime_dependencies(/home/ribeiro/ros2_tutorial_workspace/install/articubot_one/share/colcon-core/packages/articubot_one)
[0.901s] DEBUG:colcon.colcon_core.event_handler.log_command:Invoked command in '/home/ribeiro/ros2_tutorial_workspace/build/package_with_interfaces' returned '0': CMAKE_PREFIX_PATH=${CMAKE_PREFIX_PATH}:/home/ribeiro/ros2_tutorial_workspace/install/python_package_that_uses_the_library:/home/ribeiro/ros2_tutorial_workspace/install/python_package_with_a_library:/home/ribeiro/ros2_tutorial_workspace/install/python_package_that_uses_the_services:/home/ribeiro/ros2_tutorial_workspace/install/python_package_that_uses_the_messages:/home/ribeiro/ros2_tutorial_workspace/install/python_package_that_uses_parameters_and_launch_files:/opt/ros/humble /usr/bin/cmake --build /home/ribeiro/ros2_tutorial_workspace/build/package_with_interfaces -- -j12 -l12
[0.903s] DEBUG:colcon.colcon_core.event_handler.log_command:Invoking command in '/home/ribeiro/ros2_tutorial_workspace/build/package_with_interfaces': CMAKE_PREFIX_PATH=${CMAKE_PREFIX_PATH}:/home/ribeiro/ros2_tutorial_workspace/install/python_package_that_uses_the_library:/home/ribeiro/ros2_tutorial_workspace/install/python_package_with_a_library:/home/ribeiro/ros2_tutorial_workspace/install/python_package_that_uses_the_services:/home/ribeiro/ros2_tutorial_workspace/install/python_package_that_uses_the_messages:/home/ribeiro/ros2_tutorial_workspace/install/python_package_that_uses_parameters_and_launch_files:/opt/ros/humble /usr/bin/cmake --install /home/ribeiro/ros2_tutorial_workspace/build/package_with_interfaces
[0.904s] Level 1:colcon.colcon_core.environment:create_environment_scripts_only(cpp_package_with_a_node)
[0.904s] Level 1:colcon.colcon_core.environment:checking '/home/ribeiro/ros2_tutorial_workspace/install/cpp_package_with_a_node' for CMake module files
[0.905s] DEBUG:colcon.colcon_core.event_handler.log_command:Invoked command in '/home/ribeiro/ros2_tutorial_workspace/build/cpp_package_with_a_node' returned '0': CMAKE_PREFIX_PATH=${CMAKE_PREFIX_PATH}:/home/ribeiro/ros2_tutorial_workspace/install/python_package_that_uses_the_library:/home/ribeiro/ros2_tutorial_workspace/install/python_package_with_a_library:/home/ribeiro/ros2_tutorial_workspace/install/python_package_that_uses_the_services:/home/ribeiro/ros2_tutorial_workspace/install/python_package_that_uses_the_messages:/home/ribeiro/ros2_tutorial_workspace/install/python_package_that_uses_parameters_and_launch_files:/opt/ros/humble /usr/bin/cmake --install /home/ribeiro/ros2_tutorial_workspace/build/cpp_package_with_a_node
[0.906s] Level 1:colcon.colcon_core.environment:checking '/home/ribeiro/ros2_tutorial_workspace/install/cpp_package_with_a_node' for CMake config files
[0.906s] Level 1:colcon.colcon_core.shell:create_environment_hook('cpp_package_with_a_node', 'cmake_prefix_path')
[0.906s] INFO:colcon.colcon_core.shell:Creating environment hook '/home/ribeiro/ros2_tutorial_workspace/install/cpp_package_with_a_node/share/cpp_package_with_a_node/hook/cmake_prefix_path.ps1'
[0.907s] INFO:colcon.colcon_core.shell:Creating environment descriptor '/home/ribeiro/ros2_tutorial_workspace/install/cpp_package_with_a_node/share/cpp_package_with_a_node/hook/cmake_prefix_path.dsv'
[0.907s] INFO:colcon.colcon_core.shell:Creating environment hook '/home/ribeiro/ros2_tutorial_workspace/install/cpp_package_with_a_node/share/cpp_package_with_a_node/hook/cmake_prefix_path.sh'
[0.908s] Level 1:colcon.colcon_core.environment:checking '/home/ribeiro/ros2_tutorial_workspace/install/cpp_package_with_a_node/lib'
[0.908s] Level 1:colcon.colcon_core.environment:checking '/home/ribeiro/ros2_tutorial_workspace/install/cpp_package_with_a_node/bin'
[0.908s] Level 1:colcon.colcon_core.environment:checking '/home/ribeiro/ros2_tutorial_workspace/install/cpp_package_with_a_node/lib/pkgconfig/cpp_package_with_a_node.pc'
[0.908s] Level 1:colcon.colcon_core.environment:checking '/home/ribeiro/ros2_tutorial_workspace/install/cpp_package_with_a_node/lib/python3.10/site-packages'
[0.909s] Level 1:colcon.colcon_core.environment:checking '/home/ribeiro/ros2_tutorial_workspace/install/cpp_package_with_a_node/bin'
[0.909s] INFO:colcon.colcon_core.shell:Creating package script '/home/ribeiro/ros2_tutorial_workspace/install/cpp_package_with_a_node/share/cpp_package_with_a_node/package.ps1'
[0.910s] INFO:colcon.colcon_core.shell:Creating package descriptor '/home/ribeiro/ros2_tutorial_workspace/install/cpp_package_with_a_node/share/cpp_package_with_a_node/package.dsv'
[0.911s] INFO:colcon.colcon_core.shell:Creating package script '/home/ribeiro/ros2_tutorial_workspace/install/cpp_package_with_a_node/share/cpp_package_with_a_node/package.sh'
[0.913s] INFO:colcon.colcon_core.shell:Creating package script '/home/ribeiro/ros2_tutorial_workspace/install/cpp_package_with_a_node/share/cpp_package_with_a_node/package.bash'
[0.914s] INFO:colcon.colcon_core.shell:Creating package script '/home/ribeiro/ros2_tutorial_workspace/install/cpp_package_with_a_node/share/cpp_package_with_a_node/package.zsh'
[0.915s] Level 1:colcon.colcon_core.environment:create_file_with_runtime_dependencies(/home/ribeiro/ros2_tutorial_workspace/install/cpp_package_with_a_node/share/colcon-core/packages/cpp_package_with_a_node)
[0.916s] Level 1:colcon.colcon_core.environment:create_environment_scripts_only(cpp_package_with_a_node)
[0.916s] Level 1:colcon.colcon_core.environment:checking '/home/ribeiro/ros2_tutorial_workspace/install/cpp_package_with_a_node' for CMake module files
[0.919s] Level 1:colcon.colcon_core.environment:checking '/home/ribeiro/ros2_tutorial_workspace/install/cpp_package_with_a_node' for CMake config files
[0.920s] Level 1:colcon.colcon_core.shell:create_environment_hook('cpp_package_with_a_node', 'cmake_prefix_path')
[0.920s] INFO:colcon.colcon_core.shell:Creating environment hook '/home/ribeiro/ros2_tutorial_workspace/install/cpp_package_with_a_node/share/cpp_package_with_a_node/hook/cmake_prefix_path.ps1'
[1.099s] INFO:colcon.colcon_core.shell:Creating environment descriptor '/home/ribeiro/ros2_tutorial_workspace/install/cpp_package_with_a_node/share/cpp_package_with_a_node/hook/cmake_prefix_path.dsv'
[1.100s] INFO:colcon.colcon_core.shell:Creating environment hook '/home/ribeiro/ros2_tutorial_workspace/install/cpp_package_with_a_node/share/cpp_package_with_a_node/hook/cmake_prefix_path.sh'
[1.100s] Level 1:colcon.colcon_core.environment:checking '/home/ribeiro/ros2_tutorial_workspace/install/cpp_package_with_a_node/lib'
[1.100s] Level 1:colcon.colcon_core.environment:checking '/home/ribeiro/ros2_tutorial_workspace/install/cpp_package_with_a_node/bin'
[1.100s] Level 1:colcon.colcon_core.environment:checking '/home/ribeiro/ros2_tutorial_workspace/install/cpp_package_with_a_node/lib/pkgconfig/cpp_package_with_a_node.pc'
[1.101s] Level 1:colcon.colcon_core.environment:checking '/home/ribeiro/ros2_tutorial_workspace/install/cpp_package_with_a_node/lib/python3.10/site-packages'
[1.101s] Level 1:colcon.colcon_core.environment:checking '/home/ribeiro/ros2_tutorial_workspace/install/cpp_package_with_a_node/bin'
[1.101s] INFO:colcon.colcon_core.shell:Creating package script '/home/ribeiro/ros2_tutorial_workspace/install/cpp_package_with_a_node/share/cpp_package_with_a_node/package.ps1'
[1.101s] INFO:colcon.colcon_core.shell:Creating package descriptor '/home/ribeiro/ros2_tutorial_workspace/install/cpp_package_with_a_node/share/cpp_package_with_a_node/package.dsv'
[1.102s] INFO:colcon.colcon_core.shell:Creating package script '/home/ribeiro/ros2_tutorial_workspace/install/cpp_package_with_a_node/share/cpp_package_with_a_node/package.sh'
[1.102s] INFO:colcon.colcon_core.shell:Creating package script '/home/ribeiro/ros2_tutorial_workspace/install/cpp_package_with_a_node/share/cpp_package_with_a_node/package.bash'
[1.102s] INFO:colcon.colcon_core.shell:Creating package script '/home/ribeiro/ros2_tutorial_workspace/install/cpp_package_with_a_node/share/cpp_package_with_a_node/package.zsh'
[1.102s] Level 1:colcon.colcon_core.environment:create_file_with_runtime_dependencies(/home/ribeiro/ros2_tutorial_workspace/install/cpp_package_with_a_node/share/colcon-core/packages/cpp_package_with_a_node)
[1.104s] DEBUG:colcon.colcon_core.task.python.build:Available setuptools commands: build_py, clean, bdist, install, easy_install, dist_info, saveopts, build, upload_docs, install_egg_info, extract_messages, install_data, update_catalog, check, bdist_rpm, bdist_egg, egg_info, build_ext, build_scripts, bdist_dumb, init_catalog, upload, build_clib, setopt, install_headers, develop, rotate, register, sdist, symlink_data, compile_catalog, test, install_lib, alias, install_scripts
[1.105s] Level 1:colcon.colcon_core.environment:create_environment_scripts_only(package_with_interfaces)
[1.105s] Level 1:colcon.colcon_core.environment:checking '/home/ribeiro/ros2_tutorial_workspace/install/package_with_interfaces' for CMake module files
[1.105s] DEBUG:colcon.colcon_core.event_handler.log_command:Invoked command in '/home/ribeiro/ros2_tutorial_workspace/build/package_with_interfaces' returned '0': CMAKE_PREFIX_PATH=${CMAKE_PREFIX_PATH}:/home/ribeiro/ros2_tutorial_workspace/install/python_package_that_uses_the_library:/home/ribeiro/ros2_tutorial_workspace/install/python_package_with_a_library:/home/ribeiro/ros2_tutorial_workspace/install/python_package_that_uses_the_services:/home/ribeiro/ros2_tutorial_workspace/install/python_package_that_uses_the_messages:/home/ribeiro/ros2_tutorial_workspace/install/python_package_that_uses_parameters_and_launch_files:/opt/ros/humble /usr/bin/cmake --install /home/ribeiro/ros2_tutorial_workspace/build/package_with_interfaces
[1.106s] Level 1:colcon.colcon_core.environment:checking '/home/ribeiro/ros2_tutorial_workspace/install/package_with_interfaces' for CMake config files
[1.107s] Level 1:colcon.colcon_core.shell:create_environment_hook('package_with_interfaces', 'cmake_prefix_path')
[1.107s] INFO:colcon.colcon_core.shell:Creating environment hook '/home/ribeiro/ros2_tutorial_workspace/install/package_with_interfaces/share/package_with_interfaces/hook/cmake_prefix_path.ps1'
[1.108s] INFO:colcon.colcon_core.shell:Creating environment descriptor '/home/ribeiro/ros2_tutorial_workspace/install/package_with_interfaces/share/package_with_interfaces/hook/cmake_prefix_path.dsv'
[1.108s] INFO:colcon.colcon_core.shell:Creating environment hook '/home/ribeiro/ros2_tutorial_workspace/install/package_with_interfaces/share/package_with_interfaces/hook/cmake_prefix_path.sh'
[1.109s] Level 1:colcon.colcon_core.environment:checking '/home/ribeiro/ros2_tutorial_workspace/install/package_with_interfaces/lib'
[1.109s] Level 1:colcon.colcon_core.shell:create_environment_hook('package_with_interfaces', 'ld_library_path_lib')
[1.110s] INFO:colcon.colcon_core.shell:Creating environment hook '/home/ribeiro/ros2_tutorial_workspace/install/package_with_interfaces/share/package_with_interfaces/hook/ld_library_path_lib.ps1'
[1.110s] INFO:colcon.colcon_core.shell:Creating environment descriptor '/home/ribeiro/ros2_tutorial_workspace/install/package_with_interfaces/share/package_with_interfaces/hook/ld_library_path_lib.dsv'
[1.110s] INFO:colcon.colcon_core.shell:Creating environment hook '/home/ribeiro/ros2_tutorial_workspace/install/package_with_interfaces/share/package_with_interfaces/hook/ld_library_path_lib.sh'
[1.111s] Level 1:colcon.colcon_core.environment:checking '/home/ribeiro/ros2_tutorial_workspace/install/package_with_interfaces/bin'
[1.111s] Level 1:colcon.colcon_core.environment:checking '/home/ribeiro/ros2_tutorial_workspace/install/package_with_interfaces/lib/pkgconfig/package_with_interfaces.pc'
[1.111s] Level 1:colcon.colcon_core.environment:checking '/home/ribeiro/ros2_tutorial_workspace/install/package_with_interfaces/lib/python3.10/site-packages'
[1.112s] Level 1:colcon.colcon_core.environment:checking '/home/ribeiro/ros2_tutorial_workspace/install/package_with_interfaces/bin'
[1.112s] INFO:colcon.colcon_core.shell:Creating package script '/home/ribeiro/ros2_tutorial_workspace/install/package_with_interfaces/share/package_with_interfaces/package.ps1'
[1.113s] INFO:colcon.colcon_core.shell:Creating package descriptor '/home/ribeiro/ros2_tutorial_workspace/install/package_with_interfaces/share/package_with_interfaces/package.dsv'
[1.113s] INFO:colcon.colcon_core.shell:Creating package script '/home/ribeiro/ros2_tutorial_workspace/install/package_with_interfaces/share/package_with_interfaces/package.sh'
[1.113s] INFO:colcon.colcon_core.shell:Creating package script '/home/ribeiro/ros2_tutorial_workspace/install/package_with_interfaces/share/package_with_interfaces/package.bash'
[1.114s] INFO:colcon.colcon_core.shell:Creating package script '/home/ribeiro/ros2_tutorial_workspace/install/package_with_interfaces/share/package_with_interfaces/package.zsh'
[1.114s] Level 1:colcon.colcon_core.environment:create_file_with_runtime_dependencies(/home/ribeiro/ros2_tutorial_workspace/install/package_with_interfaces/share/colcon-core/packages/package_with_interfaces)
[1.115s] Level 1:colcon.colcon_core.environment:create_environment_scripts_only(package_with_interfaces)
[1.115s] Level 1:colcon.colcon_core.environment:checking '/home/ribeiro/ros2_tutorial_workspace/install/package_with_interfaces' for CMake module files
[1.115s] Level 1:colcon.colcon_core.environment:checking '/home/ribeiro/ros2_tutorial_workspace/install/package_with_interfaces' for CMake config files
[1.116s] Level 1:colcon.colcon_core.shell:create_environment_hook('package_with_interfaces', 'cmake_prefix_path')
[1.116s] INFO:colcon.colcon_core.shell:Creating environment hook '/home/ribeiro/ros2_tutorial_workspace/install/package_with_interfaces/share/package_with_interfaces/hook/cmake_prefix_path.ps1'
[1.117s] INFO:colcon.colcon_core.shell:Creating environment descriptor '/home/ribeiro/ros2_tutorial_workspace/install/package_with_interfaces/share/package_with_interfaces/hook/cmake_prefix_path.dsv'
[1.117s] INFO:colcon.colcon_core.shell:Creating environment hook '/home/ribeiro/ros2_tutorial_workspace/install/package_with_interfaces/share/package_with_interfaces/hook/cmake_prefix_path.sh'
[1.117s] Level 1:colcon.colcon_core.environment:checking '/home/ribeiro/ros2_tutorial_workspace/install/package_with_interfaces/lib'
[1.117s] Level 1:colcon.colcon_core.shell:create_environment_hook('package_with_interfaces', 'ld_library_path_lib')
[1.118s] INFO:colcon.colcon_core.shell:Creating environment hook '/home/ribeiro/ros2_tutorial_workspace/install/package_with_interfaces/share/package_with_interfaces/hook/ld_library_path_lib.ps1'
[1.118s] INFO:colcon.colcon_core.shell:Creating environment descriptor '/home/ribeiro/ros2_tutorial_workspace/install/package_with_interfaces/share/package_with_interfaces/hook/ld_library_path_lib.dsv'
[1.118s] INFO:colcon.colcon_core.shell:Creating environment hook '/home/ribeiro/ros2_tutorial_workspace/install/package_with_interfaces/share/package_with_interfaces/hook/ld_library_path_lib.sh'
[1.118s] Level 1:colcon.colcon_core.environment:checking '/home/ribeiro/ros2_tutorial_workspace/install/package_with_interfaces/bin'
[1.118s] Level 1:colcon.colcon_core.environment:checking '/home/ribeiro/ros2_tutorial_workspace/install/package_with_interfaces/lib/pkgconfig/package_with_interfaces.pc'
[1.119s] Level 1:colcon.colcon_core.environment:checking '/home/ribeiro/ros2_tutorial_workspace/install/package_with_interfaces/lib/python3.10/site-packages'
[1.119s] Level 1:colcon.colcon_core.environment:checking '/home/ribeiro/ros2_tutorial_workspace/install/package_with_interfaces/bin'
[1.119s] INFO:colcon.colcon_core.shell:Creating package script '/home/ribeiro/ros2_tutorial_workspace/install/package_with_interfaces/share/package_with_interfaces/package.ps1'
[1.120s] INFO:colcon.colcon_core.shell:Creating package descriptor '/home/ribeiro/ros2_tutorial_workspace/install/package_with_interfaces/share/package_with_interfaces/package.dsv'
[1.120s] INFO:colcon.colcon_core.shell:Creating package script '/home/ribeiro/ros2_tutorial_workspace/install/package_with_interfaces/share/package_with_interfaces/package.sh'
[1.121s] INFO:colcon.colcon_core.shell:Creating package script '/home/ribeiro/ros2_tutorial_workspace/install/package_with_interfaces/share/package_with_interfaces/package.bash'
[1.121s] INFO:colcon.colcon_core.shell:Creating package script '/home/ribeiro/ros2_tutorial_workspace/install/package_with_interfaces/share/package_with_interfaces/package.zsh'
[1.121s] Level 1:colcon.colcon_core.environment:create_file_with_runtime_dependencies(/home/ribeiro/ros2_tutorial_workspace/install/package_with_interfaces/share/colcon-core/packages/package_with_interfaces)
[1.314s] INFO:colcon.colcon_ros.task.ament_python.build:Building ROS package in '/home/ribeiro/ros2_tutorial_workspace/src/python_package_that_uses_parameters_and_launch_files' with build type 'ament_python'
[1.315s] Level 1:colcon.colcon_core.shell:create_environment_hook('python_package_that_uses_parameters_and_launch_files', 'ament_prefix_path')
[1.315s] INFO:colcon.colcon_core.shell:Creating environment hook '/home/ribeiro/ros2_tutorial_workspace/install/python_package_that_uses_parameters_and_launch_files/share/python_package_that_uses_parameters_and_launch_files/hook/ament_prefix_path.ps1'
[1.317s] INFO:colcon.colcon_core.shell:Creating environment descriptor '/home/ribeiro/ros2_tutorial_workspace/install/python_package_that_uses_parameters_and_launch_files/share/python_package_that_uses_parameters_and_launch_files/hook/ament_prefix_path.dsv'
[1.318s] INFO:colcon.colcon_core.shell:Creating environment hook '/home/ribeiro/ros2_tutorial_workspace/install/python_package_that_uses_parameters_and_launch_files/share/python_package_that_uses_parameters_and_launch_files/hook/ament_prefix_path.sh'
[1.319s] INFO:colcon.colcon_core.shell:Skip shell extension 'powershell' for command environment: Not usable outside of PowerShell
[1.319s] DEBUG:colcon.colcon_core.shell:Skip shell extension 'dsv' for command environment
[1.324s] INFO:colcon.colcon_ros.task.ament_python.build:Building ROS package in '/home/ribeiro/ros2_tutorial_workspace/src/python_package_that_uses_the_messages' with build type 'ament_python'
[1.325s] Level 1:colcon.colcon_core.shell:create_environment_hook('python_package_that_uses_the_messages', 'ament_prefix_path')
[1.326s] INFO:colcon.colcon_core.shell:Creating environment hook '/home/ribeiro/ros2_tutorial_workspace/install/python_package_that_uses_the_messages/share/python_package_that_uses_the_messages/hook/ament_prefix_path.ps1'
[1.328s] INFO:colcon.colcon_core.shell:Creating environment descriptor '/home/ribeiro/ros2_tutorial_workspace/install/python_package_that_uses_the_messages/share/python_package_that_uses_the_messages/hook/ament_prefix_path.dsv'
[1.328s] INFO:colcon.colcon_core.shell:Creating environment hook '/home/ribeiro/ros2_tutorial_workspace/install/python_package_that_uses_the_messages/share/python_package_that_uses_the_messages/hook/ament_prefix_path.sh'
[1.330s] INFO:colcon.colcon_core.shell:Skip shell extension 'powershell' for command environment: Not usable outside of PowerShell
[1.330s] DEBUG:colcon.colcon_core.shell:Skip shell extension 'dsv' for command environment
[1.333s] INFO:colcon.colcon_ros.task.ament_python.build:Building ROS package in '/home/ribeiro/ros2_tutorial_workspace/src/python_package_that_uses_the_services' with build type 'ament_python'
[1.333s] Level 1:colcon.colcon_core.shell:create_environment_hook('python_package_that_uses_the_services', 'ament_prefix_path')
[1.333s] INFO:colcon.colcon_core.shell:Creating environment hook '/home/ribeiro/ros2_tutorial_workspace/install/python_package_that_uses_the_services/share/python_package_that_uses_the_services/hook/ament_prefix_path.ps1'
[1.334s] INFO:colcon.colcon_core.shell:Creating environment descriptor '/home/ribeiro/ros2_tutorial_workspace/install/python_package_that_uses_the_services/share/python_package_that_uses_the_services/hook/ament_prefix_path.dsv'
[1.334s] INFO:colcon.colcon_core.shell:Creating environment hook '/home/ribeiro/ros2_tutorial_workspace/install/python_package_that_uses_the_services/share/python_package_that_uses_the_services/hook/ament_prefix_path.sh'
[1.335s] INFO:colcon.colcon_core.shell:Skip shell extension 'powershell' for command environment: Not usable outside of PowerShell
[1.335s] DEBUG:colcon.colcon_core.shell:Skip shell extension 'dsv' for command environment
[1.338s] DEBUG:colcon.colcon_core.task.python.build:Available setuptools 'develop' options: --optimize, --prefix, --egg-path, --quiet, --user, --index-url, --site-dirs, --find-links, --verbose, --no-deps, --always-unzip, --upgrade, --help, --force-installation-into-system-dir, --local-snapshots-ok, --version, --install-dir, --no-find-links, --install-layout, --no-user-cfg, --uninstall, --exclude-scripts, --build-directory, --dry-run, --zip-ok, --always-copy, --multi-version, --editable, --record, --allow-hosts, --script-dir
[1.340s] DEBUG:colcon.colcon_core.event_handler.log_command:Invoking command in '/home/ribeiro/ros2_tutorial_workspace/build/python_package_with_a_library': PYTHONPATH=/home/ribeiro/ros2_tutorial_workspace/build/python_package_with_a_library/prefix_override:/usr/lib/python3/dist-packages/colcon_core/task/python/colcon_distutils_commands:/home/ribeiro/ros2_tutorial_workspace/install/python_package_with_a_library/lib/python3.10/site-packages:${PYTHONPATH} /usr/bin/python3 -W ignore:setup.py install is deprecated -W ignore:easy_install command is deprecated setup.py develop --editable --build-directory /home/ribeiro/ros2_tutorial_workspace/build/python_package_with_a_library/build --no-deps symlink_data
[1.576s] INFO:colcon.colcon_core.task.python.build:Building Python package in '/home/ribeiro/ros2_tutorial_workspace/src/python_package_that_uses_parameters_and_launch_files'
[1.576s] INFO:colcon.colcon_core.shell:Skip shell extension 'powershell' for command environment: Not usable outside of PowerShell
[1.576s] DEBUG:colcon.colcon_core.shell:Skip shell extension 'dsv' for command environment
[1.743s] INFO:colcon.colcon_core.task.python.build:Building Python package in '/home/ribeiro/ros2_tutorial_workspace/src/python_package_that_uses_the_messages'
[1.743s] INFO:colcon.colcon_core.shell:Skip shell extension 'powershell' for command environment: Not usable outside of PowerShell
[1.744s] DEBUG:colcon.colcon_core.shell:Skip shell extension 'dsv' for command environment
[1.903s] INFO:colcon.colcon_core.task.python.build:Building Python package in '/home/ribeiro/ros2_tutorial_workspace/src/python_package_that_uses_the_services'
[1.903s] INFO:colcon.colcon_core.shell:Skip shell extension 'powershell' for command environment: Not usable outside of PowerShell
[1.903s] DEBUG:colcon.colcon_core.shell:Skip shell extension 'dsv' for command environment
[1.909s] Level 1:colcon.colcon_core.shell:create_environment_hook('python_package_with_a_library', 'pythonpath_develop')
[1.909s] INFO:colcon.colcon_core.shell:Creating environment hook '/home/ribeiro/ros2_tutorial_workspace/build/python_package_with_a_library/share/python_package_with_a_library/hook/pythonpath_develop.ps1'
[1.910s] DEBUG:colcon.colcon_core.event_handler.log_command:Invoked command in '/home/ribeiro/ros2_tutorial_workspace/build/python_package_with_a_library' returned '0': PYTHONPATH=/home/ribeiro/ros2_tutorial_workspace/build/python_package_with_a_library/prefix_override:/usr/lib/python3/dist-packages/colcon_core/task/python/colcon_distutils_commands:/home/ribeiro/ros2_tutorial_workspace/install/python_package_with_a_library/lib/python3.10/site-packages:${PYTHONPATH} /usr/bin/python3 -W ignore:setup.py install is deprecated -W ignore:easy_install command is deprecated setup.py develop --editable --build-directory /home/ribeiro/ros2_tutorial_workspace/build/python_package_with_a_library/build --no-deps symlink_data
[1.910s] INFO:colcon.colcon_core.shell:Creating environment descriptor '/home/ribeiro/ros2_tutorial_workspace/build/python_package_with_a_library/share/python_package_with_a_library/hook/pythonpath_develop.dsv'
[1.911s] INFO:colcon.colcon_core.shell:Creating environment hook '/home/ribeiro/ros2_tutorial_workspace/build/python_package_with_a_library/share/python_package_with_a_library/hook/pythonpath_develop.sh'
[1.911s] Level 1:colcon.colcon_core.environment:checking '/home/ribeiro/ros2_tutorial_workspace/install/python_package_with_a_library' for CMake module files
[1.911s] Level 1:colcon.colcon_core.environment:checking '/home/ribeiro/ros2_tutorial_workspace/install/python_package_with_a_library' for CMake config files
[1.912s] Level 1:colcon.colcon_core.environment:checking '/home/ribeiro/ros2_tutorial_workspace/install/python_package_with_a_library/lib'
[1.912s] Level 1:colcon.colcon_core.environment:checking '/home/ribeiro/ros2_tutorial_workspace/install/python_package_with_a_library/bin'
[1.912s] Level 1:colcon.colcon_core.environment:checking '/home/ribeiro/ros2_tutorial_workspace/install/python_package_with_a_library/lib/pkgconfig/python_package_with_a_library.pc'
[1.912s] Level 1:colcon.colcon_core.environment:checking '/home/ribeiro/ros2_tutorial_workspace/install/python_package_with_a_library/lib/python3.10/site-packages'
[1.912s] Level 1:colcon.colcon_core.shell:create_environment_hook('python_package_with_a_library', 'pythonpath')
[1.912s] INFO:colcon.colcon_core.shell:Creating environment hook '/home/ribeiro/ros2_tutorial_workspace/install/python_package_with_a_library/share/python_package_with_a_library/hook/pythonpath.ps1'
[1.913s] INFO:colcon.colcon_core.shell:Creating environment descriptor '/home/ribeiro/ros2_tutorial_workspace/install/python_package_with_a_library/share/python_package_with_a_library/hook/pythonpath.dsv'
[1.913s] INFO:colcon.colcon_core.shell:Creating environment hook '/home/ribeiro/ros2_tutorial_workspace/install/python_package_with_a_library/share/python_package_with_a_library/hook/pythonpath.sh'
[1.914s] Level 1:colcon.colcon_core.environment:checking '/home/ribeiro/ros2_tutorial_workspace/install/python_package_with_a_library/bin'
[1.914s] Level 1:colcon.colcon_core.environment:create_environment_scripts_only(python_package_with_a_library)
[1.914s] INFO:colcon.colcon_core.shell:Creating package script '/home/ribeiro/ros2_tutorial_workspace/install/python_package_with_a_library/share/python_package_with_a_library/package.ps1'
[1.915s] INFO:colcon.colcon_core.shell:Creating package descriptor '/home/ribeiro/ros2_tutorial_workspace/install/python_package_with_a_library/share/python_package_with_a_library/package.dsv'
[1.915s] INFO:colcon.colcon_core.shell:Creating package script '/home/ribeiro/ros2_tutorial_workspace/install/python_package_with_a_library/share/python_package_with_a_library/package.sh'
[1.915s] INFO:colcon.colcon_core.shell:Creating package script '/home/ribeiro/ros2_tutorial_workspace/install/python_package_with_a_library/share/python_package_with_a_library/package.bash'
[1.915s] INFO:colcon.colcon_core.shell:Creating package script '/home/ribeiro/ros2_tutorial_workspace/install/python_package_with_a_library/share/python_package_with_a_library/package.zsh'
[1.916s] Level 1:colcon.colcon_core.environment:create_file_with_runtime_dependencies(/home/ribeiro/ros2_tutorial_workspace/install/python_package_with_a_library/share/colcon-core/packages/python_package_with_a_library)
[1.916s] INFO:colcon.colcon_ros.task.ament_python.build:Building ROS package in '/home/ribeiro/ros2_tutorial_workspace/src/python_package_that_uses_the_library' with build type 'ament_python'
[1.917s] Level 1:colcon.colcon_core.shell:create_environment_hook('python_package_that_uses_the_library', 'ament_prefix_path')
[1.917s] INFO:colcon.colcon_core.shell:Creating environment hook '/home/ribeiro/ros2_tutorial_workspace/install/python_package_that_uses_the_library/share/python_package_that_uses_the_library/hook/ament_prefix_path.ps1'
[1.918s] INFO:colcon.colcon_core.shell:Creating environment descriptor '/home/ribeiro/ros2_tutorial_workspace/install/python_package_that_uses_the_library/share/python_package_that_uses_the_library/hook/ament_prefix_path.dsv'
[1.918s] INFO:colcon.colcon_core.shell:Creating environment hook '/home/ribeiro/ros2_tutorial_workspace/install/python_package_that_uses_the_library/share/python_package_that_uses_the_library/hook/ament_prefix_path.sh'
[1.919s] INFO:colcon.colcon_core.shell:Skip shell extension 'powershell' for command environment: Not usable outside of PowerShell
[1.919s] DEBUG:colcon.colcon_core.shell:Skip shell extension 'dsv' for command environment
[2.216s] INFO:colcon.colcon_core.task.python.build:Building Python package in '/home/ribeiro/ros2_tutorial_workspace/src/python_package_that_uses_the_library'
[2.216s] INFO:colcon.colcon_core.shell:Skip shell extension 'powershell' for command environment: Not usable outside of PowerShell
[2.216s] DEBUG:colcon.colcon_core.shell:Skip shell extension 'dsv' for command environment
[2.219s] DEBUG:colcon.colcon_core.task.python.build:Available setuptools commands: build_py, clean, bdist, install, easy_install, dist_info, saveopts, build, upload_docs, install_egg_info, extract_messages, install_data, update_catalog, check, bdist_rpm, bdist_egg, egg_info, build_ext, build_scripts, bdist_dumb, init_catalog, upload, build_clib, setopt, install_headers, develop, rotate, register, sdist, symlink_data, compile_catalog, test, install_lib, alias, install_scripts
[2.219s] DEBUG:colcon.colcon_core.task.python.build:Available setuptools commands: build_py, clean, bdist, install, easy_install, dist_info, saveopts, build, upload_docs, install_egg_info, extract_messages, install_data, update_catalog, check, bdist_rpm, bdist_egg, egg_info, build_ext, build_scripts, bdist_dumb, init_catalog, upload, build_clib, setopt, install_headers, develop, rotate, register, sdist, symlink_data, compile_catalog, test, install_lib, alias, install_scripts
[2.251s] DEBUG:colcon.colcon_core.task.python.build:Available setuptools commands: build_py, clean, bdist, install, easy_install, dist_info, saveopts, build, upload_docs, install_egg_info, extract_messages, install_data, update_catalog, check, bdist_rpm, bdist_egg, egg_info, build_ext, build_scripts, bdist_dumb, init_catalog, upload, build_clib, setopt, install_headers, develop, rotate, register, sdist, symlink_data, compile_catalog, test, install_lib, alias, install_scripts
[2.444s] DEBUG:colcon.colcon_core.task.python.build:Available setuptools 'develop' options: --optimize, --prefix, --egg-path, --quiet, --user, --index-url, --site-dirs, --find-links, --verbose, --no-deps, --always-unzip, --upgrade, --help, --force-installation-into-system-dir, --local-snapshots-ok, --version, --install-dir, --no-find-links, --install-layout, --no-user-cfg, --uninstall, --exclude-scripts, --build-directory, --dry-run, --zip-ok, --always-copy, --multi-version, --editable, --record, --allow-hosts, --script-dir
[2.446s] DEBUG:colcon.colcon_core.event_handler.log_command:Invoking command in '/home/ribeiro/ros2_tutorial_workspace/build/python_package_that_uses_parameters_and_launch_files': PYTHONPATH=/home/ribeiro/ros2_tutorial_workspace/build/python_package_that_uses_parameters_and_launch_files/prefix_override:/usr/lib/python3/dist-packages/colcon_core/task/python/colcon_distutils_commands:/home/ribeiro/ros2_tutorial_workspace/install/python_package_that_uses_parameters_and_launch_files/lib/python3.10/site-packages:${PYTHONPATH} /usr/bin/python3 -W ignore:setup.py install is deprecated -W ignore:easy_install command is deprecated setup.py develop --editable --build-directory /home/ribeiro/ros2_tutorial_workspace/build/python_package_that_uses_parameters_and_launch_files/build --no-deps symlink_data
[2.451s] DEBUG:colcon.colcon_core.task.python.build:Available setuptools 'develop' options: --optimize, --prefix, --egg-path, --quiet, --user, --index-url, --site-dirs, --find-links, --verbose, --no-deps, --always-unzip, --upgrade, --help, --force-installation-into-system-dir, --local-snapshots-ok, --version, --install-dir, --no-find-links, --install-layout, --no-user-cfg, --uninstall, --exclude-scripts, --build-directory, --dry-run, --zip-ok, --always-copy, --multi-version, --editable, --record, --allow-hosts, --script-dir
[2.453s] DEBUG:colcon.colcon_core.event_handler.log_command:Invoking command in '/home/ribeiro/ros2_tutorial_workspace/build/python_package_that_uses_the_messages': PYTHONPATH=/home/ribeiro/ros2_tutorial_workspace/build/python_package_that_uses_the_messages/prefix_override:/usr/lib/python3/dist-packages/colcon_core/task/python/colcon_distutils_commands:/home/ribeiro/ros2_tutorial_workspace/install/python_package_that_uses_the_messages/lib/python3.10/site-packages:${PYTHONPATH} /usr/bin/python3 -W ignore:setup.py install is deprecated -W ignore:easy_install command is deprecated setup.py develop --editable --build-directory /home/ribeiro/ros2_tutorial_workspace/build/python_package_that_uses_the_messages/build --no-deps symlink_data
[2.478s] DEBUG:colcon.colcon_core.task.python.build:Available setuptools 'develop' options: --optimize, --prefix, --egg-path, --quiet, --user, --index-url, --site-dirs, --find-links, --verbose, --no-deps, --always-unzip, --upgrade, --help, --force-installation-into-system-dir, --local-snapshots-ok, --version, --install-dir, --no-find-links, --install-layout, --no-user-cfg, --uninstall, --exclude-scripts, --build-directory, --dry-run, --zip-ok, --always-copy, --multi-version, --editable, --record, --allow-hosts, --script-dir
[2.480s] DEBUG:colcon.colcon_core.event_handler.log_command:Invoking command in '/home/ribeiro/ros2_tutorial_workspace/build/python_package_that_uses_the_services': PYTHONPATH=/home/ribeiro/ros2_tutorial_workspace/build/python_package_that_uses_the_services/prefix_override:/usr/lib/python3/dist-packages/colcon_core/task/python/colcon_distutils_commands:/home/ribeiro/ros2_tutorial_workspace/install/python_package_that_uses_the_services/lib/python3.10/site-packages:${PYTHONPATH} /usr/bin/python3 -W ignore:setup.py install is deprecated -W ignore:easy_install command is deprecated setup.py develop --editable --build-directory /home/ribeiro/ros2_tutorial_workspace/build/python_package_that_uses_the_services/build --no-deps symlink_data
[2.581s] DEBUG:colcon.colcon_core.task.python.build:Available setuptools commands: build_py, clean, bdist, install, easy_install, dist_info, saveopts, build, upload_docs, install_egg_info, extract_messages, install_data, update_catalog, check, bdist_rpm, bdist_egg, egg_info, build_ext, build_scripts, bdist_dumb, init_catalog, upload, build_clib, setopt, install_headers, develop, rotate, register, sdist, symlink_data, compile_catalog, test, install_lib, alias, install_scripts
[2.809s] DEBUG:colcon.colcon_core.task.python.build:Available setuptools 'develop' options: --optimize, --prefix, --egg-path, --quiet, --user, --index-url, --site-dirs, --find-links, --verbose, --no-deps, --always-unzip, --upgrade, --help, --force-installation-into-system-dir, --local-snapshots-ok, --version, --install-dir, --no-find-links, --install-layout, --no-user-cfg, --uninstall, --exclude-scripts, --build-directory, --dry-run, --zip-ok, --always-copy, --multi-version, --editable, --record, --allow-hosts, --script-dir
[2.812s] DEBUG:colcon.colcon_core.event_handler.log_command:Invoking command in '/home/ribeiro/ros2_tutorial_workspace/build/python_package_that_uses_the_library': AMENT_PREFIX_PATH=/home/ribeiro/ros2_tutorial_workspace/install/python_package_with_a_library:/home/ribeiro/ros2_tutorial_workspace/install/python_package_that_uses_the_library:/home/ribeiro/ros2_tutorial_workspace/install/python_package_that_uses_the_services:/home/ribeiro/ros2_tutorial_workspace/install/python_package_that_uses_the_messages:/home/ribeiro/ros2_tutorial_workspace/install/python_package_that_uses_parameters_and_launch_files:/home/ribeiro/ros2_tutorial_workspace/install/package_with_interfaces:/home/ribeiro/ros2_tutorial_workspace/install/cpp_package_with_a_node:/home/ribeiro/ros2_tutorial_workspace/install/articubot_one:/opt/ros/humble PYTHONPATH=/home/ribeiro/ros2_tutorial_workspace/build/python_package_that_uses_the_library/prefix_override:/usr/lib/python3/dist-packages/colcon_core/task/python/colcon_distutils_commands:/home/ribeiro/ros2_tutorial_workspace/install/python_package_that_uses_the_library/lib/python3.10/site-packages:/home/ribeiro/ros2_tutorial_workspace/build/python_package_with_a_library:/home/ribeiro/ros2_tutorial_workspace/install/python_package_with_a_library/lib/python3.10/site-packages:/home/ribeiro/ros2_tutorial_workspace/build/python_package_that_uses_the_library:/home/ribeiro/ros2_tutorial_workspace/install/python_package_that_uses_the_library/lib/python3.10/site-packages:/home/ribeiro/ros2_tutorial_workspace/build/python_package_that_uses_the_services:/home/ribeiro/ros2_tutorial_workspace/install/python_package_that_uses_the_services/lib/python3.10/site-packages:/home/ribeiro/ros2_tutorial_workspace/build/python_package_that_uses_the_messages:/home/ribeiro/ros2_tutorial_workspace/install/python_package_that_uses_the_messages/lib/python3.10/site-packages:/home/ribeiro/ros2_tutorial_workspace/build/python_package_that_uses_parameters_and_launch_files:/home/ribeiro/ros2_tutorial_workspace/install/python_package_that_uses_parameters_and_launch_files/lib/python3.10/site-packages:/home/ribeiro/ros2_tutorial_workspace/install/package_with_interfaces/local/lib/python3.10/dist-packages:/opt/ros/humble/lib/python3.10/site-packages:/opt/ros/humble/local/lib/python3.10/dist-packages /usr/bin/python3 -W ignore:setup.py install is deprecated -W ignore:easy_install command is deprecated setup.py develop --editable --build-directory /home/ribeiro/ros2_tutorial_workspace/build/python_package_that_uses_the_library/build --no-deps symlink_data
[2.815s] Level 1:colcon.colcon_core.shell:create_environment_hook('python_package_that_uses_parameters_and_launch_files', 'pythonpath_develop')
[2.816s] INFO:colcon.colcon_core.shell:Creating environment hook '/home/ribeiro/ros2_tutorial_workspace/build/python_package_that_uses_parameters_and_launch_files/share/python_package_that_uses_parameters_and_launch_files/hook/pythonpath_develop.ps1'
[2.816s] DEBUG:colcon.colcon_core.event_handler.log_command:Invoked command in '/home/ribeiro/ros2_tutorial_workspace/build/python_package_that_uses_parameters_and_launch_files' returned '0': PYTHONPATH=/home/ribeiro/ros2_tutorial_workspace/build/python_package_that_uses_parameters_and_launch_files/prefix_override:/usr/lib/python3/dist-packages/colcon_core/task/python/colcon_distutils_commands:/home/ribeiro/ros2_tutorial_workspace/install/python_package_that_uses_parameters_and_launch_files/lib/python3.10/site-packages:${PYTHONPATH} /usr/bin/python3 -W ignore:setup.py install is deprecated -W ignore:easy_install command is deprecated setup.py develop --editable --build-directory /home/ribeiro/ros2_tutorial_workspace/build/python_package_that_uses_parameters_and_launch_files/build --no-deps symlink_data
[2.817s] INFO:colcon.colcon_core.shell:Creating environment descriptor '/home/ribeiro/ros2_tutorial_workspace/build/python_package_that_uses_parameters_and_launch_files/share/python_package_that_uses_parameters_and_launch_files/hook/pythonpath_develop.dsv'
[2.817s] INFO:colcon.colcon_core.shell:Creating environment hook '/home/ribeiro/ros2_tutorial_workspace/build/python_package_that_uses_parameters_and_launch_files/share/python_package_that_uses_parameters_and_launch_files/hook/pythonpath_develop.sh'
[2.818s] Level 1:colcon.colcon_core.environment:checking '/home/ribeiro/ros2_tutorial_workspace/install/python_package_that_uses_parameters_and_launch_files' for CMake module files
[2.819s] Level 1:colcon.colcon_core.environment:checking '/home/ribeiro/ros2_tutorial_workspace/install/python_package_that_uses_parameters_and_launch_files' for CMake config files
[2.819s] Level 1:colcon.colcon_core.environment:checking '/home/ribeiro/ros2_tutorial_workspace/install/python_package_that_uses_parameters_and_launch_files/lib'
[2.819s] Level 1:colcon.colcon_core.environment:checking '/home/ribeiro/ros2_tutorial_workspace/install/python_package_that_uses_parameters_and_launch_files/bin'
[2.819s] Level 1:colcon.colcon_core.environment:checking '/home/ribeiro/ros2_tutorial_workspace/install/python_package_that_uses_parameters_and_launch_files/lib/pkgconfig/python_package_that_uses_parameters_and_launch_files.pc'
[2.819s] Level 1:colcon.colcon_core.environment:checking '/home/ribeiro/ros2_tutorial_workspace/install/python_package_that_uses_parameters_and_launch_files/lib/python3.10/site-packages'
[2.819s] Level 1:colcon.colcon_core.shell:create_environment_hook('python_package_that_uses_parameters_and_launch_files', 'pythonpath')
[2.820s] INFO:colcon.colcon_core.shell:Creating environment hook '/home/ribeiro/ros2_tutorial_workspace/install/python_package_that_uses_parameters_and_launch_files/share/python_package_that_uses_parameters_and_launch_files/hook/pythonpath.ps1'
[2.820s] INFO:colcon.colcon_core.shell:Creating environment descriptor '/home/ribeiro/ros2_tutorial_workspace/install/python_package_that_uses_parameters_and_launch_files/share/python_package_that_uses_parameters_and_launch_files/hook/pythonpath.dsv'
[2.820s] INFO:colcon.colcon_core.shell:Creating environment hook '/home/ribeiro/ros2_tutorial_workspace/install/python_package_that_uses_parameters_and_launch_files/share/python_package_that_uses_parameters_and_launch_files/hook/pythonpath.sh'
[2.821s] Level 1:colcon.colcon_core.environment:checking '/home/ribeiro/ros2_tutorial_workspace/install/python_package_that_uses_parameters_and_launch_files/bin'
[2.821s] Level 1:colcon.colcon_core.environment:create_environment_scripts_only(python_package_that_uses_parameters_and_launch_files)
[2.821s] INFO:colcon.colcon_core.shell:Creating package script '/home/ribeiro/ros2_tutorial_workspace/install/python_package_that_uses_parameters_and_launch_files/share/python_package_that_uses_parameters_and_launch_files/package.ps1'
[2.822s] INFO:colcon.colcon_core.shell:Creating package descriptor '/home/ribeiro/ros2_tutorial_workspace/install/python_package_that_uses_parameters_and_launch_files/share/python_package_that_uses_parameters_and_launch_files/package.dsv'
[2.822s] INFO:colcon.colcon_core.shell:Creating package script '/home/ribeiro/ros2_tutorial_workspace/install/python_package_that_uses_parameters_and_launch_files/share/python_package_that_uses_parameters_and_launch_files/package.sh'
[2.823s] INFO:colcon.colcon_core.shell:Creating package script '/home/ribeiro/ros2_tutorial_workspace/install/python_package_that_uses_parameters_and_launch_files/share/python_package_that_uses_parameters_and_launch_files/package.bash'
[2.823s] INFO:colcon.colcon_core.shell:Creating package script '/home/ribeiro/ros2_tutorial_workspace/install/python_package_that_uses_parameters_and_launch_files/share/python_package_that_uses_parameters_and_launch_files/package.zsh'
[2.823s] Level 1:colcon.colcon_core.environment:create_file_with_runtime_dependencies(/home/ribeiro/ros2_tutorial_workspace/install/python_package_that_uses_parameters_and_launch_files/share/colcon-core/packages/python_package_that_uses_parameters_and_launch_files)
[2.825s] Level 1:colcon.colcon_core.shell:create_environment_hook('python_package_that_uses_the_messages', 'pythonpath_develop')
[2.825s] INFO:colcon.colcon_core.shell:Creating environment hook '/home/ribeiro/ros2_tutorial_workspace/build/python_package_that_uses_the_messages/share/python_package_that_uses_the_messages/hook/pythonpath_develop.ps1'
[2.826s] INFO:colcon.colcon_core.shell:Creating environment descriptor '/home/ribeiro/ros2_tutorial_workspace/build/python_package_that_uses_the_messages/share/python_package_that_uses_the_messages/hook/pythonpath_develop.dsv'
[2.827s] DEBUG:colcon.colcon_core.event_handler.log_command:Invoked command in '/home/ribeiro/ros2_tutorial_workspace/build/python_package_that_uses_the_messages' returned '0': PYTHONPATH=/home/ribeiro/ros2_tutorial_workspace/build/python_package_that_uses_the_messages/prefix_override:/usr/lib/python3/dist-packages/colcon_core/task/python/colcon_distutils_commands:/home/ribeiro/ros2_tutorial_workspace/install/python_package_that_uses_the_messages/lib/python3.10/site-packages:${PYTHONPATH} /usr/bin/python3 -W ignore:setup.py install is deprecated -W ignore:easy_install command is deprecated setup.py develop --editable --build-directory /home/ribeiro/ros2_tutorial_workspace/build/python_package_that_uses_the_messages/build --no-deps symlink_data
[2.827s] INFO:colcon.colcon_core.shell:Creating environment hook '/home/ribeiro/ros2_tutorial_workspace/build/python_package_that_uses_the_messages/share/python_package_that_uses_the_messages/hook/pythonpath_develop.sh'
[2.828s] Level 1:colcon.colcon_core.environment:checking '/home/ribeiro/ros2_tutorial_workspace/install/python_package_that_uses_the_messages' for CMake module files
[2.828s] Level 1:colcon.colcon_core.environment:checking '/home/ribeiro/ros2_tutorial_workspace/install/python_package_that_uses_the_messages' for CMake config files
[2.828s] Level 1:colcon.colcon_core.environment:checking '/home/ribeiro/ros2_tutorial_workspace/install/python_package_that_uses_the_messages/lib'
[2.828s] Level 1:colcon.colcon_core.environment:checking '/home/ribeiro/ros2_tutorial_workspace/install/python_package_that_uses_the_messages/bin'
[2.828s] Level 1:colcon.colcon_core.environment:checking '/home/ribeiro/ros2_tutorial_workspace/install/python_package_that_uses_the_messages/lib/pkgconfig/python_package_that_uses_the_messages.pc'
[2.828s] Level 1:colcon.colcon_core.environment:checking '/home/ribeiro/ros2_tutorial_workspace/install/python_package_that_uses_the_messages/lib/python3.10/site-packages'
[2.829s] Level 1:colcon.colcon_core.shell:create_environment_hook('python_package_that_uses_the_messages', 'pythonpath')
[2.829s] INFO:colcon.colcon_core.shell:Creating environment hook '/home/ribeiro/ros2_tutorial_workspace/install/python_package_that_uses_the_messages/share/python_package_that_uses_the_messages/hook/pythonpath.ps1'
[2.829s] INFO:colcon.colcon_core.shell:Creating environment descriptor '/home/ribeiro/ros2_tutorial_workspace/install/python_package_that_uses_the_messages/share/python_package_that_uses_the_messages/hook/pythonpath.dsv'
[2.830s] INFO:colcon.colcon_core.shell:Creating environment hook '/home/ribeiro/ros2_tutorial_workspace/install/python_package_that_uses_the_messages/share/python_package_that_uses_the_messages/hook/pythonpath.sh'
[2.830s] Level 1:colcon.colcon_core.environment:checking '/home/ribeiro/ros2_tutorial_workspace/install/python_package_that_uses_the_messages/bin'
[2.830s] Level 1:colcon.colcon_core.environment:create_environment_scripts_only(python_package_that_uses_the_messages)
[2.831s] INFO:colcon.colcon_core.shell:Creating package script '/home/ribeiro/ros2_tutorial_workspace/install/python_package_that_uses_the_messages/share/python_package_that_uses_the_messages/package.ps1'
[2.831s] INFO:colcon.colcon_core.shell:Creating package descriptor '/home/ribeiro/ros2_tutorial_workspace/install/python_package_that_uses_the_messages/share/python_package_that_uses_the_messages/package.dsv'
[2.832s] INFO:colcon.colcon_core.shell:Creating package script '/home/ribeiro/ros2_tutorial_workspace/install/python_package_that_uses_the_messages/share/python_package_that_uses_the_messages/package.sh'
[2.832s] INFO:colcon.colcon_core.shell:Creating package script '/home/ribeiro/ros2_tutorial_workspace/install/python_package_that_uses_the_messages/share/python_package_that_uses_the_messages/package.bash'
[2.832s] INFO:colcon.colcon_core.shell:Creating package script '/home/ribeiro/ros2_tutorial_workspace/install/python_package_that_uses_the_messages/share/python_package_that_uses_the_messages/package.zsh'
[2.832s] Level 1:colcon.colcon_core.environment:create_file_with_runtime_dependencies(/home/ribeiro/ros2_tutorial_workspace/install/python_package_that_uses_the_messages/share/colcon-core/packages/python_package_that_uses_the_messages)
[2.834s] Level 1:colcon.colcon_core.shell:create_environment_hook('python_package_that_uses_the_services', 'pythonpath_develop')
[2.834s] INFO:colcon.colcon_core.shell:Creating environment hook '/home/ribeiro/ros2_tutorial_workspace/build/python_package_that_uses_the_services/share/python_package_that_uses_the_services/hook/pythonpath_develop.ps1'
[2.834s] DEBUG:colcon.colcon_core.event_handler.log_command:Invoked command in '/home/ribeiro/ros2_tutorial_workspace/build/python_package_that_uses_the_services' returned '0': PYTHONPATH=/home/ribeiro/ros2_tutorial_workspace/build/python_package_that_uses_the_services/prefix_override:/usr/lib/python3/dist-packages/colcon_core/task/python/colcon_distutils_commands:/home/ribeiro/ros2_tutorial_workspace/install/python_package_that_uses_the_services/lib/python3.10/site-packages:${PYTHONPATH} /usr/bin/python3 -W ignore:setup.py install is deprecated -W ignore:easy_install command is deprecated setup.py develop --editable --build-directory /home/ribeiro/ros2_tutorial_workspace/build/python_package_that_uses_the_services/build --no-deps symlink_data
[2.835s] INFO:colcon.colcon_core.shell:Creating environment descriptor '/home/ribeiro/ros2_tutorial_workspace/build/python_package_that_uses_the_services/share/python_package_that_uses_the_services/hook/pythonpath_develop.dsv'
[2.835s] INFO:colcon.colcon_core.shell:Creating environment hook '/home/ribeiro/ros2_tutorial_workspace/build/python_package_that_uses_the_services/share/python_package_that_uses_the_services/hook/pythonpath_develop.sh'
[2.835s] Level 1:colcon.colcon_core.environment:checking '/home/ribeiro/ros2_tutorial_workspace/install/python_package_that_uses_the_services' for CMake module files
[2.836s] Level 1:colcon.colcon_core.environment:checking '/home/ribeiro/ros2_tutorial_workspace/install/python_package_that_uses_the_services' for CMake config files
[2.836s] Level 1:colcon.colcon_core.environment:checking '/home/ribeiro/ros2_tutorial_workspace/install/python_package_that_uses_the_services/lib'
[2.836s] Level 1:colcon.colcon_core.environment:checking '/home/ribeiro/ros2_tutorial_workspace/install/python_package_that_uses_the_services/bin'
[2.836s] Level 1:colcon.colcon_core.environment:checking '/home/ribeiro/ros2_tutorial_workspace/install/python_package_that_uses_the_services/lib/pkgconfig/python_package_that_uses_the_services.pc'
[2.836s] Level 1:colcon.colcon_core.environment:checking '/home/ribeiro/ros2_tutorial_workspace/install/python_package_that_uses_the_services/lib/python3.10/site-packages'
[2.836s] Level 1:colcon.colcon_core.shell:create_environment_hook('python_package_that_uses_the_services', 'pythonpath')
[2.836s] INFO:colcon.colcon_core.shell:Creating environment hook '/home/ribeiro/ros2_tutorial_workspace/install/python_package_that_uses_the_services/share/python_package_that_uses_the_services/hook/pythonpath.ps1'
[2.837s] INFO:colcon.colcon_core.shell:Creating environment descriptor '/home/ribeiro/ros2_tutorial_workspace/install/python_package_that_uses_the_services/share/python_package_that_uses_the_services/hook/pythonpath.dsv'
[2.837s] INFO:colcon.colcon_core.shell:Creating environment hook '/home/ribeiro/ros2_tutorial_workspace/install/python_package_that_uses_the_services/share/python_package_that_uses_the_services/hook/pythonpath.sh'
[2.837s] Level 1:colcon.colcon_core.environment:checking '/home/ribeiro/ros2_tutorial_workspace/install/python_package_that_uses_the_services/bin'
[2.837s] Level 1:colcon.colcon_core.environment:create_environment_scripts_only(python_package_that_uses_the_services)
[2.838s] INFO:colcon.colcon_core.shell:Creating package script '/home/ribeiro/ros2_tutorial_workspace/install/python_package_that_uses_the_services/share/python_package_that_uses_the_services/package.ps1'
[2.838s] INFO:colcon.colcon_core.shell:Creating package descriptor '/home/ribeiro/ros2_tutorial_workspace/install/python_package_that_uses_the_services/share/python_package_that_uses_the_services/package.dsv'
[2.838s] INFO:colcon.colcon_core.shell:Creating package script '/home/ribeiro/ros2_tutorial_workspace/install/python_package_that_uses_the_services/share/python_package_that_uses_the_services/package.sh'
[2.839s] INFO:colcon.colcon_core.shell:Creating package script '/home/ribeiro/ros2_tutorial_workspace/install/python_package_that_uses_the_services/share/python_package_that_uses_the_services/package.bash'
[2.839s] INFO:colcon.colcon_core.shell:Creating package script '/home/ribeiro/ros2_tutorial_workspace/install/python_package_that_uses_the_services/share/python_package_that_uses_the_services/package.zsh'
[2.839s] Level 1:colcon.colcon_core.environment:create_file_with_runtime_dependencies(/home/ribeiro/ros2_tutorial_workspace/install/python_package_that_uses_the_services/share/colcon-core/packages/python_package_that_uses_the_services)
[3.120s] Level 1:colcon.colcon_core.shell:create_environment_hook('python_package_that_uses_the_library', 'pythonpath_develop')
[3.121s] INFO:colcon.colcon_core.shell:Creating environment hook '/home/ribeiro/ros2_tutorial_workspace/build/python_package_that_uses_the_library/share/python_package_that_uses_the_library/hook/pythonpath_develop.ps1'
[3.121s] DEBUG:colcon.colcon_core.event_handler.log_command:Invoked command in '/home/ribeiro/ros2_tutorial_workspace/build/python_package_that_uses_the_library' returned '0': AMENT_PREFIX_PATH=/home/ribeiro/ros2_tutorial_workspace/install/python_package_with_a_library:/home/ribeiro/ros2_tutorial_workspace/install/python_package_that_uses_the_library:/home/ribeiro/ros2_tutorial_workspace/install/python_package_that_uses_the_services:/home/ribeiro/ros2_tutorial_workspace/install/python_package_that_uses_the_messages:/home/ribeiro/ros2_tutorial_workspace/install/python_package_that_uses_parameters_and_launch_files:/home/ribeiro/ros2_tutorial_workspace/install/package_with_interfaces:/home/ribeiro/ros2_tutorial_workspace/install/cpp_package_with_a_node:/home/ribeiro/ros2_tutorial_workspace/install/articubot_one:/opt/ros/humble PYTHONPATH=/home/ribeiro/ros2_tutorial_workspace/build/python_package_that_uses_the_library/prefix_override:/usr/lib/python3/dist-packages/colcon_core/task/python/colcon_distutils_commands:/home/ribeiro/ros2_tutorial_workspace/install/python_package_that_uses_the_library/lib/python3.10/site-packages:/home/ribeiro/ros2_tutorial_workspace/build/python_package_with_a_library:/home/ribeiro/ros2_tutorial_workspace/install/python_package_with_a_library/lib/python3.10/site-packages:/home/ribeiro/ros2_tutorial_workspace/build/python_package_that_uses_the_library:/home/ribeiro/ros2_tutorial_workspace/install/python_package_that_uses_the_library/lib/python3.10/site-packages:/home/ribeiro/ros2_tutorial_workspace/build/python_package_that_uses_the_services:/home/ribeiro/ros2_tutorial_workspace/install/python_package_that_uses_the_services/lib/python3.10/site-packages:/home/ribeiro/ros2_tutorial_workspace/build/python_package_that_uses_the_messages:/home/ribeiro/ros2_tutorial_workspace/install/python_package_that_uses_the_messages/lib/python3.10/site-packages:/home/ribeiro/ros2_tutorial_workspace/build/python_package_that_uses_parameters_and_launch_files:/home/ribeiro/ros2_tutorial_workspace/install/python_package_that_uses_parameters_and_launch_files/lib/python3.10/site-packages:/home/ribeiro/ros2_tutorial_workspace/install/package_with_interfaces/local/lib/python3.10/dist-packages:/opt/ros/humble/lib/python3.10/site-packages:/opt/ros/humble/local/lib/python3.10/dist-packages /usr/bin/python3 -W ignore:setup.py install is deprecated -W ignore:easy_install command is deprecated setup.py develop --editable --build-directory /home/ribeiro/ros2_tutorial_workspace/build/python_package_that_uses_the_library/build --no-deps symlink_data
[3.121s] INFO:colcon.colcon_core.shell:Creating environment descriptor '/home/ribeiro/ros2_tutorial_workspace/build/python_package_that_uses_the_library/share/python_package_that_uses_the_library/hook/pythonpath_develop.dsv'
[3.122s] INFO:colcon.colcon_core.shell:Creating environment hook '/home/ribeiro/ros2_tutorial_workspace/build/python_package_that_uses_the_library/share/python_package_that_uses_the_library/hook/pythonpath_develop.sh'
[3.122s] Level 1:colcon.colcon_core.environment:checking '/home/ribeiro/ros2_tutorial_workspace/install/python_package_that_uses_the_library' for CMake module files
[3.122s] Level 1:colcon.colcon_core.environment:checking '/home/ribeiro/ros2_tutorial_workspace/install/python_package_that_uses_the_library' for CMake config files
[3.123s] Level 1:colcon.colcon_core.environment:checking '/home/ribeiro/ros2_tutorial_workspace/install/python_package_that_uses_the_library/lib'
[3.123s] Level 1:colcon.colcon_core.environment:checking '/home/ribeiro/ros2_tutorial_workspace/install/python_package_that_uses_the_library/bin'
[3.123s] Level 1:colcon.colcon_core.environment:checking '/home/ribeiro/ros2_tutorial_workspace/install/python_package_that_uses_the_library/lib/pkgconfig/python_package_that_uses_the_library.pc'
[3.123s] Level 1:colcon.colcon_core.environment:checking '/home/ribeiro/ros2_tutorial_workspace/install/python_package_that_uses_the_library/lib/python3.10/site-packages'
[3.123s] Level 1:colcon.colcon_core.shell:create_environment_hook('python_package_that_uses_the_library', 'pythonpath')
[3.123s] INFO:colcon.colcon_core.shell:Creating environment hook '/home/ribeiro/ros2_tutorial_workspace/install/python_package_that_uses_the_library/share/python_package_that_uses_the_library/hook/pythonpath.ps1'
[3.124s] INFO:colcon.colcon_core.shell:Creating environment descriptor '/home/ribeiro/ros2_tutorial_workspace/install/python_package_that_uses_the_library/share/python_package_that_uses_the_library/hook/pythonpath.dsv'
[3.124s] INFO:colcon.colcon_core.shell:Creating environment hook '/home/ribeiro/ros2_tutorial_workspace/install/python_package_that_uses_the_library/share/python_package_that_uses_the_library/hook/pythonpath.sh'
[3.124s] Level 1:colcon.colcon_core.environment:checking '/home/ribeiro/ros2_tutorial_workspace/install/python_package_that_uses_the_library/bin'
[3.124s] Level 1:colcon.colcon_core.environment:create_environment_scripts_only(python_package_that_uses_the_library)
[3.125s] INFO:colcon.colcon_core.shell:Creating package script '/home/ribeiro/ros2_tutorial_workspace/install/python_package_that_uses_the_library/share/python_package_that_uses_the_library/package.ps1'
[3.125s] INFO:colcon.colcon_core.shell:Creating package descriptor '/home/ribeiro/ros2_tutorial_workspace/install/python_package_that_uses_the_library/share/python_package_that_uses_the_library/package.dsv'
[3.125s] INFO:colcon.colcon_core.shell:Creating package script '/home/ribeiro/ros2_tutorial_workspace/install/python_package_that_uses_the_library/share/python_package_that_uses_the_library/package.sh'
[3.126s] INFO:colcon.colcon_core.shell:Creating package script '/home/ribeiro/ros2_tutorial_workspace/install/python_package_that_uses_the_library/share/python_package_that_uses_the_library/package.bash'
[3.126s] INFO:colcon.colcon_core.shell:Creating package script '/home/ribeiro/ros2_tutorial_workspace/install/python_package_that_uses_the_library/share/python_package_that_uses_the_library/package.zsh'
[3.126s] Level 1:colcon.colcon_core.environment:create_file_with_runtime_dependencies(/home/ribeiro/ros2_tutorial_workspace/install/python_package_that_uses_the_library/share/colcon-core/packages/python_package_that_uses_the_library)
[3.126s] DEBUG:colcon.colcon_parallel_executor.executor.parallel:closing loop
[3.127s] DEBUG:colcon.colcon_parallel_executor.executor.parallel:loop closed
[3.127s] DEBUG:colcon.colcon_parallel_executor.executor.parallel:run_until_complete finished with '0'
[3.127s] DEBUG:colcon.colcon_core.event_reactor:joining thread
[3.169s] INFO:colcon.colcon_core.plugin_system:Skipping extension 'colcon_notification.desktop_notification.notify_send': Could not find 'notify-send'
[3.169s] INFO:colcon.colcon_core.plugin_system:Skipping extension 'colcon_notification.desktop_notification.terminal_notifier': Not used on non-Darwin systems
[3.169s] INFO:colcon.colcon_core.plugin_system:Skipping extension 'colcon_notification.desktop_notification.win32': Not used on non-Windows systems
[3.169s] INFO:colcon.colcon_notification.desktop_notification:Sending desktop notification using 'notify2'
[3.169s] DEBUG:colcon.colcon_notification.desktop_notification.notify2:Failed to initialize notify2: org.freedesktop.DBus.Error.FileNotFound: Failed to connect to socket /run/user/1000/bus: No such file or directory
[3.169s] DEBUG:colcon.colcon_core.event_reactor:joined thread
[3.169s] INFO:colcon.colcon_core.shell:Creating prefix script '/home/ribeiro/ros2_tutorial_workspace/install/local_setup.ps1'
[3.170s] INFO:colcon.colcon_core.shell:Creating prefix util module '/home/ribeiro/ros2_tutorial_workspace/install/_local_setup_util_ps1.py'
[3.171s] INFO:colcon.colcon_core.shell:Creating prefix chain script '/home/ribeiro/ros2_tutorial_workspace/install/setup.ps1'
[3.172s] INFO:colcon.colcon_core.shell:Creating prefix script '/home/ribeiro/ros2_tutorial_workspace/install/local_setup.sh'
[3.172s] INFO:colcon.colcon_core.shell:Creating prefix util module '/home/ribeiro/ros2_tutorial_workspace/install/_local_setup_util_sh.py'
[3.172s] INFO:colcon.colcon_core.shell:Creating prefix chain script '/home/ribeiro/ros2_tutorial_workspace/install/setup.sh'
[3.173s] INFO:colcon.colcon_core.shell:Creating prefix script '/home/ribeiro/ros2_tutorial_workspace/install/local_setup.bash'
[3.173s] INFO:colcon.colcon_core.shell:Creating prefix chain script '/home/ribeiro/ros2_tutorial_workspace/install/setup.bash'
[3.174s] INFO:colcon.colcon_core.shell:Creating prefix script '/home/ribeiro/ros2_tutorial_workspace/install/local_setup.zsh'
[3.175s] INFO:colcon.colcon_core.shell:Creating prefix chain script '/home/ribeiro/ros2_tutorial_workspace/install/setup.zsh'
