[0.127s] DEBUG:colcon:Command line arguments: ['/usr/bin/colcon', 'build', '--symlink-install']
[0.127s] DEBUG:colcon:Parsed command line arguments: Namespace(log_base=None, log_level=None, verb_name='build', build_base='build', install_base='install', merge_install=False, symlink_install=True, test_result_base=None, continue_on_error=False, executor='parallel', parallel_workers=12, event_handlers=None, ignore_user_meta=False, metas=['./colcon.meta'], base_paths=['.'], packages_ignore=None, packages_ignore_regex=None, paths=None, packages_up_to=None, packages_up_to_regex=None, packages_above=None, packages_above_and_dependencies=None, packages_above_depth=None, packages_select_by_dep=None, packages_skip_by_dep=None, packages_skip_up_to=None, packages_select_build_failed=False, packages_skip_build_finished=False, packages_select_test_failures=False, packages_skip_test_passed=False, packages_select=None, packages_skip=None, packages_select_regex=None, packages_skip_regex=None, packages_start=None, packages_end=None, allow_overriding=[], cmake_args=None, cmake_target=None, cmake_target_skip_unavailable=False, cmake_clean_cache=False, cmake_clean_first=False, cmake_force_configure=False, ament_cmake_args=None, catkin_cmake_args=None, catkin_skip_building_tests=False, mixin_files=None, mixin=None, verb_parser=<colcon_mixin.mixin.mixin_argument.MixinArgumentDecorator object at 0x7ccd64747e80>, verb_extension=<colcon_core.verb.build.BuildVerb object at 0x7ccd647479d0>, main=<bound method BuildVerb.main of <colcon_core.verb.build.BuildVerb object at 0x7ccd647479d0>>, mixin_verb=('build',))
[0.236s] Level 1:colcon.colcon_core.package_discovery:discover_packages(colcon_meta) check parameters
[0.236s] Level 1:colcon.colcon_core.package_discovery:discover_packages(recursive) check parameters
[0.236s] Level 1:colcon.colcon_core.package_discovery:discover_packages(ignore) check parameters
[0.236s] Level 1:colcon.colcon_core.package_discovery:discover_packages(path) check parameters
[0.236s] Level 1:colcon.colcon_core.package_discovery:discover_packages(colcon_meta) discover
[0.236s] Level 1:colcon.colcon_core.package_discovery:discover_packages(recursive) discover
[0.236s] INFO:colcon.colcon_core.package_discovery:Crawling recursively for packages in '/home/ribeiro/ros2_tutorial_workspace'
[0.236s] Level 1:colcon.colcon_core.package_identification:_identify(.) by extensions ['ignore', 'ignore_ament_install']
[0.237s] Level 1:colcon.colcon_core.package_identification:_identify(.) by extension 'ignore'
[0.237s] Level 1:colcon.colcon_core.package_identification:_identify(.) by extension 'ignore_ament_install'
[0.237s] Level 1:colcon.colcon_core.package_identification:_identify(.) by extensions ['colcon_pkg']
[0.237s] Level 1:colcon.colcon_core.package_identification:_identify(.) by extension 'colcon_pkg'
[0.237s] Level 1:colcon.colcon_core.package_identification:_identify(.) by extensions ['colcon_meta']
[0.237s] Level 1:colcon.colcon_core.package_identification:_identify(.) by extension 'colcon_meta'
[0.237s] Level 1:colcon.colcon_core.package_identification:_identify(.) by extensions ['ros']
[0.237s] Level 1:colcon.colcon_core.package_identification:_identify(.) by extension 'ros'
[0.245s] Level 1:colcon.colcon_core.package_identification:_identify(.) by extensions ['cmake', 'python']
[0.245s] Level 1:colcon.colcon_core.package_identification:_identify(.) by extension 'cmake'
[0.245s] Level 1:colcon.colcon_core.package_identification:_identify(.) by extension 'python'
[0.245s] Level 1:colcon.colcon_core.package_identification:_identify(.) by extensions ['python_setup_py']
[0.245s] Level 1:colcon.colcon_core.package_identification:_identify(.) by extension 'python_setup_py'
[0.245s] Level 1:colcon.colcon_core.package_identification:_identify(build) by extensions ['ignore', 'ignore_ament_install']
[0.245s] Level 1:colcon.colcon_core.package_identification:_identify(build) by extension 'ignore'
[0.245s] Level 1:colcon.colcon_core.package_identification:_identify(build) ignored
[0.245s] Level 1:colcon.colcon_core.package_identification:_identify(install) by extensions ['ignore', 'ignore_ament_install']
[0.245s] Level 1:colcon.colcon_core.package_identification:_identify(install) by extension 'ignore'
[0.245s] Level 1:colcon.colcon_core.package_identification:_identify(install) ignored
[0.245s] Level 1:colcon.colcon_core.package_identification:_identify(log) by extensions ['ignore', 'ignore_ament_install']
[0.246s] Level 1:colcon.colcon_core.package_identification:_identify(log) by extension 'ignore'
[0.246s] Level 1:colcon.colcon_core.package_identification:_identify(log) ignored
[0.246s] Level 1:colcon.colcon_core.package_identification:_identify(src) by extensions ['ignore', 'ignore_ament_install']
[0.246s] Level 1:colcon.colcon_core.package_identification:_identify(src) by extension 'ignore'
[0.246s] Level 1:colcon.colcon_core.package_identification:_identify(src) by extension 'ignore_ament_install'
[0.246s] Level 1:colcon.colcon_core.package_identification:_identify(src) by extensions ['colcon_pkg']
[0.246s] Level 1:colcon.colcon_core.package_identification:_identify(src) by extension 'colcon_pkg'
[0.246s] Level 1:colcon.colcon_core.package_identification:_identify(src) by extensions ['colcon_meta']
[0.246s] Level 1:colcon.colcon_core.package_identification:_identify(src) by extension 'colcon_meta'
[0.246s] Level 1:colcon.colcon_core.package_identification:_identify(src) by extensions ['ros']
[0.246s] Level 1:colcon.colcon_core.package_identification:_identify(src) by extension 'ros'
[0.246s] Level 1:colcon.colcon_core.package_identification:_identify(src) by extensions ['cmake', 'python']
[0.246s] Level 1:colcon.colcon_core.package_identification:_identify(src) by extension 'cmake'
[0.246s] Level 1:colcon.colcon_core.package_identification:_identify(src) by extension 'python'
[0.246s] Level 1:colcon.colcon_core.package_identification:_identify(src) by extensions ['python_setup_py']
[0.246s] Level 1:colcon.colcon_core.package_identification:_identify(src) by extension 'python_setup_py'
[0.246s] Level 1:colcon.colcon_core.package_identification:_identify(src/articubot_one) by extensions ['ignore', 'ignore_ament_install']
[0.246s] Level 1:colcon.colcon_core.package_identification:_identify(src/articubot_one) by extension 'ignore'
[0.246s] Level 1:colcon.colcon_core.package_identification:_identify(src/articubot_one) by extension 'ignore_ament_install'
[0.246s] Level 1:colcon.colcon_core.package_identification:_identify(src/articubot_one) by extensions ['colcon_pkg']
[0.246s] Level 1:colcon.colcon_core.package_identification:_identify(src/articubot_one) by extension 'colcon_pkg'
[0.246s] Level 1:colcon.colcon_core.package_identification:_identify(src/articubot_one) by extensions ['colcon_meta']
[0.246s] Level 1:colcon.colcon_core.package_identification:_identify(src/articubot_one) by extension 'colcon_meta'
[0.247s] Level 1:colcon.colcon_core.package_identification:_identify(src/articubot_one) by extensions ['ros']
[0.247s] Level 1:colcon.colcon_core.package_identification:_identify(src/articubot_one) by extension 'ros'
[0.248s] DEBUG:colcon.colcon_core.package_identification:Package 'src/articubot_one' with type 'ros.ament_cmake' and name 'articubot_one'
[0.248s] Level 1:colcon.colcon_core.package_identification:_identify(src/cpp_package_with_a_node) by extensions ['ignore', 'ignore_ament_install']
[0.248s] Level 1:colcon.colcon_core.package_identification:_identify(src/cpp_package_with_a_node) by extension 'ignore'
[0.248s] Level 1:colcon.colcon_core.package_identification:_identify(src/cpp_package_with_a_node) by extension 'ignore_ament_install'
[0.248s] Level 1:colcon.colcon_core.package_identification:_identify(src/cpp_package_with_a_node) by extensions ['colcon_pkg']
[0.249s] Level 1:colcon.colcon_core.package_identification:_identify(src/cpp_package_with_a_node) by extension 'colcon_pkg'
[0.249s] Level 1:colcon.colcon_core.package_identification:_identify(src/cpp_package_with_a_node) by extensions ['colcon_meta']
[0.249s] Level 1:colcon.colcon_core.package_identification:_identify(src/cpp_package_with_a_node) by extension 'colcon_meta'
[0.249s] Level 1:colcon.colcon_core.package_identification:_identify(src/cpp_package_with_a_node) by extensions ['ros']
[0.249s] Level 1:colcon.colcon_core.package_identification:_identify(src/cpp_package_with_a_node) by extension 'ros'
[0.249s] DEBUG:colcon.colcon_core.package_identification:Package 'src/cpp_package_with_a_node' with type 'ros.ament_cmake' and name 'cpp_package_with_a_node'
[0.249s] Level 1:colcon.colcon_core.package_identification:_identify(src/package_with_interfaces) by extensions ['ignore', 'ignore_ament_install']
[0.249s] Level 1:colcon.colcon_core.package_identification:_identify(src/package_with_interfaces) by extension 'ignore'
[0.249s] Level 1:colcon.colcon_core.package_identification:_identify(src/package_with_interfaces) by extension 'ignore_ament_install'
[0.249s] Level 1:colcon.colcon_core.package_identification:_identify(src/package_with_interfaces) by extensions ['colcon_pkg']
[0.249s] Level 1:colcon.colcon_core.package_identification:_identify(src/package_with_interfaces) by extension 'colcon_pkg'
[0.249s] Level 1:colcon.colcon_core.package_identification:_identify(src/package_with_interfaces) by extensions ['colcon_meta']
[0.249s] Level 1:colcon.colcon_core.package_identification:_identify(src/package_with_interfaces) by extension 'colcon_meta'
[0.250s] Level 1:colcon.colcon_core.package_identification:_identify(src/package_with_interfaces) by extensions ['ros']
[0.250s] Level 1:colcon.colcon_core.package_identification:_identify(src/package_with_interfaces) by extension 'ros'
[0.250s] DEBUG:colcon.colcon_core.package_identification:Package 'src/package_with_interfaces' with type 'ros.ament_cmake' and name 'package_with_interfaces'
[0.250s] Level 1:colcon.colcon_core.package_identification:_identify(src/python_package_that_uses_parameters_and_launch_files) by extensions ['ignore', 'ignore_ament_install']
[0.250s] Level 1:colcon.colcon_core.package_identification:_identify(src/python_package_that_uses_parameters_and_launch_files) by extension 'ignore'
[0.250s] Level 1:colcon.colcon_core.package_identification:_identify(src/python_package_that_uses_parameters_and_launch_files) by extension 'ignore_ament_install'
[0.250s] Level 1:colcon.colcon_core.package_identification:_identify(src/python_package_that_uses_parameters_and_launch_files) by extensions ['colcon_pkg']
[0.250s] Level 1:colcon.colcon_core.package_identification:_identify(src/python_package_that_uses_parameters_and_launch_files) by extension 'colcon_pkg'
[0.250s] Level 1:colcon.colcon_core.package_identification:_identify(src/python_package_that_uses_parameters_and_launch_files) by extensions ['colcon_meta']
[0.250s] Level 1:colcon.colcon_core.package_identification:_identify(src/python_package_that_uses_parameters_and_launch_files) by extension 'colcon_meta'
[0.250s] Level 1:colcon.colcon_core.package_identification:_identify(src/python_package_that_uses_parameters_and_launch_files) by extensions ['ros']
[0.250s] Level 1:colcon.colcon_core.package_identification:_identify(src/python_package_that_uses_parameters_and_launch_files) by extension 'ros'
[0.251s] DEBUG:colcon.colcon_core.package_identification:Package 'src/python_package_that_uses_parameters_and_launch_files' with type 'ros.ament_python' and name 'python_package_that_uses_parameters_and_launch_files'
[0.251s] Level 1:colcon.colcon_core.package_identification:_identify(src/python_package_that_uses_the_library) by extensions ['ignore', 'ignore_ament_install']
[0.251s] Level 1:colcon.colcon_core.package_identification:_identify(src/python_package_that_uses_the_library) by extension 'ignore'
[0.251s] Level 1:colcon.colcon_core.package_identification:_identify(src/python_package_that_uses_the_library) by extension 'ignore_ament_install'
[0.251s] Level 1:colcon.colcon_core.package_identification:_identify(src/python_package_that_uses_the_library) by extensions ['colcon_pkg']
[0.251s] Level 1:colcon.colcon_core.package_identification:_identify(src/python_package_that_uses_the_library) by extension 'colcon_pkg'
[0.251s] Level 1:colcon.colcon_core.package_identification:_identify(src/python_package_that_uses_the_library) by extensions ['colcon_meta']
[0.251s] Level 1:colcon.colcon_core.package_identification:_identify(src/python_package_that_uses_the_library) by extension 'colcon_meta'
[0.251s] Level 1:colcon.colcon_core.package_identification:_identify(src/python_package_that_uses_the_library) by extensions ['ros']
[0.251s] Level 1:colcon.colcon_core.package_identification:_identify(src/python_package_that_uses_the_library) by extension 'ros'
[0.252s] DEBUG:colcon.colcon_core.package_identification:Package 'src/python_package_that_uses_the_library' with type 'ros.ament_python' and name 'python_package_that_uses_the_library'
[0.252s] Level 1:colcon.colcon_core.package_identification:_identify(src/python_package_that_uses_the_messages) by extensions ['ignore', 'ignore_ament_install']
[0.252s] Level 1:colcon.colcon_core.package_identification:_identify(src/python_package_that_uses_the_messages) by extension 'ignore'
[0.252s] Level 1:colcon.colcon_core.package_identification:_identify(src/python_package_that_uses_the_messages) by extension 'ignore_ament_install'
[0.252s] Level 1:colcon.colcon_core.package_identification:_identify(src/python_package_that_uses_the_messages) by extensions ['colcon_pkg']
[0.252s] Level 1:colcon.colcon_core.package_identification:_identify(src/python_package_that_uses_the_messages) by extension 'colcon_pkg'
[0.252s] Level 1:colcon.colcon_core.package_identification:_identify(src/python_package_that_uses_the_messages) by extensions ['colcon_meta']
[0.252s] Level 1:colcon.colcon_core.package_identification:_identify(src/python_package_that_uses_the_messages) by extension 'colcon_meta'
[0.252s] Level 1:colcon.colcon_core.package_identification:_identify(src/python_package_that_uses_the_messages) by extensions ['ros']
[0.252s] Level 1:colcon.colcon_core.package_identification:_identify(src/python_package_that_uses_the_messages) by extension 'ros'
[0.253s] DEBUG:colcon.colcon_core.package_identification:Package 'src/python_package_that_uses_the_messages' with type 'ros.ament_python' and name 'python_package_that_uses_the_messages'
[0.253s] Level 1:colcon.colcon_core.package_identification:_identify(src/python_package_that_uses_the_services) by extensions ['ignore', 'ignore_ament_install']
[0.253s] Level 1:colcon.colcon_core.package_identification:_identify(src/python_package_that_uses_the_services) by extension 'ignore'
[0.253s] Level 1:colcon.colcon_core.package_identification:_identify(src/python_package_that_uses_the_services) by extension 'ignore_ament_install'
[0.253s] Level 1:colcon.colcon_core.package_identification:_identify(src/python_package_that_uses_the_services) by extensions ['colcon_pkg']
[0.253s] Level 1:colcon.colcon_core.package_identification:_identify(src/python_package_that_uses_the_services) by extension 'colcon_pkg'
[0.253s] Level 1:colcon.colcon_core.package_identification:_identify(src/python_package_that_uses_the_services) by extensions ['colcon_meta']
[0.253s] Level 1:colcon.colcon_core.package_identification:_identify(src/python_package_that_uses_the_services) by extension 'colcon_meta'
[0.253s] Level 1:colcon.colcon_core.package_identification:_identify(src/python_package_that_uses_the_services) by extensions ['ros']
[0.253s] Level 1:colcon.colcon_core.package_identification:_identify(src/python_package_that_uses_the_services) by extension 'ros'
[0.253s] DEBUG:colcon.colcon_core.package_identification:Package 'src/python_package_that_uses_the_services' with type 'ros.ament_python' and name 'python_package_that_uses_the_services'
[0.253s] Level 1:colcon.colcon_core.package_identification:_identify(src/python_package_with_a_library) by extensions ['ignore', 'ignore_ament_install']
[0.254s] Level 1:colcon.colcon_core.package_identification:_identify(src/python_package_with_a_library) by extension 'ignore'
[0.254s] Level 1:colcon.colcon_core.package_identification:_identify(src/python_package_with_a_library) by extension 'ignore_ament_install'
[0.254s] Level 1:colcon.colcon_core.package_identification:_identify(src/python_package_with_a_library) by extensions ['colcon_pkg']
[0.254s] Level 1:colcon.colcon_core.package_identification:_identify(src/python_package_with_a_library) by extension 'colcon_pkg'
[0.254s] Level 1:colcon.colcon_core.package_identification:_identify(src/python_package_with_a_library) by extensions ['colcon_meta']
[0.254s] Level 1:colcon.colcon_core.package_identification:_identify(src/python_package_with_a_library) by extension 'colcon_meta'
[0.254s] Level 1:colcon.colcon_core.package_identification:_identify(src/python_package_with_a_library) by extensions ['ros']
[0.254s] Level 1:colcon.colcon_core.package_identification:_identify(src/python_package_with_a_library) by extension 'ros'
[0.254s] DEBUG:colcon.colcon_core.package_identification:Package 'src/python_package_with_a_library' with type 'ros.ament_python' and name 'python_package_with_a_library'
[0.254s] Level 1:colcon.colcon_core.package_discovery:discover_packages(recursive) using defaults
[0.254s] Level 1:colcon.colcon_core.package_discovery:discover_packages(ignore) discover
[0.254s] Level 1:colcon.colcon_core.package_discovery:discover_packages(ignore) using defaults
[0.254s] Level 1:colcon.colcon_core.package_discovery:discover_packages(path) discover
[0.254s] Level 1:colcon.colcon_core.package_discovery:discover_packages(path) using defaults
[0.274s] Level 1:colcon.colcon_core.package_discovery:discover_packages(prefix_path) check parameters
[0.275s] Level 1:colcon.colcon_core.package_discovery:discover_packages(prefix_path) discover
[0.276s] DEBUG:colcon.colcon_installed_package_information.package_discovery:Found 8 installed packages in /home/ribeiro/ros2_tutorial_workspace/install
[0.277s] DEBUG:colcon.colcon_installed_package_information.package_discovery:Found 350 installed packages in /opt/ros/humble
[0.278s] Level 1:colcon.colcon_core.package_discovery:discover_packages(prefix_path) using defaults
[0.302s] Level 5:colcon.colcon_core.verb:set package 'articubot_one' build argument 'cmake_args' from command line to 'None'
[0.302s] Level 5:colcon.colcon_core.verb:set package 'articubot_one' build argument 'cmake_target' from command line to 'None'
[0.302s] Level 5:colcon.colcon_core.verb:set package 'articubot_one' build argument 'cmake_target_skip_unavailable' from command line to 'False'
[0.303s] Level 5:colcon.colcon_core.verb:set package 'articubot_one' build argument 'cmake_clean_cache' from command line to 'False'
[0.303s] Level 5:colcon.colcon_core.verb:set package 'articubot_one' build argument 'cmake_clean_first' from command line to 'False'
[0.303s] Level 5:colcon.colcon_core.verb:set package 'articubot_one' build argument 'cmake_force_configure' from command line to 'False'
[0.303s] Level 5:colcon.colcon_core.verb:set package 'articubot_one' build argument 'ament_cmake_args' from command line to 'None'
[0.303s] Level 5:colcon.colcon_core.verb:set package 'articubot_one' build argument 'catkin_cmake_args' from command line to 'None'
[0.303s] Level 5:colcon.colcon_core.verb:set package 'articubot_one' build argument 'catkin_skip_building_tests' from command line to 'False'
[0.303s] DEBUG:colcon.colcon_core.verb:Building package 'articubot_one' with the following arguments: {'ament_cmake_args': None, 'build_base': '/home/ribeiro/ros2_tutorial_workspace/build/articubot_one', 'catkin_cmake_args': None, 'catkin_skip_building_tests': False, 'cmake_args': None, 'cmake_clean_cache': False, 'cmake_clean_first': False, 'cmake_force_configure': False, 'cmake_target': None, 'cmake_target_skip_unavailable': False, 'install_base': '/home/ribeiro/ros2_tutorial_workspace/install/articubot_one', 'merge_install': False, 'path': '/home/ribeiro/ros2_tutorial_workspace/src/articubot_one', 'symlink_install': True, 'test_result_base': None}
[0.303s] Level 5:colcon.colcon_core.verb:set package 'cpp_package_with_a_node' build argument 'cmake_args' from command line to 'None'
[0.303s] Level 5:colcon.colcon_core.verb:set package 'cpp_package_with_a_node' build argument 'cmake_target' from command line to 'None'
[0.303s] Level 5:colcon.colcon_core.verb:set package 'cpp_package_with_a_node' build argument 'cmake_target_skip_unavailable' from command line to 'False'
[0.303s] Level 5:colcon.colcon_core.verb:set package 'cpp_package_with_a_node' build argument 'cmake_clean_cache' from command line to 'False'
[0.303s] Level 5:colcon.colcon_core.verb:set package 'cpp_package_with_a_node' build argument 'cmake_clean_first' from command line to 'False'
[0.303s] Level 5:colcon.colcon_core.verb:set package 'cpp_package_with_a_node' build argument 'cmake_force_configure' from command line to 'False'
[0.303s] Level 5:colcon.colcon_core.verb:set package 'cpp_package_with_a_node' build argument 'ament_cmake_args' from command line to 'None'
[0.303s] Level 5:colcon.colcon_core.verb:set package 'cpp_package_with_a_node' build argument 'catkin_cmake_args' from command line to 'None'
[0.303s] Level 5:colcon.colcon_core.verb:set package 'cpp_package_with_a_node' build argument 'catkin_skip_building_tests' from command line to 'False'
[0.303s] DEBUG:colcon.colcon_core.verb:Building package 'cpp_package_with_a_node' with the following arguments: {'ament_cmake_args': None, 'build_base': '/home/ribeiro/ros2_tutorial_workspace/build/cpp_package_with_a_node', 'catkin_cmake_args': None, 'catkin_skip_building_tests': False, 'cmake_args': None, 'cmake_clean_cache': False, 'cmake_clean_first': False, 'cmake_force_configure': False, 'cmake_target': None, 'cmake_target_skip_unavailable': False, 'install_base': '/home/ribeiro/ros2_tutorial_workspace/install/cpp_package_with_a_node', 'merge_install': False, 'path': '/home/ribeiro/ros2_tutorial_workspace/src/cpp_package_with_a_node', 'symlink_install': True, 'test_result_base': None}
[0.304s] Level 5:colcon.colcon_core.verb:set package 'package_with_interfaces' build argument 'cmake_args' from command line to 'None'
[0.304s] Level 5:colcon.colcon_core.verb:set package 'package_with_interfaces' build argument 'cmake_target' from command line to 'None'
[0.304s] Level 5:colcon.colcon_core.verb:set package 'package_with_interfaces' build argument 'cmake_target_skip_unavailable' from command line to 'False'
[0.304s] Level 5:colcon.colcon_core.verb:set package 'package_with_interfaces' build argument 'cmake_clean_cache' from command line to 'False'
[0.304s] Level 5:colcon.colcon_core.verb:set package 'package_with_interfaces' build argument 'cmake_clean_first' from command line to 'False'
[0.304s] Level 5:colcon.colcon_core.verb:set package 'package_with_interfaces' build argument 'cmake_force_configure' from command line to 'False'
[0.304s] Level 5:colcon.colcon_core.verb:set package 'package_with_interfaces' build argument 'ament_cmake_args' from command line to 'None'
[0.304s] Level 5:colcon.colcon_core.verb:set package 'package_with_interfaces' build argument 'catkin_cmake_args' from command line to 'None'
[0.304s] Level 5:colcon.colcon_core.verb:set package 'package_with_interfaces' build argument 'catkin_skip_building_tests' from command line to 'False'
[0.304s] DEBUG:colcon.colcon_core.verb:Building package 'package_with_interfaces' with the following arguments: {'ament_cmake_args': None, 'build_base': '/home/ribeiro/ros2_tutorial_workspace/build/package_with_interfaces', 'catkin_cmake_args': None, 'catkin_skip_building_tests': False, 'cmake_args': None, 'cmake_clean_cache': False, 'cmake_clean_first': False, 'cmake_force_configure': False, 'cmake_target': None, 'cmake_target_skip_unavailable': False, 'install_base': '/home/ribeiro/ros2_tutorial_workspace/install/package_with_interfaces', 'merge_install': False, 'path': '/home/ribeiro/ros2_tutorial_workspace/src/package_with_interfaces', 'symlink_install': True, 'test_result_base': None}
[0.304s] Level 5:colcon.colcon_core.verb:set package 'python_package_with_a_library' build argument 'cmake_args' from command line to 'None'
[0.304s] Level 5:colcon.colcon_core.verb:set package 'python_package_with_a_library' build argument 'cmake_target' from command line to 'None'
[0.304s] Level 5:colcon.colcon_core.verb:set package 'python_package_with_a_library' build argument 'cmake_target_skip_unavailable' from command line to 'False'
[0.304s] Level 5:colcon.colcon_core.verb:set package 'python_package_with_a_library' build argument 'cmake_clean_cache' from command line to 'False'
[0.304s] Level 5:colcon.colcon_core.verb:set package 'python_package_with_a_library' build argument 'cmake_clean_first' from command line to 'False'
[0.304s] Level 5:colcon.colcon_core.verb:set package 'python_package_with_a_library' build argument 'cmake_force_configure' from command line to 'False'
[0.304s] Level 5:colcon.colcon_core.verb:set package 'python_package_with_a_library' build argument 'ament_cmake_args' from command line to 'None'
[0.304s] Level 5:colcon.colcon_core.verb:set package 'python_package_with_a_library' build argument 'catkin_cmake_args' from command line to 'None'
[0.304s] Level 5:colcon.colcon_core.verb:set package 'python_package_with_a_library' build argument 'catkin_skip_building_tests' from command line to 'False'
[0.304s] DEBUG:colcon.colcon_core.verb:Building package 'python_package_with_a_library' with the following arguments: {'ament_cmake_args': None, 'build_base': '/home/ribeiro/ros2_tutorial_workspace/build/python_package_with_a_library', 'catkin_cmake_args': None, 'catkin_skip_building_tests': False, 'cmake_args': None, 'cmake_clean_cache': False, 'cmake_clean_first': False, 'cmake_force_configure': False, 'cmake_target': None, 'cmake_target_skip_unavailable': False, 'install_base': '/home/ribeiro/ros2_tutorial_workspace/install/python_package_with_a_library', 'merge_install': False, 'path': '/home/ribeiro/ros2_tutorial_workspace/src/python_package_with_a_library', 'symlink_install': True, 'test_result_base': None}
[0.305s] Level 5:colcon.colcon_core.verb:set package 'python_package_that_uses_parameters_and_launch_files' build argument 'cmake_args' from command line to 'None'
[0.305s] Level 5:colcon.colcon_core.verb:set package 'python_package_that_uses_parameters_and_launch_files' build argument 'cmake_target' from command line to 'None'
[0.305s] Level 5:colcon.colcon_core.verb:set package 'python_package_that_uses_parameters_and_launch_files' build argument 'cmake_target_skip_unavailable' from command line to 'False'
[0.305s] Level 5:colcon.colcon_core.verb:set package 'python_package_that_uses_parameters_and_launch_files' build argument 'cmake_clean_cache' from command line to 'False'
[0.305s] Level 5:colcon.colcon_core.verb:set package 'python_package_that_uses_parameters_and_launch_files' build argument 'cmake_clean_first' from command line to 'False'
[0.305s] Level 5:colcon.colcon_core.verb:set package 'python_package_that_uses_parameters_and_launch_files' build argument 'cmake_force_configure' from command line to 'False'
[0.305s] Level 5:colcon.colcon_core.verb:set package 'python_package_that_uses_parameters_and_launch_files' build argument 'ament_cmake_args' from command line to 'None'
[0.305s] Level 5:colcon.colcon_core.verb:set package 'python_package_that_uses_parameters_and_launch_files' build argument 'catkin_cmake_args' from command line to 'None'
[0.305s] Level 5:colcon.colcon_core.verb:set package 'python_package_that_uses_parameters_and_launch_files' build argument 'catkin_skip_building_tests' from command line to 'False'
[0.305s] DEBUG:colcon.colcon_core.verb:Building package 'python_package_that_uses_parameters_and_launch_files' with the following arguments: {'ament_cmake_args': None, 'build_base': '/home/ribeiro/ros2_tutorial_workspace/build/python_package_that_uses_parameters_and_launch_files', 'catkin_cmake_args': None, 'catkin_skip_building_tests': False, 'cmake_args': None, 'cmake_clean_cache': False, 'cmake_clean_first': False, 'cmake_force_configure': False, 'cmake_target': None, 'cmake_target_skip_unavailable': False, 'install_base': '/home/ribeiro/ros2_tutorial_workspace/install/python_package_that_uses_parameters_and_launch_files', 'merge_install': False, 'path': '/home/ribeiro/ros2_tutorial_workspace/src/python_package_that_uses_parameters_and_launch_files', 'symlink_install': True, 'test_result_base': None}
[0.305s] Level 5:colcon.colcon_core.verb:set package 'python_package_that_uses_the_library' build argument 'cmake_args' from command line to 'None'
[0.305s] Level 5:colcon.colcon_core.verb:set package 'python_package_that_uses_the_library' build argument 'cmake_target' from command line to 'None'
[0.305s] Level 5:colcon.colcon_core.verb:set package 'python_package_that_uses_the_library' build argument 'cmake_target_skip_unavailable' from command line to 'False'
[0.305s] Level 5:colcon.colcon_core.verb:set package 'python_package_that_uses_the_library' build argument 'cmake_clean_cache' from command line to 'False'
[0.305s] Level 5:colcon.colcon_core.verb:set package 'python_package_that_uses_the_library' build argument 'cmake_clean_first' from command line to 'False'
[0.305s] Level 5:colcon.colcon_core.verb:set package 'python_package_that_uses_the_library' build argument 'cmake_force_configure' from command line to 'False'
[0.305s] Level 5:colcon.colcon_core.verb:set package 'python_package_that_uses_the_library' build argument 'ament_cmake_args' from command line to 'None'
[0.305s] Level 5:colcon.colcon_core.verb:set package 'python_package_that_uses_the_library' build argument 'catkin_cmake_args' from command line to 'None'
[0.305s] Level 5:colcon.colcon_core.verb:set package 'python_package_that_uses_the_library' build argument 'catkin_skip_building_tests' from command line to 'False'
[0.305s] DEBUG:colcon.colcon_core.verb:Building package 'python_package_that_uses_the_library' with the following arguments: {'ament_cmake_args': None, 'build_base': '/home/ribeiro/ros2_tutorial_workspace/build/python_package_that_uses_the_library', 'catkin_cmake_args': None, 'catkin_skip_building_tests': False, 'cmake_args': None, 'cmake_clean_cache': False, 'cmake_clean_first': False, 'cmake_force_configure': False, 'cmake_target': None, 'cmake_target_skip_unavailable': False, 'install_base': '/home/ribeiro/ros2_tutorial_workspace/install/python_package_that_uses_the_library', 'merge_install': False, 'path': '/home/ribeiro/ros2_tutorial_workspace/src/python_package_that_uses_the_library', 'symlink_install': True, 'test_result_base': None}
[0.305s] Level 5:colcon.colcon_core.verb:set package 'python_package_that_uses_the_messages' build argument 'cmake_args' from command line to 'None'
[0.305s] Level 5:colcon.colcon_core.verb:set package 'python_package_that_uses_the_messages' build argument 'cmake_target' from command line to 'None'
[0.305s] Level 5:colcon.colcon_core.verb:set package 'python_package_that_uses_the_messages' build argument 'cmake_target_skip_unavailable' from command line to 'False'
[0.305s] Level 5:colcon.colcon_core.verb:set package 'python_package_that_uses_the_messages' build argument 'cmake_clean_cache' from command line to 'False'
[0.305s] Level 5:colcon.colcon_core.verb:set package 'python_package_that_uses_the_messages' build argument 'cmake_clean_first' from command line to 'False'
[0.305s] Level 5:colcon.colcon_core.verb:set package 'python_package_that_uses_the_messages' build argument 'cmake_force_configure' from command line to 'False'
[0.305s] Level 5:colcon.colcon_core.verb:set package 'python_package_that_uses_the_messages' build argument 'ament_cmake_args' from command line to 'None'
[0.306s] Level 5:colcon.colcon_core.verb:set package 'python_package_that_uses_the_messages' build argument 'catkin_cmake_args' from command line to 'None'
[0.306s] Level 5:colcon.colcon_core.verb:set package 'python_package_that_uses_the_messages' build argument 'catkin_skip_building_tests' from command line to 'False'
[0.306s] DEBUG:colcon.colcon_core.verb:Building package 'python_package_that_uses_the_messages' with the following arguments: {'ament_cmake_args': None, 'build_base': '/home/ribeiro/ros2_tutorial_workspace/build/python_package_that_uses_the_messages', 'catkin_cmake_args': None, 'catkin_skip_building_tests': False, 'cmake_args': None, 'cmake_clean_cache': False, 'cmake_clean_first': False, 'cmake_force_configure': False, 'cmake_target': None, 'cmake_target_skip_unavailable': False, 'install_base': '/home/ribeiro/ros2_tutorial_workspace/install/python_package_that_uses_the_messages', 'merge_install': False, 'path': '/home/ribeiro/ros2_tutorial_workspace/src/python_package_that_uses_the_messages', 'symlink_install': True, 'test_result_base': None}
[0.306s] Level 5:colcon.colcon_core.verb:set package 'python_package_that_uses_the_services' build argument 'cmake_args' from command line to 'None'
[0.306s] Level 5:colcon.colcon_core.verb:set package 'python_package_that_uses_the_services' build argument 'cmake_target' from command line to 'None'
[0.306s] Level 5:colcon.colcon_core.verb:set package 'python_package_that_uses_the_services' build argument 'cmake_target_skip_unavailable' from command line to 'False'
[0.306s] Level 5:colcon.colcon_core.verb:set package 'python_package_that_uses_the_services' build argument 'cmake_clean_cache' from command line to 'False'
[0.306s] Level 5:colcon.colcon_core.verb:set package 'python_package_that_uses_the_services' build argument 'cmake_clean_first' from command line to 'False'
[0.306s] Level 5:colcon.colcon_core.verb:set package 'python_package_that_uses_the_services' build argument 'cmake_force_configure' from command line to 'False'
[0.306s] Level 5:colcon.colcon_core.verb:set package 'python_package_that_uses_the_services' build argument 'ament_cmake_args' from command line to 'None'
[0.306s] Level 5:colcon.colcon_core.verb:set package 'python_package_that_uses_the_services' build argument 'catkin_cmake_args' from command line to 'None'
[0.306s] Level 5:colcon.colcon_core.verb:set package 'python_package_that_uses_the_services' build argument 'catkin_skip_building_tests' from command line to 'False'
[0.306s] DEBUG:colcon.colcon_core.verb:Building package 'python_package_that_uses_the_services' with the following arguments: {'ament_cmake_args': None, 'build_base': '/home/ribeiro/ros2_tutorial_workspace/build/python_package_that_uses_the_services', 'catkin_cmake_args': None, 'catkin_skip_building_tests': False, 'cmake_args': None, 'cmake_clean_cache': False, 'cmake_clean_first': False, 'cmake_force_configure': False, 'cmake_target': None, 'cmake_target_skip_unavailable': False, 'install_base': '/home/ribeiro/ros2_tutorial_workspace/install/python_package_that_uses_the_services', 'merge_install': False, 'path': '/home/ribeiro/ros2_tutorial_workspace/src/python_package_that_uses_the_services', 'symlink_install': True, 'test_result_base': None}
[0.306s] INFO:colcon.colcon_core.executor:Executing jobs using 'parallel' executor
[0.307s] DEBUG:colcon.colcon_parallel_executor.executor.parallel:run_until_complete
[0.307s] INFO:colcon.colcon_ros.task.ament_cmake.build:Building ROS package in '/home/ribeiro/ros2_tutorial_workspace/src/package_with_interfaces' with build type 'ament_cmake'
[0.307s] INFO:colcon.colcon_cmake.task.cmake.build:Building CMake package in '/home/ribeiro/ros2_tutorial_workspace/src/package_with_interfaces'
[0.309s] INFO:colcon.colcon_core.plugin_system:Skipping extension 'colcon_core.shell.bat': Not used on non-Windows systems
[0.310s] INFO:colcon.colcon_core.shell:Skip shell extension 'powershell' for command environment: Not usable outside of PowerShell
[0.310s] DEBUG:colcon.colcon_core.shell:Skip shell extension 'dsv' for command environment
[0.312s] INFO:colcon.colcon_ros.task.ament_python.build:Building ROS package in '/home/ribeiro/ros2_tutorial_workspace/src/python_package_with_a_library' with build type 'ament_python'
[0.312s] Level 1:colcon.colcon_core.shell:create_environment_hook('python_package_with_a_library', 'ament_prefix_path')
[0.312s] INFO:colcon.colcon_core.shell:Creating environment hook '/home/ribeiro/ros2_tutorial_workspace/install/python_package_with_a_library/share/python_package_with_a_library/hook/ament_prefix_path.ps1'
[0.313s] INFO:colcon.colcon_core.shell:Creating environment descriptor '/home/ribeiro/ros2_tutorial_workspace/install/python_package_with_a_library/share/python_package_with_a_library/hook/ament_prefix_path.dsv'
[0.313s] INFO:colcon.colcon_core.shell:Creating environment hook '/home/ribeiro/ros2_tutorial_workspace/install/python_package_with_a_library/share/python_package_with_a_library/hook/ament_prefix_path.sh'
[0.314s] INFO:colcon.colcon_core.shell:Skip shell extension 'powershell' for command environment: Not usable outside of PowerShell
[0.314s] DEBUG:colcon.colcon_core.shell:Skip shell extension 'dsv' for command environment
[0.316s] INFO:colcon.colcon_ros.task.ament_cmake.build:Building ROS package in '/home/ribeiro/ros2_tutorial_workspace/src/articubot_one' with build type 'ament_cmake'
[0.316s] INFO:colcon.colcon_cmake.task.cmake.build:Building CMake package in '/home/ribeiro/ros2_tutorial_workspace/src/articubot_one'
[0.316s] INFO:colcon.colcon_core.shell:Skip shell extension 'powershell' for command environment: Not usable outside of PowerShell
[0.316s] DEBUG:colcon.colcon_core.shell:Skip shell extension 'dsv' for command environment
[0.319s] INFO:colcon.colcon_ros.task.ament_cmake.build:Building ROS package in '/home/ribeiro/ros2_tutorial_workspace/src/cpp_package_with_a_node' with build type 'ament_cmake'
[0.319s] INFO:colcon.colcon_cmake.task.cmake.build:Building CMake package in '/home/ribeiro/ros2_tutorial_workspace/src/cpp_package_with_a_node'
[0.319s] INFO:colcon.colcon_core.shell:Skip shell extension 'powershell' for command environment: Not usable outside of PowerShell
[0.319s] DEBUG:colcon.colcon_core.shell:Skip shell extension 'dsv' for command environment
[0.327s] DEBUG:colcon.colcon_core.event_handler.log_command:Invoking command in '/home/ribeiro/ros2_tutorial_workspace/build/package_with_interfaces': CMAKE_PREFIX_PATH=${CMAKE_PREFIX_PATH}:/home/ribeiro/ros2_tutorial_workspace/install/python_package_that_uses_the_library:/home/ribeiro/ros2_tutorial_workspace/install/python_package_with_a_library:/home/ribeiro/ros2_tutorial_workspace/install/python_package_that_uses_the_services:/home/ribeiro/ros2_tutorial_workspace/install/python_package_that_uses_the_messages:/home/ribeiro/ros2_tutorial_workspace/install/python_package_that_uses_parameters_and_launch_files:/opt/ros/humble /usr/bin/cmake --build /home/ribeiro/ros2_tutorial_workspace/build/package_with_interfaces -- -j12 -l12
[0.502s] INFO:colcon.colcon_core.task.python.build:Building Python package in '/home/ribeiro/ros2_tutorial_workspace/src/python_package_with_a_library'
[0.503s] INFO:colcon.colcon_core.shell:Skip shell extension 'powershell' for command environment: Not usable outside of PowerShell
[0.503s] DEBUG:colcon.colcon_core.shell:Skip shell extension 'dsv' for command environment
[0.509s] DEBUG:colcon.colcon_core.event_handler.log_command:Invoking command in '/home/ribeiro/ros2_tutorial_workspace/build/articubot_one': CMAKE_PREFIX_PATH=${CMAKE_PREFIX_PATH}:/home/ribeiro/ros2_tutorial_workspace/install/python_package_that_uses_the_library:/home/ribeiro/ros2_tutorial_workspace/install/python_package_with_a_library:/home/ribeiro/ros2_tutorial_workspace/install/python_package_that_uses_the_services:/home/ribeiro/ros2_tutorial_workspace/install/python_package_that_uses_the_messages:/home/ribeiro/ros2_tutorial_workspace/install/python_package_that_uses_parameters_and_launch_files:/opt/ros/humble /usr/bin/cmake --build /home/ribeiro/ros2_tutorial_workspace/build/articubot_one -- -j12 -l12
[0.516s] DEBUG:colcon.colcon_core.event_handler.log_command:Invoking command in '/home/ribeiro/ros2_tutorial_workspace/build/cpp_package_with_a_node': CMAKE_PREFIX_PATH=${CMAKE_PREFIX_PATH}:/home/ribeiro/ros2_tutorial_workspace/install/python_package_that_uses_the_library:/home/ribeiro/ros2_tutorial_workspace/install/python_package_with_a_library:/home/ribeiro/ros2_tutorial_workspace/install/python_package_that_uses_the_services:/home/ribeiro/ros2_tutorial_workspace/install/python_package_that_uses_the_messages:/home/ribeiro/ros2_tutorial_workspace/install/python_package_that_uses_parameters_and_launch_files:/opt/ros/humble /usr/bin/cmake --build /home/ribeiro/ros2_tutorial_workspace/build/cpp_package_with_a_node -- -j12 -l12
[0.532s] DEBUG:colcon.colcon_core.event_handler.log_command:Invoked command in '/home/ribeiro/ros2_tutorial_workspace/build/articubot_one' returned '0': CMAKE_PREFIX_PATH=${CMAKE_PREFIX_PATH}:/home/ribeiro/ros2_tutorial_workspace/install/python_package_that_uses_the_library:/home/ribeiro/ros2_tutorial_workspace/install/python_package_with_a_library:/home/ribeiro/ros2_tutorial_workspace/install/python_package_that_uses_the_services:/home/ribeiro/ros2_tutorial_workspace/install/python_package_that_uses_the_messages:/home/ribeiro/ros2_tutorial_workspace/install/python_package_that_uses_parameters_and_launch_files:/opt/ros/humble /usr/bin/cmake --build /home/ribeiro/ros2_tutorial_workspace/build/articubot_one -- -j12 -l12
[0.539s] DEBUG:colcon.colcon_core.event_handler.log_command:Invoking command in '/home/ribeiro/ros2_tutorial_workspace/build/articubot_one': CMAKE_PREFIX_PATH=${CMAKE_PREFIX_PATH}:/home/ribeiro/ros2_tutorial_workspace/install/python_package_that_uses_the_library:/home/ribeiro/ros2_tutorial_workspace/install/python_package_with_a_library:/home/ribeiro/ros2_tutorial_workspace/install/python_package_that_uses_the_services:/home/ribeiro/ros2_tutorial_workspace/install/python_package_that_uses_the_messages:/home/ribeiro/ros2_tutorial_workspace/install/python_package_that_uses_parameters_and_launch_files:/opt/ros/humble /usr/bin/cmake --install /home/ribeiro/ros2_tutorial_workspace/build/articubot_one
[0.562s] Level 1:colcon.colcon_core.environment:create_environment_scripts_only(articubot_one)
[0.563s] DEBUG:colcon.colcon_core.event_handler.log_command:Invoked command in '/home/ribeiro/ros2_tutorial_workspace/build/articubot_one' returned '0': CMAKE_PREFIX_PATH=${CMAKE_PREFIX_PATH}:/home/ribeiro/ros2_tutorial_workspace/install/python_package_that_uses_the_library:/home/ribeiro/ros2_tutorial_workspace/install/python_package_with_a_library:/home/ribeiro/ros2_tutorial_workspace/install/python_package_that_uses_the_services:/home/ribeiro/ros2_tutorial_workspace/install/python_package_that_uses_the_messages:/home/ribeiro/ros2_tutorial_workspace/install/python_package_that_uses_parameters_and_launch_files:/opt/ros/humble /usr/bin/cmake --install /home/ribeiro/ros2_tutorial_workspace/build/articubot_one
[0.564s] Level 1:colcon.colcon_core.environment:checking '/home/ribeiro/ros2_tutorial_workspace/install/articubot_one' for CMake module files
[0.564s] Level 1:colcon.colcon_core.environment:checking '/home/ribeiro/ros2_tutorial_workspace/install/articubot_one' for CMake config files
[0.565s] Level 1:colcon.colcon_core.shell:create_environment_hook('articubot_one', 'cmake_prefix_path')
[0.565s] INFO:colcon.colcon_core.shell:Creating environment hook '/home/ribeiro/ros2_tutorial_workspace/install/articubot_one/share/articubot_one/hook/cmake_prefix_path.ps1'
[0.565s] INFO:colcon.colcon_core.shell:Creating environment descriptor '/home/ribeiro/ros2_tutorial_workspace/install/articubot_one/share/articubot_one/hook/cmake_prefix_path.dsv'
[0.565s] INFO:colcon.colcon_core.shell:Creating environment hook '/home/ribeiro/ros2_tutorial_workspace/install/articubot_one/share/articubot_one/hook/cmake_prefix_path.sh'
[0.566s] Level 1:colcon.colcon_core.environment:checking '/home/ribeiro/ros2_tutorial_workspace/install/articubot_one/bin'
[0.566s] Level 1:colcon.colcon_core.environment:checking '/home/ribeiro/ros2_tutorial_workspace/install/articubot_one/lib/pkgconfig/articubot_one.pc'
[0.566s] Level 1:colcon.colcon_core.environment:checking '/home/ribeiro/ros2_tutorial_workspace/install/articubot_one/lib/python3.10/site-packages'
[0.566s] Level 1:colcon.colcon_core.environment:checking '/home/ribeiro/ros2_tutorial_workspace/install/articubot_one/bin'
[0.567s] INFO:colcon.colcon_core.shell:Creating package script '/home/ribeiro/ros2_tutorial_workspace/install/articubot_one/share/articubot_one/package.ps1'
[0.567s] INFO:colcon.colcon_core.shell:Creating package descriptor '/home/ribeiro/ros2_tutorial_workspace/install/articubot_one/share/articubot_one/package.dsv'
[0.568s] INFO:colcon.colcon_core.shell:Creating package script '/home/ribeiro/ros2_tutorial_workspace/install/articubot_one/share/articubot_one/package.sh'
[0.569s] INFO:colcon.colcon_core.shell:Creating package script '/home/ribeiro/ros2_tutorial_workspace/install/articubot_one/share/articubot_one/package.bash'
[0.569s] INFO:colcon.colcon_core.shell:Creating package script '/home/ribeiro/ros2_tutorial_workspace/install/articubot_one/share/articubot_one/package.zsh'
[0.570s] Level 1:colcon.colcon_core.environment:create_file_with_runtime_dependencies(/home/ribeiro/ros2_tutorial_workspace/install/articubot_one/share/colcon-core/packages/articubot_one)
[0.570s] Level 1:colcon.colcon_core.environment:create_environment_scripts_only(articubot_one)
[0.570s] Level 1:colcon.colcon_core.environment:checking '/home/ribeiro/ros2_tutorial_workspace/install/articubot_one' for CMake module files
[0.570s] Level 1:colcon.colcon_core.environment:checking '/home/ribeiro/ros2_tutorial_workspace/install/articubot_one' for CMake config files
[0.570s] Level 1:colcon.colcon_core.shell:create_environment_hook('articubot_one', 'cmake_prefix_path')
[0.571s] INFO:colcon.colcon_core.shell:Creating environment hook '/home/ribeiro/ros2_tutorial_workspace/install/articubot_one/share/articubot_one/hook/cmake_prefix_path.ps1'
[0.647s] INFO:colcon.colcon_core.shell:Creating environment descriptor '/home/ribeiro/ros2_tutorial_workspace/install/articubot_one/share/articubot_one/hook/cmake_prefix_path.dsv'
[0.647s] INFO:colcon.colcon_core.shell:Creating environment hook '/home/ribeiro/ros2_tutorial_workspace/install/articubot_one/share/articubot_one/hook/cmake_prefix_path.sh'
[0.648s] Level 1:colcon.colcon_core.environment:checking '/home/ribeiro/ros2_tutorial_workspace/install/articubot_one/bin'
[0.648s] Level 1:colcon.colcon_core.environment:checking '/home/ribeiro/ros2_tutorial_workspace/install/articubot_one/lib/pkgconfig/articubot_one.pc'
[0.648s] Level 1:colcon.colcon_core.environment:checking '/home/ribeiro/ros2_tutorial_workspace/install/articubot_one/lib/python3.10/site-packages'
[0.648s] Level 1:colcon.colcon_core.environment:checking '/home/ribeiro/ros2_tutorial_workspace/install/articubot_one/bin'
[0.649s] INFO:colcon.colcon_core.shell:Creating package script '/home/ribeiro/ros2_tutorial_workspace/install/articubot_one/share/articubot_one/package.ps1'
[0.649s] INFO:colcon.colcon_core.shell:Creating package descriptor '/home/ribeiro/ros2_tutorial_workspace/install/articubot_one/share/articubot_one/package.dsv'
[0.649s] INFO:colcon.colcon_core.shell:Creating package script '/home/ribeiro/ros2_tutorial_workspace/install/articubot_one/share/articubot_one/package.sh'
[0.650s] INFO:colcon.colcon_core.shell:Creating package script '/home/ribeiro/ros2_tutorial_workspace/install/articubot_one/share/articubot_one/package.bash'
[0.650s] INFO:colcon.colcon_core.shell:Creating package script '/home/ribeiro/ros2_tutorial_workspace/install/articubot_one/share/articubot_one/package.zsh'
[0.651s] Level 1:colcon.colcon_core.environment:create_file_with_runtime_dependencies(/home/ribeiro/ros2_tutorial_workspace/install/articubot_one/share/colcon-core/packages/articubot_one)
[0.654s] DEBUG:colcon.colcon_core.event_handler.log_command:Invoked command in '/home/ribeiro/ros2_tutorial_workspace/build/cpp_package_with_a_node' returned '0': CMAKE_PREFIX_PATH=${CMAKE_PREFIX_PATH}:/home/ribeiro/ros2_tutorial_workspace/install/python_package_that_uses_the_library:/home/ribeiro/ros2_tutorial_workspace/install/python_package_with_a_library:/home/ribeiro/ros2_tutorial_workspace/install/python_package_that_uses_the_services:/home/ribeiro/ros2_tutorial_workspace/install/python_package_that_uses_the_messages:/home/ribeiro/ros2_tutorial_workspace/install/python_package_that_uses_parameters_and_launch_files:/opt/ros/humble /usr/bin/cmake --build /home/ribeiro/ros2_tutorial_workspace/build/cpp_package_with_a_node -- -j12 -l12
[0.656s] DEBUG:colcon.colcon_core.event_handler.log_command:Invoking command in '/home/ribeiro/ros2_tutorial_workspace/build/cpp_package_with_a_node': CMAKE_PREFIX_PATH=${CMAKE_PREFIX_PATH}:/home/ribeiro/ros2_tutorial_workspace/install/python_package_that_uses_the_library:/home/ribeiro/ros2_tutorial_workspace/install/python_package_with_a_library:/home/ribeiro/ros2_tutorial_workspace/install/python_package_that_uses_the_services:/home/ribeiro/ros2_tutorial_workspace/install/python_package_that_uses_the_messages:/home/ribeiro/ros2_tutorial_workspace/install/python_package_that_uses_parameters_and_launch_files:/opt/ros/humble /usr/bin/cmake --install /home/ribeiro/ros2_tutorial_workspace/build/cpp_package_with_a_node
[0.656s] DEBUG:colcon.colcon_core.event_handler.log_command:Invoked command in '/home/ribeiro/ros2_tutorial_workspace/build/package_with_interfaces' returned '0': CMAKE_PREFIX_PATH=${CMAKE_PREFIX_PATH}:/home/ribeiro/ros2_tutorial_workspace/install/python_package_that_uses_the_library:/home/ribeiro/ros2_tutorial_workspace/install/python_package_with_a_library:/home/ribeiro/ros2_tutorial_workspace/install/python_package_that_uses_the_services:/home/ribeiro/ros2_tutorial_workspace/install/python_package_that_uses_the_messages:/home/ribeiro/ros2_tutorial_workspace/install/python_package_that_uses_parameters_and_launch_files:/opt/ros/humble /usr/bin/cmake --build /home/ribeiro/ros2_tutorial_workspace/build/package_with_interfaces -- -j12 -l12
[0.658s] DEBUG:colcon.colcon_core.event_handler.log_command:Invoking command in '/home/ribeiro/ros2_tutorial_workspace/build/package_with_interfaces': CMAKE_PREFIX_PATH=${CMAKE_PREFIX_PATH}:/home/ribeiro/ros2_tutorial_workspace/install/python_package_that_uses_the_library:/home/ribeiro/ros2_tutorial_workspace/install/python_package_with_a_library:/home/ribeiro/ros2_tutorial_workspace/install/python_package_that_uses_the_services:/home/ribeiro/ros2_tutorial_workspace/install/python_package_that_uses_the_messages:/home/ribeiro/ros2_tutorial_workspace/install/python_package_that_uses_parameters_and_launch_files:/opt/ros/humble /usr/bin/cmake --install /home/ribeiro/ros2_tutorial_workspace/build/package_with_interfaces
[0.672s] Level 1:colcon.colcon_core.environment:create_environment_scripts_only(cpp_package_with_a_node)
[0.673s] Level 1:colcon.colcon_core.environment:checking '/home/ribeiro/ros2_tutorial_workspace/install/cpp_package_with_a_node' for CMake module files
[0.675s] DEBUG:colcon.colcon_core.event_handler.log_command:Invoked command in '/home/ribeiro/ros2_tutorial_workspace/build/cpp_package_with_a_node' returned '0': CMAKE_PREFIX_PATH=${CMAKE_PREFIX_PATH}:/home/ribeiro/ros2_tutorial_workspace/install/python_package_that_uses_the_library:/home/ribeiro/ros2_tutorial_workspace/install/python_package_with_a_library:/home/ribeiro/ros2_tutorial_workspace/install/python_package_that_uses_the_services:/home/ribeiro/ros2_tutorial_workspace/install/python_package_that_uses_the_messages:/home/ribeiro/ros2_tutorial_workspace/install/python_package_that_uses_parameters_and_launch_files:/opt/ros/humble /usr/bin/cmake --install /home/ribeiro/ros2_tutorial_workspace/build/cpp_package_with_a_node
[0.676s] Level 1:colcon.colcon_core.environment:checking '/home/ribeiro/ros2_tutorial_workspace/install/cpp_package_with_a_node' for CMake config files
[0.679s] Level 1:colcon.colcon_core.shell:create_environment_hook('cpp_package_with_a_node', 'cmake_prefix_path')
[0.679s] INFO:colcon.colcon_core.shell:Creating environment hook '/home/ribeiro/ros2_tutorial_workspace/install/cpp_package_with_a_node/share/cpp_package_with_a_node/hook/cmake_prefix_path.ps1'
[0.681s] INFO:colcon.colcon_core.shell:Creating environment descriptor '/home/ribeiro/ros2_tutorial_workspace/install/cpp_package_with_a_node/share/cpp_package_with_a_node/hook/cmake_prefix_path.dsv'
[0.681s] INFO:colcon.colcon_core.shell:Creating environment hook '/home/ribeiro/ros2_tutorial_workspace/install/cpp_package_with_a_node/share/cpp_package_with_a_node/hook/cmake_prefix_path.sh'
[0.682s] Level 1:colcon.colcon_core.environment:checking '/home/ribeiro/ros2_tutorial_workspace/install/cpp_package_with_a_node/lib'
[0.683s] Level 1:colcon.colcon_core.environment:checking '/home/ribeiro/ros2_tutorial_workspace/install/cpp_package_with_a_node/bin'
[0.683s] Level 1:colcon.colcon_core.environment:checking '/home/ribeiro/ros2_tutorial_workspace/install/cpp_package_with_a_node/lib/pkgconfig/cpp_package_with_a_node.pc'
[0.683s] Level 1:colcon.colcon_core.environment:checking '/home/ribeiro/ros2_tutorial_workspace/install/cpp_package_with_a_node/lib/python3.10/site-packages'
[0.683s] Level 1:colcon.colcon_core.environment:checking '/home/ribeiro/ros2_tutorial_workspace/install/cpp_package_with_a_node/bin'
[0.684s] INFO:colcon.colcon_core.shell:Creating package script '/home/ribeiro/ros2_tutorial_workspace/install/cpp_package_with_a_node/share/cpp_package_with_a_node/package.ps1'
[0.685s] INFO:colcon.colcon_core.shell:Creating package descriptor '/home/ribeiro/ros2_tutorial_workspace/install/cpp_package_with_a_node/share/cpp_package_with_a_node/package.dsv'
[0.686s] INFO:colcon.colcon_core.shell:Creating package script '/home/ribeiro/ros2_tutorial_workspace/install/cpp_package_with_a_node/share/cpp_package_with_a_node/package.sh'
[0.687s] INFO:colcon.colcon_core.shell:Creating package script '/home/ribeiro/ros2_tutorial_workspace/install/cpp_package_with_a_node/share/cpp_package_with_a_node/package.bash'
[0.688s] INFO:colcon.colcon_core.shell:Creating package script '/home/ribeiro/ros2_tutorial_workspace/install/cpp_package_with_a_node/share/cpp_package_with_a_node/package.zsh'
[0.688s] Level 1:colcon.colcon_core.environment:create_file_with_runtime_dependencies(/home/ribeiro/ros2_tutorial_workspace/install/cpp_package_with_a_node/share/colcon-core/packages/cpp_package_with_a_node)
[0.690s] Level 1:colcon.colcon_core.environment:create_environment_scripts_only(cpp_package_with_a_node)
[0.690s] Level 1:colcon.colcon_core.environment:checking '/home/ribeiro/ros2_tutorial_workspace/install/cpp_package_with_a_node' for CMake module files
[0.691s] Level 1:colcon.colcon_core.environment:checking '/home/ribeiro/ros2_tutorial_workspace/install/cpp_package_with_a_node' for CMake config files
[0.693s] Level 1:colcon.colcon_core.shell:create_environment_hook('cpp_package_with_a_node', 'cmake_prefix_path')
[0.693s] INFO:colcon.colcon_core.shell:Creating environment hook '/home/ribeiro/ros2_tutorial_workspace/install/cpp_package_with_a_node/share/cpp_package_with_a_node/hook/cmake_prefix_path.ps1'
[0.849s] INFO:colcon.colcon_core.shell:Creating environment descriptor '/home/ribeiro/ros2_tutorial_workspace/install/cpp_package_with_a_node/share/cpp_package_with_a_node/hook/cmake_prefix_path.dsv'
[0.849s] INFO:colcon.colcon_core.shell:Creating environment hook '/home/ribeiro/ros2_tutorial_workspace/install/cpp_package_with_a_node/share/cpp_package_with_a_node/hook/cmake_prefix_path.sh'
[0.850s] Level 1:colcon.colcon_core.environment:checking '/home/ribeiro/ros2_tutorial_workspace/install/cpp_package_with_a_node/lib'
[0.850s] Level 1:colcon.colcon_core.environment:checking '/home/ribeiro/ros2_tutorial_workspace/install/cpp_package_with_a_node/bin'
[0.850s] Level 1:colcon.colcon_core.environment:checking '/home/ribeiro/ros2_tutorial_workspace/install/cpp_package_with_a_node/lib/pkgconfig/cpp_package_with_a_node.pc'
[0.850s] Level 1:colcon.colcon_core.environment:checking '/home/ribeiro/ros2_tutorial_workspace/install/cpp_package_with_a_node/lib/python3.10/site-packages'
[0.850s] Level 1:colcon.colcon_core.environment:checking '/home/ribeiro/ros2_tutorial_workspace/install/cpp_package_with_a_node/bin'
[0.851s] INFO:colcon.colcon_core.shell:Creating package script '/home/ribeiro/ros2_tutorial_workspace/install/cpp_package_with_a_node/share/cpp_package_with_a_node/package.ps1'
[0.851s] INFO:colcon.colcon_core.shell:Creating package descriptor '/home/ribeiro/ros2_tutorial_workspace/install/cpp_package_with_a_node/share/cpp_package_with_a_node/package.dsv'
[0.853s] INFO:colcon.colcon_core.shell:Creating package script '/home/ribeiro/ros2_tutorial_workspace/install/cpp_package_with_a_node/share/cpp_package_with_a_node/package.sh'
[0.854s] INFO:colcon.colcon_core.shell:Creating package script '/home/ribeiro/ros2_tutorial_workspace/install/cpp_package_with_a_node/share/cpp_package_with_a_node/package.bash'
[0.855s] INFO:colcon.colcon_core.shell:Creating package script '/home/ribeiro/ros2_tutorial_workspace/install/cpp_package_with_a_node/share/cpp_package_with_a_node/package.zsh'
[0.856s] Level 1:colcon.colcon_core.environment:create_file_with_runtime_dependencies(/home/ribeiro/ros2_tutorial_workspace/install/cpp_package_with_a_node/share/colcon-core/packages/cpp_package_with_a_node)
[0.858s] DEBUG:colcon.colcon_core.task.python.build:Available setuptools commands: install_lib, register, update_catalog, develop, build_ext, test, upload_docs, build, init_catalog, bdist_rpm, alias, install_data, egg_info, build_py, easy_install, install, extract_messages, install_egg_info, compile_catalog, bdist, build_scripts, upload, install_headers, bdist_egg, setopt, install_scripts, saveopts, dist_info, sdist, symlink_data, bdist_dumb, check, clean, build_clib, rotate
[0.860s] Level 1:colcon.colcon_core.environment:create_environment_scripts_only(package_with_interfaces)
[0.860s] Level 1:colcon.colcon_core.environment:checking '/home/ribeiro/ros2_tutorial_workspace/install/package_with_interfaces' for CMake module files
[0.861s] DEBUG:colcon.colcon_core.event_handler.log_command:Invoked command in '/home/ribeiro/ros2_tutorial_workspace/build/package_with_interfaces' returned '0': CMAKE_PREFIX_PATH=${CMAKE_PREFIX_PATH}:/home/ribeiro/ros2_tutorial_workspace/install/python_package_that_uses_the_library:/home/ribeiro/ros2_tutorial_workspace/install/python_package_with_a_library:/home/ribeiro/ros2_tutorial_workspace/install/python_package_that_uses_the_services:/home/ribeiro/ros2_tutorial_workspace/install/python_package_that_uses_the_messages:/home/ribeiro/ros2_tutorial_workspace/install/python_package_that_uses_parameters_and_launch_files:/opt/ros/humble /usr/bin/cmake --install /home/ribeiro/ros2_tutorial_workspace/build/package_with_interfaces
[0.862s] Level 1:colcon.colcon_core.environment:checking '/home/ribeiro/ros2_tutorial_workspace/install/package_with_interfaces' for CMake config files
[0.862s] Level 1:colcon.colcon_core.shell:create_environment_hook('package_with_interfaces', 'cmake_prefix_path')
[0.863s] INFO:colcon.colcon_core.shell:Creating environment hook '/home/ribeiro/ros2_tutorial_workspace/install/package_with_interfaces/share/package_with_interfaces/hook/cmake_prefix_path.ps1'
[0.863s] INFO:colcon.colcon_core.shell:Creating environment descriptor '/home/ribeiro/ros2_tutorial_workspace/install/package_with_interfaces/share/package_with_interfaces/hook/cmake_prefix_path.dsv'
[0.864s] INFO:colcon.colcon_core.shell:Creating environment hook '/home/ribeiro/ros2_tutorial_workspace/install/package_with_interfaces/share/package_with_interfaces/hook/cmake_prefix_path.sh'
[0.865s] Level 1:colcon.colcon_core.environment:checking '/home/ribeiro/ros2_tutorial_workspace/install/package_with_interfaces/lib'
[0.865s] Level 1:colcon.colcon_core.shell:create_environment_hook('package_with_interfaces', 'ld_library_path_lib')
[0.865s] INFO:colcon.colcon_core.shell:Creating environment hook '/home/ribeiro/ros2_tutorial_workspace/install/package_with_interfaces/share/package_with_interfaces/hook/ld_library_path_lib.ps1'
[0.866s] INFO:colcon.colcon_core.shell:Creating environment descriptor '/home/ribeiro/ros2_tutorial_workspace/install/package_with_interfaces/share/package_with_interfaces/hook/ld_library_path_lib.dsv'
[0.866s] INFO:colcon.colcon_core.shell:Creating environment hook '/home/ribeiro/ros2_tutorial_workspace/install/package_with_interfaces/share/package_with_interfaces/hook/ld_library_path_lib.sh'
[0.866s] Level 1:colcon.colcon_core.environment:checking '/home/ribeiro/ros2_tutorial_workspace/install/package_with_interfaces/bin'
[0.867s] Level 1:colcon.colcon_core.environment:checking '/home/ribeiro/ros2_tutorial_workspace/install/package_with_interfaces/lib/pkgconfig/package_with_interfaces.pc'
[0.867s] Level 1:colcon.colcon_core.environment:checking '/home/ribeiro/ros2_tutorial_workspace/install/package_with_interfaces/lib/python3.10/site-packages'
[0.867s] Level 1:colcon.colcon_core.environment:checking '/home/ribeiro/ros2_tutorial_workspace/install/package_with_interfaces/bin'
[0.868s] INFO:colcon.colcon_core.shell:Creating package script '/home/ribeiro/ros2_tutorial_workspace/install/package_with_interfaces/share/package_with_interfaces/package.ps1'
[0.869s] INFO:colcon.colcon_core.shell:Creating package descriptor '/home/ribeiro/ros2_tutorial_workspace/install/package_with_interfaces/share/package_with_interfaces/package.dsv'
[0.870s] INFO:colcon.colcon_core.shell:Creating package script '/home/ribeiro/ros2_tutorial_workspace/install/package_with_interfaces/share/package_with_interfaces/package.sh'
[0.871s] INFO:colcon.colcon_core.shell:Creating package script '/home/ribeiro/ros2_tutorial_workspace/install/package_with_interfaces/share/package_with_interfaces/package.bash'
[0.871s] INFO:colcon.colcon_core.shell:Creating package script '/home/ribeiro/ros2_tutorial_workspace/install/package_with_interfaces/share/package_with_interfaces/package.zsh'
[0.872s] Level 1:colcon.colcon_core.environment:create_file_with_runtime_dependencies(/home/ribeiro/ros2_tutorial_workspace/install/package_with_interfaces/share/colcon-core/packages/package_with_interfaces)
[0.872s] Level 1:colcon.colcon_core.environment:create_environment_scripts_only(package_with_interfaces)
[0.873s] Level 1:colcon.colcon_core.environment:checking '/home/ribeiro/ros2_tutorial_workspace/install/package_with_interfaces' for CMake module files
[0.873s] Level 1:colcon.colcon_core.environment:checking '/home/ribeiro/ros2_tutorial_workspace/install/package_with_interfaces' for CMake config files
[0.874s] Level 1:colcon.colcon_core.shell:create_environment_hook('package_with_interfaces', 'cmake_prefix_path')
[0.874s] INFO:colcon.colcon_core.shell:Creating environment hook '/home/ribeiro/ros2_tutorial_workspace/install/package_with_interfaces/share/package_with_interfaces/hook/cmake_prefix_path.ps1'
[1.054s] INFO:colcon.colcon_core.shell:Creating environment descriptor '/home/ribeiro/ros2_tutorial_workspace/install/package_with_interfaces/share/package_with_interfaces/hook/cmake_prefix_path.dsv'
[1.054s] INFO:colcon.colcon_core.shell:Creating environment hook '/home/ribeiro/ros2_tutorial_workspace/install/package_with_interfaces/share/package_with_interfaces/hook/cmake_prefix_path.sh'
[1.055s] Level 1:colcon.colcon_core.environment:checking '/home/ribeiro/ros2_tutorial_workspace/install/package_with_interfaces/lib'
[1.055s] Level 1:colcon.colcon_core.shell:create_environment_hook('package_with_interfaces', 'ld_library_path_lib')
[1.056s] INFO:colcon.colcon_core.shell:Creating environment hook '/home/ribeiro/ros2_tutorial_workspace/install/package_with_interfaces/share/package_with_interfaces/hook/ld_library_path_lib.ps1'
[1.056s] INFO:colcon.colcon_core.shell:Creating environment descriptor '/home/ribeiro/ros2_tutorial_workspace/install/package_with_interfaces/share/package_with_interfaces/hook/ld_library_path_lib.dsv'
[1.056s] INFO:colcon.colcon_core.shell:Creating environment hook '/home/ribeiro/ros2_tutorial_workspace/install/package_with_interfaces/share/package_with_interfaces/hook/ld_library_path_lib.sh'
[1.057s] Level 1:colcon.colcon_core.environment:checking '/home/ribeiro/ros2_tutorial_workspace/install/package_with_interfaces/bin'
[1.057s] Level 1:colcon.colcon_core.environment:checking '/home/ribeiro/ros2_tutorial_workspace/install/package_with_interfaces/lib/pkgconfig/package_with_interfaces.pc'
[1.057s] Level 1:colcon.colcon_core.environment:checking '/home/ribeiro/ros2_tutorial_workspace/install/package_with_interfaces/lib/python3.10/site-packages'
[1.057s] Level 1:colcon.colcon_core.environment:checking '/home/ribeiro/ros2_tutorial_workspace/install/package_with_interfaces/bin'
[1.057s] INFO:colcon.colcon_core.shell:Creating package script '/home/ribeiro/ros2_tutorial_workspace/install/package_with_interfaces/share/package_with_interfaces/package.ps1'
[1.058s] INFO:colcon.colcon_core.shell:Creating package descriptor '/home/ribeiro/ros2_tutorial_workspace/install/package_with_interfaces/share/package_with_interfaces/package.dsv'
[1.058s] INFO:colcon.colcon_core.shell:Creating package script '/home/ribeiro/ros2_tutorial_workspace/install/package_with_interfaces/share/package_with_interfaces/package.sh'
[1.058s] INFO:colcon.colcon_core.shell:Creating package script '/home/ribeiro/ros2_tutorial_workspace/install/package_with_interfaces/share/package_with_interfaces/package.bash'
[1.059s] INFO:colcon.colcon_core.shell:Creating package script '/home/ribeiro/ros2_tutorial_workspace/install/package_with_interfaces/share/package_with_interfaces/package.zsh'
[1.059s] Level 1:colcon.colcon_core.environment:create_file_with_runtime_dependencies(/home/ribeiro/ros2_tutorial_workspace/install/package_with_interfaces/share/colcon-core/packages/package_with_interfaces)
[1.060s] INFO:colcon.colcon_ros.task.ament_python.build:Building ROS package in '/home/ribeiro/ros2_tutorial_workspace/src/python_package_that_uses_parameters_and_launch_files' with build type 'ament_python'
[1.060s] Level 1:colcon.colcon_core.shell:create_environment_hook('python_package_that_uses_parameters_and_launch_files', 'ament_prefix_path')
[1.060s] INFO:colcon.colcon_core.shell:Creating environment hook '/home/ribeiro/ros2_tutorial_workspace/install/python_package_that_uses_parameters_and_launch_files/share/python_package_that_uses_parameters_and_launch_files/hook/ament_prefix_path.ps1'
[1.061s] INFO:colcon.colcon_core.shell:Creating environment descriptor '/home/ribeiro/ros2_tutorial_workspace/install/python_package_that_uses_parameters_and_launch_files/share/python_package_that_uses_parameters_and_launch_files/hook/ament_prefix_path.dsv'
[1.061s] INFO:colcon.colcon_core.shell:Creating environment hook '/home/ribeiro/ros2_tutorial_workspace/install/python_package_that_uses_parameters_and_launch_files/share/python_package_that_uses_parameters_and_launch_files/hook/ament_prefix_path.sh'
[1.061s] INFO:colcon.colcon_core.shell:Skip shell extension 'powershell' for command environment: Not usable outside of PowerShell
[1.061s] DEBUG:colcon.colcon_core.shell:Skip shell extension 'dsv' for command environment
[1.064s] INFO:colcon.colcon_ros.task.ament_python.build:Building ROS package in '/home/ribeiro/ros2_tutorial_workspace/src/python_package_that_uses_the_messages' with build type 'ament_python'
[1.064s] Level 1:colcon.colcon_core.shell:create_environment_hook('python_package_that_uses_the_messages', 'ament_prefix_path')
[1.064s] INFO:colcon.colcon_core.shell:Creating environment hook '/home/ribeiro/ros2_tutorial_workspace/install/python_package_that_uses_the_messages/share/python_package_that_uses_the_messages/hook/ament_prefix_path.ps1'
[1.065s] INFO:colcon.colcon_core.shell:Creating environment descriptor '/home/ribeiro/ros2_tutorial_workspace/install/python_package_that_uses_the_messages/share/python_package_that_uses_the_messages/hook/ament_prefix_path.dsv'
[1.065s] INFO:colcon.colcon_core.shell:Creating environment hook '/home/ribeiro/ros2_tutorial_workspace/install/python_package_that_uses_the_messages/share/python_package_that_uses_the_messages/hook/ament_prefix_path.sh'
[1.066s] INFO:colcon.colcon_core.shell:Skip shell extension 'powershell' for command environment: Not usable outside of PowerShell
[1.066s] DEBUG:colcon.colcon_core.shell:Skip shell extension 'dsv' for command environment
[1.070s] INFO:colcon.colcon_ros.task.ament_python.build:Building ROS package in '/home/ribeiro/ros2_tutorial_workspace/src/python_package_that_uses_the_services' with build type 'ament_python'
[1.070s] Level 1:colcon.colcon_core.shell:create_environment_hook('python_package_that_uses_the_services', 'ament_prefix_path')
[1.071s] INFO:colcon.colcon_core.shell:Creating environment hook '/home/ribeiro/ros2_tutorial_workspace/install/python_package_that_uses_the_services/share/python_package_that_uses_the_services/hook/ament_prefix_path.ps1'
[1.071s] INFO:colcon.colcon_core.shell:Creating environment descriptor '/home/ribeiro/ros2_tutorial_workspace/install/python_package_that_uses_the_services/share/python_package_that_uses_the_services/hook/ament_prefix_path.dsv'
[1.072s] INFO:colcon.colcon_core.shell:Creating environment hook '/home/ribeiro/ros2_tutorial_workspace/install/python_package_that_uses_the_services/share/python_package_that_uses_the_services/hook/ament_prefix_path.sh'
[1.072s] INFO:colcon.colcon_core.shell:Skip shell extension 'powershell' for command environment: Not usable outside of PowerShell
[1.072s] DEBUG:colcon.colcon_core.shell:Skip shell extension 'dsv' for command environment
[1.075s] DEBUG:colcon.colcon_core.task.python.build:Available setuptools 'develop' options: --exclude-scripts, --multi-version, --script-dir, --no-user-cfg, --force-installation-into-system-dir, --verbose, --help, --install-layout, --local-snapshots-ok, --upgrade, --zip-ok, --always-unzip, --allow-hosts, --user, --uninstall, --version, --install-dir, --index-url, --find-links, --quiet, --build-directory, --prefix, --optimize, --no-find-links, --site-dirs, --no-deps, --always-copy, --record, --editable, --dry-run, --egg-path
[1.078s] DEBUG:colcon.colcon_core.event_handler.log_command:Invoking command in '/home/ribeiro/ros2_tutorial_workspace/build/python_package_with_a_library': PYTHONPATH=/home/ribeiro/ros2_tutorial_workspace/build/python_package_with_a_library/prefix_override:/usr/lib/python3/dist-packages/colcon_core/task/python/colcon_distutils_commands:/home/ribeiro/ros2_tutorial_workspace/install/python_package_with_a_library/lib/python3.10/site-packages:${PYTHONPATH} /usr/bin/python3 -W ignore:setup.py install is deprecated -W ignore:easy_install command is deprecated setup.py develop --editable --build-directory /home/ribeiro/ros2_tutorial_workspace/build/python_package_with_a_library/build --no-deps symlink_data
[1.305s] INFO:colcon.colcon_core.task.python.build:Building Python package in '/home/ribeiro/ros2_tutorial_workspace/src/python_package_that_uses_parameters_and_launch_files'
[1.305s] INFO:colcon.colcon_core.shell:Skip shell extension 'powershell' for command environment: Not usable outside of PowerShell
[1.305s] DEBUG:colcon.colcon_core.shell:Skip shell extension 'dsv' for command environment
[1.474s] INFO:colcon.colcon_core.task.python.build:Building Python package in '/home/ribeiro/ros2_tutorial_workspace/src/python_package_that_uses_the_services'
[1.474s] INFO:colcon.colcon_core.shell:Skip shell extension 'powershell' for command environment: Not usable outside of PowerShell
[1.474s] DEBUG:colcon.colcon_core.shell:Skip shell extension 'dsv' for command environment
[1.636s] INFO:colcon.colcon_core.task.python.build:Building Python package in '/home/ribeiro/ros2_tutorial_workspace/src/python_package_that_uses_the_messages'
[1.637s] INFO:colcon.colcon_core.shell:Skip shell extension 'powershell' for command environment: Not usable outside of PowerShell
[1.637s] DEBUG:colcon.colcon_core.shell:Skip shell extension 'dsv' for command environment
[1.640s] Level 1:colcon.colcon_core.shell:create_environment_hook('python_package_with_a_library', 'pythonpath_develop')
[1.641s] INFO:colcon.colcon_core.shell:Creating environment hook '/home/ribeiro/ros2_tutorial_workspace/build/python_package_with_a_library/share/python_package_with_a_library/hook/pythonpath_develop.ps1'
[1.641s] DEBUG:colcon.colcon_core.event_handler.log_command:Invoked command in '/home/ribeiro/ros2_tutorial_workspace/build/python_package_with_a_library' returned '0': PYTHONPATH=/home/ribeiro/ros2_tutorial_workspace/build/python_package_with_a_library/prefix_override:/usr/lib/python3/dist-packages/colcon_core/task/python/colcon_distutils_commands:/home/ribeiro/ros2_tutorial_workspace/install/python_package_with_a_library/lib/python3.10/site-packages:${PYTHONPATH} /usr/bin/python3 -W ignore:setup.py install is deprecated -W ignore:easy_install command is deprecated setup.py develop --editable --build-directory /home/ribeiro/ros2_tutorial_workspace/build/python_package_with_a_library/build --no-deps symlink_data
[1.642s] INFO:colcon.colcon_core.shell:Creating environment descriptor '/home/ribeiro/ros2_tutorial_workspace/build/python_package_with_a_library/share/python_package_with_a_library/hook/pythonpath_develop.dsv'
[1.642s] INFO:colcon.colcon_core.shell:Creating environment hook '/home/ribeiro/ros2_tutorial_workspace/build/python_package_with_a_library/share/python_package_with_a_library/hook/pythonpath_develop.sh'
[1.643s] Level 1:colcon.colcon_core.environment:checking '/home/ribeiro/ros2_tutorial_workspace/install/python_package_with_a_library' for CMake module files
[1.643s] Level 1:colcon.colcon_core.environment:checking '/home/ribeiro/ros2_tutorial_workspace/install/python_package_with_a_library' for CMake config files
[1.643s] Level 1:colcon.colcon_core.environment:checking '/home/ribeiro/ros2_tutorial_workspace/install/python_package_with_a_library/lib'
[1.643s] Level 1:colcon.colcon_core.environment:checking '/home/ribeiro/ros2_tutorial_workspace/install/python_package_with_a_library/bin'
[1.643s] Level 1:colcon.colcon_core.environment:checking '/home/ribeiro/ros2_tutorial_workspace/install/python_package_with_a_library/lib/pkgconfig/python_package_with_a_library.pc'
[1.644s] Level 1:colcon.colcon_core.environment:checking '/home/ribeiro/ros2_tutorial_workspace/install/python_package_with_a_library/lib/python3.10/site-packages'
[1.644s] Level 1:colcon.colcon_core.shell:create_environment_hook('python_package_with_a_library', 'pythonpath')
[1.644s] INFO:colcon.colcon_core.shell:Creating environment hook '/home/ribeiro/ros2_tutorial_workspace/install/python_package_with_a_library/share/python_package_with_a_library/hook/pythonpath.ps1'
[1.644s] INFO:colcon.colcon_core.shell:Creating environment descriptor '/home/ribeiro/ros2_tutorial_workspace/install/python_package_with_a_library/share/python_package_with_a_library/hook/pythonpath.dsv'
[1.644s] INFO:colcon.colcon_core.shell:Creating environment hook '/home/ribeiro/ros2_tutorial_workspace/install/python_package_with_a_library/share/python_package_with_a_library/hook/pythonpath.sh'
[1.645s] Level 1:colcon.colcon_core.environment:checking '/home/ribeiro/ros2_tutorial_workspace/install/python_package_with_a_library/bin'
[1.645s] Level 1:colcon.colcon_core.environment:create_environment_scripts_only(python_package_with_a_library)
[1.645s] INFO:colcon.colcon_core.shell:Creating package script '/home/ribeiro/ros2_tutorial_workspace/install/python_package_with_a_library/share/python_package_with_a_library/package.ps1'
[1.646s] INFO:colcon.colcon_core.shell:Creating package descriptor '/home/ribeiro/ros2_tutorial_workspace/install/python_package_with_a_library/share/python_package_with_a_library/package.dsv'
[1.646s] INFO:colcon.colcon_core.shell:Creating package script '/home/ribeiro/ros2_tutorial_workspace/install/python_package_with_a_library/share/python_package_with_a_library/package.sh'
[1.646s] INFO:colcon.colcon_core.shell:Creating package script '/home/ribeiro/ros2_tutorial_workspace/install/python_package_with_a_library/share/python_package_with_a_library/package.bash'
[1.647s] INFO:colcon.colcon_core.shell:Creating package script '/home/ribeiro/ros2_tutorial_workspace/install/python_package_with_a_library/share/python_package_with_a_library/package.zsh'
[1.647s] Level 1:colcon.colcon_core.environment:create_file_with_runtime_dependencies(/home/ribeiro/ros2_tutorial_workspace/install/python_package_with_a_library/share/colcon-core/packages/python_package_with_a_library)
[1.647s] INFO:colcon.colcon_ros.task.ament_python.build:Building ROS package in '/home/ribeiro/ros2_tutorial_workspace/src/python_package_that_uses_the_library' with build type 'ament_python'
[1.647s] Level 1:colcon.colcon_core.shell:create_environment_hook('python_package_that_uses_the_library', 'ament_prefix_path')
[1.648s] INFO:colcon.colcon_core.shell:Creating environment hook '/home/ribeiro/ros2_tutorial_workspace/install/python_package_that_uses_the_library/share/python_package_that_uses_the_library/hook/ament_prefix_path.ps1'
[1.648s] INFO:colcon.colcon_core.shell:Creating environment descriptor '/home/ribeiro/ros2_tutorial_workspace/install/python_package_that_uses_the_library/share/python_package_that_uses_the_library/hook/ament_prefix_path.dsv'
[1.649s] INFO:colcon.colcon_core.shell:Creating environment hook '/home/ribeiro/ros2_tutorial_workspace/install/python_package_that_uses_the_library/share/python_package_that_uses_the_library/hook/ament_prefix_path.sh'
[1.649s] INFO:colcon.colcon_core.shell:Skip shell extension 'powershell' for command environment: Not usable outside of PowerShell
[1.649s] DEBUG:colcon.colcon_core.shell:Skip shell extension 'dsv' for command environment
[1.951s] INFO:colcon.colcon_core.task.python.build:Building Python package in '/home/ribeiro/ros2_tutorial_workspace/src/python_package_that_uses_the_library'
[1.952s] INFO:colcon.colcon_core.shell:Skip shell extension 'powershell' for command environment: Not usable outside of PowerShell
[1.952s] DEBUG:colcon.colcon_core.shell:Skip shell extension 'dsv' for command environment
[1.955s] DEBUG:colcon.colcon_core.task.python.build:Available setuptools commands: install_lib, register, update_catalog, develop, build_ext, test, upload_docs, build, init_catalog, bdist_rpm, alias, install_data, egg_info, build_py, easy_install, install, extract_messages, install_egg_info, compile_catalog, bdist, build_scripts, upload, install_headers, bdist_egg, setopt, install_scripts, saveopts, dist_info, sdist, symlink_data, bdist_dumb, check, clean, build_clib, rotate
[1.955s] DEBUG:colcon.colcon_core.task.python.build:Available setuptools commands: install_lib, register, update_catalog, develop, build_ext, test, upload_docs, build, init_catalog, bdist_rpm, alias, install_data, egg_info, build_py, easy_install, install, extract_messages, install_egg_info, compile_catalog, bdist, build_scripts, upload, install_headers, bdist_egg, setopt, install_scripts, saveopts, dist_info, sdist, symlink_data, bdist_dumb, check, clean, build_clib, rotate
[1.987s] DEBUG:colcon.colcon_core.task.python.build:Available setuptools commands: install_lib, register, update_catalog, develop, build_ext, test, upload_docs, build, init_catalog, bdist_rpm, alias, install_data, egg_info, build_py, easy_install, install, extract_messages, install_egg_info, compile_catalog, bdist, build_scripts, upload, install_headers, bdist_egg, setopt, install_scripts, saveopts, dist_info, sdist, symlink_data, bdist_dumb, check, clean, build_clib, rotate
[2.165s] DEBUG:colcon.colcon_core.task.python.build:Available setuptools 'develop' options: --exclude-scripts, --multi-version, --script-dir, --no-user-cfg, --force-installation-into-system-dir, --verbose, --help, --install-layout, --local-snapshots-ok, --upgrade, --zip-ok, --always-unzip, --allow-hosts, --user, --uninstall, --version, --install-dir, --index-url, --find-links, --quiet, --build-directory, --prefix, --optimize, --no-find-links, --site-dirs, --no-deps, --always-copy, --record, --editable, --dry-run, --egg-path
[2.167s] DEBUG:colcon.colcon_core.event_handler.log_command:Invoking command in '/home/ribeiro/ros2_tutorial_workspace/build/python_package_that_uses_parameters_and_launch_files': PYTHONPATH=/home/ribeiro/ros2_tutorial_workspace/build/python_package_that_uses_parameters_and_launch_files/prefix_override:/usr/lib/python3/dist-packages/colcon_core/task/python/colcon_distutils_commands:/home/ribeiro/ros2_tutorial_workspace/install/python_package_that_uses_parameters_and_launch_files/lib/python3.10/site-packages:${PYTHONPATH} /usr/bin/python3 -W ignore:setup.py install is deprecated -W ignore:easy_install command is deprecated setup.py develop --editable --build-directory /home/ribeiro/ros2_tutorial_workspace/build/python_package_that_uses_parameters_and_launch_files/build --no-deps symlink_data
[2.195s] DEBUG:colcon.colcon_core.task.python.build:Available setuptools 'develop' options: --exclude-scripts, --multi-version, --script-dir, --no-user-cfg, --force-installation-into-system-dir, --verbose, --help, --install-layout, --local-snapshots-ok, --upgrade, --zip-ok, --always-unzip, --allow-hosts, --user, --uninstall, --version, --install-dir, --index-url, --find-links, --quiet, --build-directory, --prefix, --optimize, --no-find-links, --site-dirs, --no-deps, --always-copy, --record, --editable, --dry-run, --egg-path
[2.197s] DEBUG:colcon.colcon_core.event_handler.log_command:Invoking command in '/home/ribeiro/ros2_tutorial_workspace/build/python_package_that_uses_the_messages': PYTHONPATH=/home/ribeiro/ros2_tutorial_workspace/build/python_package_that_uses_the_messages/prefix_override:/usr/lib/python3/dist-packages/colcon_core/task/python/colcon_distutils_commands:/home/ribeiro/ros2_tutorial_workspace/install/python_package_that_uses_the_messages/lib/python3.10/site-packages:${PYTHONPATH} /usr/bin/python3 -W ignore:setup.py install is deprecated -W ignore:easy_install command is deprecated setup.py develop --editable --build-directory /home/ribeiro/ros2_tutorial_workspace/build/python_package_that_uses_the_messages/build --no-deps symlink_data
[2.204s] DEBUG:colcon.colcon_core.task.python.build:Available setuptools 'develop' options: --exclude-scripts, --multi-version, --script-dir, --no-user-cfg, --force-installation-into-system-dir, --verbose, --help, --install-layout, --local-snapshots-ok, --upgrade, --zip-ok, --always-unzip, --allow-hosts, --user, --uninstall, --version, --install-dir, --index-url, --find-links, --quiet, --build-directory, --prefix, --optimize, --no-find-links, --site-dirs, --no-deps, --always-copy, --record, --editable, --dry-run, --egg-path
[2.206s] DEBUG:colcon.colcon_core.event_handler.log_command:Invoking command in '/home/ribeiro/ros2_tutorial_workspace/build/python_package_that_uses_the_services': PYTHONPATH=/home/ribeiro/ros2_tutorial_workspace/build/python_package_that_uses_the_services/prefix_override:/usr/lib/python3/dist-packages/colcon_core/task/python/colcon_distutils_commands:/home/ribeiro/ros2_tutorial_workspace/install/python_package_that_uses_the_services/lib/python3.10/site-packages:${PYTHONPATH} /usr/bin/python3 -W ignore:setup.py install is deprecated -W ignore:easy_install command is deprecated setup.py develop --editable --build-directory /home/ribeiro/ros2_tutorial_workspace/build/python_package_that_uses_the_services/build --no-deps symlink_data
[2.298s] DEBUG:colcon.colcon_core.task.python.build:Available setuptools commands: install_lib, register, update_catalog, develop, build_ext, test, upload_docs, build, init_catalog, bdist_rpm, alias, install_data, egg_info, build_py, easy_install, install, extract_messages, install_egg_info, compile_catalog, bdist, build_scripts, upload, install_headers, bdist_egg, setopt, install_scripts, saveopts, dist_info, sdist, symlink_data, bdist_dumb, check, clean, build_clib, rotate
[2.508s] DEBUG:colcon.colcon_core.task.python.build:Available setuptools 'develop' options: --exclude-scripts, --multi-version, --script-dir, --no-user-cfg, --force-installation-into-system-dir, --verbose, --help, --install-layout, --local-snapshots-ok, --upgrade, --zip-ok, --always-unzip, --allow-hosts, --user, --uninstall, --version, --install-dir, --index-url, --find-links, --quiet, --build-directory, --prefix, --optimize, --no-find-links, --site-dirs, --no-deps, --always-copy, --record, --editable, --dry-run, --egg-path
[2.511s] Level 1:colcon.colcon_core.shell:create_environment_hook('python_package_that_uses_parameters_and_launch_files', 'pythonpath_develop')
[2.511s] INFO:colcon.colcon_core.shell:Creating environment hook '/home/ribeiro/ros2_tutorial_workspace/build/python_package_that_uses_parameters_and_launch_files/share/python_package_that_uses_parameters_and_launch_files/hook/pythonpath_develop.ps1'
[2.511s] DEBUG:colcon.colcon_core.event_handler.log_command:Invoking command in '/home/ribeiro/ros2_tutorial_workspace/build/python_package_that_uses_the_library': AMENT_PREFIX_PATH=/home/ribeiro/ros2_tutorial_workspace/install/python_package_with_a_library:/home/ribeiro/ros2_tutorial_workspace/install/python_package_that_uses_the_library:/home/ribeiro/ros2_tutorial_workspace/install/python_package_that_uses_the_services:/home/ribeiro/ros2_tutorial_workspace/install/python_package_that_uses_the_messages:/home/ribeiro/ros2_tutorial_workspace/install/python_package_that_uses_parameters_and_launch_files:/home/ribeiro/ros2_tutorial_workspace/install/package_with_interfaces:/home/ribeiro/ros2_tutorial_workspace/install/cpp_package_with_a_node:/home/ribeiro/ros2_tutorial_workspace/install/articubot_one:/opt/ros/humble PYTHONPATH=/home/ribeiro/ros2_tutorial_workspace/build/python_package_that_uses_the_library/prefix_override:/usr/lib/python3/dist-packages/colcon_core/task/python/colcon_distutils_commands:/home/ribeiro/ros2_tutorial_workspace/install/python_package_that_uses_the_library/lib/python3.10/site-packages:/home/ribeiro/ros2_tutorial_workspace/build/python_package_with_a_library:/home/ribeiro/ros2_tutorial_workspace/install/python_package_with_a_library/lib/python3.10/site-packages:/home/ribeiro/ros2_tutorial_workspace/build/python_package_that_uses_the_library:/home/ribeiro/ros2_tutorial_workspace/install/python_package_that_uses_the_library/lib/python3.10/site-packages:/home/ribeiro/ros2_tutorial_workspace/build/python_package_that_uses_the_services:/home/ribeiro/ros2_tutorial_workspace/install/python_package_that_uses_the_services/lib/python3.10/site-packages:/home/ribeiro/ros2_tutorial_workspace/build/python_package_that_uses_the_messages:/home/ribeiro/ros2_tutorial_workspace/install/python_package_that_uses_the_messages/lib/python3.10/site-packages:/home/ribeiro/ros2_tutorial_workspace/build/python_package_that_uses_parameters_and_launch_files:/home/ribeiro/ros2_tutorial_workspace/install/python_package_that_uses_parameters_and_launch_files/lib/python3.10/site-packages:/home/ribeiro/ros2_tutorial_workspace/install/package_with_interfaces/local/lib/python3.10/dist-packages:/opt/ros/humble/lib/python3.10/site-packages:/opt/ros/humble/local/lib/python3.10/dist-packages /usr/bin/python3 -W ignore:setup.py install is deprecated -W ignore:easy_install command is deprecated setup.py develop --editable --build-directory /home/ribeiro/ros2_tutorial_workspace/build/python_package_that_uses_the_library/build --no-deps symlink_data
[2.512s] DEBUG:colcon.colcon_core.event_handler.log_command:Invoked command in '/home/ribeiro/ros2_tutorial_workspace/build/python_package_that_uses_parameters_and_launch_files' returned '0': PYTHONPATH=/home/ribeiro/ros2_tutorial_workspace/build/python_package_that_uses_parameters_and_launch_files/prefix_override:/usr/lib/python3/dist-packages/colcon_core/task/python/colcon_distutils_commands:/home/ribeiro/ros2_tutorial_workspace/install/python_package_that_uses_parameters_and_launch_files/lib/python3.10/site-packages:${PYTHONPATH} /usr/bin/python3 -W ignore:setup.py install is deprecated -W ignore:easy_install command is deprecated setup.py develop --editable --build-directory /home/ribeiro/ros2_tutorial_workspace/build/python_package_that_uses_parameters_and_launch_files/build --no-deps symlink_data
[2.512s] INFO:colcon.colcon_core.shell:Creating environment descriptor '/home/ribeiro/ros2_tutorial_workspace/build/python_package_that_uses_parameters_and_launch_files/share/python_package_that_uses_parameters_and_launch_files/hook/pythonpath_develop.dsv'
[2.512s] INFO:colcon.colcon_core.shell:Creating environment hook '/home/ribeiro/ros2_tutorial_workspace/build/python_package_that_uses_parameters_and_launch_files/share/python_package_that_uses_parameters_and_launch_files/hook/pythonpath_develop.sh'
[2.513s] Level 1:colcon.colcon_core.environment:checking '/home/ribeiro/ros2_tutorial_workspace/install/python_package_that_uses_parameters_and_launch_files' for CMake module files
[2.513s] Level 1:colcon.colcon_core.environment:checking '/home/ribeiro/ros2_tutorial_workspace/install/python_package_that_uses_parameters_and_launch_files' for CMake config files
[2.514s] Level 1:colcon.colcon_core.environment:checking '/home/ribeiro/ros2_tutorial_workspace/install/python_package_that_uses_parameters_and_launch_files/lib'
[2.514s] Level 1:colcon.colcon_core.environment:checking '/home/ribeiro/ros2_tutorial_workspace/install/python_package_that_uses_parameters_and_launch_files/bin'
[2.514s] Level 1:colcon.colcon_core.environment:checking '/home/ribeiro/ros2_tutorial_workspace/install/python_package_that_uses_parameters_and_launch_files/lib/pkgconfig/python_package_that_uses_parameters_and_launch_files.pc'
[2.514s] Level 1:colcon.colcon_core.environment:checking '/home/ribeiro/ros2_tutorial_workspace/install/python_package_that_uses_parameters_and_launch_files/lib/python3.10/site-packages'
[2.514s] Level 1:colcon.colcon_core.shell:create_environment_hook('python_package_that_uses_parameters_and_launch_files', 'pythonpath')
[2.514s] INFO:colcon.colcon_core.shell:Creating environment hook '/home/ribeiro/ros2_tutorial_workspace/install/python_package_that_uses_parameters_and_launch_files/share/python_package_that_uses_parameters_and_launch_files/hook/pythonpath.ps1'
[2.515s] INFO:colcon.colcon_core.shell:Creating environment descriptor '/home/ribeiro/ros2_tutorial_workspace/install/python_package_that_uses_parameters_and_launch_files/share/python_package_that_uses_parameters_and_launch_files/hook/pythonpath.dsv'
[2.515s] INFO:colcon.colcon_core.shell:Creating environment hook '/home/ribeiro/ros2_tutorial_workspace/install/python_package_that_uses_parameters_and_launch_files/share/python_package_that_uses_parameters_and_launch_files/hook/pythonpath.sh'
[2.515s] Level 1:colcon.colcon_core.environment:checking '/home/ribeiro/ros2_tutorial_workspace/install/python_package_that_uses_parameters_and_launch_files/bin'
[2.516s] Level 1:colcon.colcon_core.environment:create_environment_scripts_only(python_package_that_uses_parameters_and_launch_files)
[2.516s] INFO:colcon.colcon_core.shell:Creating package script '/home/ribeiro/ros2_tutorial_workspace/install/python_package_that_uses_parameters_and_launch_files/share/python_package_that_uses_parameters_and_launch_files/package.ps1'
[2.516s] INFO:colcon.colcon_core.shell:Creating package descriptor '/home/ribeiro/ros2_tutorial_workspace/install/python_package_that_uses_parameters_and_launch_files/share/python_package_that_uses_parameters_and_launch_files/package.dsv'
[2.517s] INFO:colcon.colcon_core.shell:Creating package script '/home/ribeiro/ros2_tutorial_workspace/install/python_package_that_uses_parameters_and_launch_files/share/python_package_that_uses_parameters_and_launch_files/package.sh'
[2.517s] INFO:colcon.colcon_core.shell:Creating package script '/home/ribeiro/ros2_tutorial_workspace/install/python_package_that_uses_parameters_and_launch_files/share/python_package_that_uses_parameters_and_launch_files/package.bash'
[2.517s] INFO:colcon.colcon_core.shell:Creating package script '/home/ribeiro/ros2_tutorial_workspace/install/python_package_that_uses_parameters_and_launch_files/share/python_package_that_uses_parameters_and_launch_files/package.zsh'
[2.517s] Level 1:colcon.colcon_core.environment:create_file_with_runtime_dependencies(/home/ribeiro/ros2_tutorial_workspace/install/python_package_that_uses_parameters_and_launch_files/share/colcon-core/packages/python_package_that_uses_parameters_and_launch_files)
[2.544s] Level 1:colcon.colcon_core.shell:create_environment_hook('python_package_that_uses_the_messages', 'pythonpath_develop')
[2.544s] INFO:colcon.colcon_core.shell:Creating environment hook '/home/ribeiro/ros2_tutorial_workspace/build/python_package_that_uses_the_messages/share/python_package_that_uses_the_messages/hook/pythonpath_develop.ps1'
[2.545s] DEBUG:colcon.colcon_core.event_handler.log_command:Invoked command in '/home/ribeiro/ros2_tutorial_workspace/build/python_package_that_uses_the_messages' returned '0': PYTHONPATH=/home/ribeiro/ros2_tutorial_workspace/build/python_package_that_uses_the_messages/prefix_override:/usr/lib/python3/dist-packages/colcon_core/task/python/colcon_distutils_commands:/home/ribeiro/ros2_tutorial_workspace/install/python_package_that_uses_the_messages/lib/python3.10/site-packages:${PYTHONPATH} /usr/bin/python3 -W ignore:setup.py install is deprecated -W ignore:easy_install command is deprecated setup.py develop --editable --build-directory /home/ribeiro/ros2_tutorial_workspace/build/python_package_that_uses_the_messages/build --no-deps symlink_data
[2.545s] INFO:colcon.colcon_core.shell:Creating environment descriptor '/home/ribeiro/ros2_tutorial_workspace/build/python_package_that_uses_the_messages/share/python_package_that_uses_the_messages/hook/pythonpath_develop.dsv'
[2.545s] INFO:colcon.colcon_core.shell:Creating environment hook '/home/ribeiro/ros2_tutorial_workspace/build/python_package_that_uses_the_messages/share/python_package_that_uses_the_messages/hook/pythonpath_develop.sh'
[2.546s] Level 1:colcon.colcon_core.environment:checking '/home/ribeiro/ros2_tutorial_workspace/install/python_package_that_uses_the_messages' for CMake module files
[2.546s] Level 1:colcon.colcon_core.environment:checking '/home/ribeiro/ros2_tutorial_workspace/install/python_package_that_uses_the_messages' for CMake config files
[2.546s] Level 1:colcon.colcon_core.environment:checking '/home/ribeiro/ros2_tutorial_workspace/install/python_package_that_uses_the_messages/lib'
[2.546s] Level 1:colcon.colcon_core.environment:checking '/home/ribeiro/ros2_tutorial_workspace/install/python_package_that_uses_the_messages/bin'
[2.546s] Level 1:colcon.colcon_core.environment:checking '/home/ribeiro/ros2_tutorial_workspace/install/python_package_that_uses_the_messages/lib/pkgconfig/python_package_that_uses_the_messages.pc'
[2.547s] Level 1:colcon.colcon_core.environment:checking '/home/ribeiro/ros2_tutorial_workspace/install/python_package_that_uses_the_messages/lib/python3.10/site-packages'
[2.547s] Level 1:colcon.colcon_core.shell:create_environment_hook('python_package_that_uses_the_messages', 'pythonpath')
[2.547s] INFO:colcon.colcon_core.shell:Creating environment hook '/home/ribeiro/ros2_tutorial_workspace/install/python_package_that_uses_the_messages/share/python_package_that_uses_the_messages/hook/pythonpath.ps1'
[2.547s] INFO:colcon.colcon_core.shell:Creating environment descriptor '/home/ribeiro/ros2_tutorial_workspace/install/python_package_that_uses_the_messages/share/python_package_that_uses_the_messages/hook/pythonpath.dsv'
[2.548s] INFO:colcon.colcon_core.shell:Creating environment hook '/home/ribeiro/ros2_tutorial_workspace/install/python_package_that_uses_the_messages/share/python_package_that_uses_the_messages/hook/pythonpath.sh'
[2.548s] Level 1:colcon.colcon_core.environment:checking '/home/ribeiro/ros2_tutorial_workspace/install/python_package_that_uses_the_messages/bin'
[2.548s] Level 1:colcon.colcon_core.environment:create_environment_scripts_only(python_package_that_uses_the_messages)
[2.549s] INFO:colcon.colcon_core.shell:Creating package script '/home/ribeiro/ros2_tutorial_workspace/install/python_package_that_uses_the_messages/share/python_package_that_uses_the_messages/package.ps1'
[2.549s] INFO:colcon.colcon_core.shell:Creating package descriptor '/home/ribeiro/ros2_tutorial_workspace/install/python_package_that_uses_the_messages/share/python_package_that_uses_the_messages/package.dsv'
[2.549s] INFO:colcon.colcon_core.shell:Creating package script '/home/ribeiro/ros2_tutorial_workspace/install/python_package_that_uses_the_messages/share/python_package_that_uses_the_messages/package.sh'
[2.550s] INFO:colcon.colcon_core.shell:Creating package script '/home/ribeiro/ros2_tutorial_workspace/install/python_package_that_uses_the_messages/share/python_package_that_uses_the_messages/package.bash'
[2.550s] INFO:colcon.colcon_core.shell:Creating package script '/home/ribeiro/ros2_tutorial_workspace/install/python_package_that_uses_the_messages/share/python_package_that_uses_the_messages/package.zsh'
[2.550s] Level 1:colcon.colcon_core.environment:create_file_with_runtime_dependencies(/home/ribeiro/ros2_tutorial_workspace/install/python_package_that_uses_the_messages/share/colcon-core/packages/python_package_that_uses_the_messages)
[2.551s] Level 1:colcon.colcon_core.shell:create_environment_hook('python_package_that_uses_the_services', 'pythonpath_develop')
[2.551s] INFO:colcon.colcon_core.shell:Creating environment hook '/home/ribeiro/ros2_tutorial_workspace/build/python_package_that_uses_the_services/share/python_package_that_uses_the_services/hook/pythonpath_develop.ps1'
[2.552s] DEBUG:colcon.colcon_core.event_handler.log_command:Invoked command in '/home/ribeiro/ros2_tutorial_workspace/build/python_package_that_uses_the_services' returned '0': PYTHONPATH=/home/ribeiro/ros2_tutorial_workspace/build/python_package_that_uses_the_services/prefix_override:/usr/lib/python3/dist-packages/colcon_core/task/python/colcon_distutils_commands:/home/ribeiro/ros2_tutorial_workspace/install/python_package_that_uses_the_services/lib/python3.10/site-packages:${PYTHONPATH} /usr/bin/python3 -W ignore:setup.py install is deprecated -W ignore:easy_install command is deprecated setup.py develop --editable --build-directory /home/ribeiro/ros2_tutorial_workspace/build/python_package_that_uses_the_services/build --no-deps symlink_data
[2.552s] INFO:colcon.colcon_core.shell:Creating environment descriptor '/home/ribeiro/ros2_tutorial_workspace/build/python_package_that_uses_the_services/share/python_package_that_uses_the_services/hook/pythonpath_develop.dsv'
[2.553s] INFO:colcon.colcon_core.shell:Creating environment hook '/home/ribeiro/ros2_tutorial_workspace/build/python_package_that_uses_the_services/share/python_package_that_uses_the_services/hook/pythonpath_develop.sh'
[2.553s] Level 1:colcon.colcon_core.environment:checking '/home/ribeiro/ros2_tutorial_workspace/install/python_package_that_uses_the_services' for CMake module files
[2.553s] Level 1:colcon.colcon_core.environment:checking '/home/ribeiro/ros2_tutorial_workspace/install/python_package_that_uses_the_services' for CMake config files
[2.554s] Level 1:colcon.colcon_core.environment:checking '/home/ribeiro/ros2_tutorial_workspace/install/python_package_that_uses_the_services/lib'
[2.554s] Level 1:colcon.colcon_core.environment:checking '/home/ribeiro/ros2_tutorial_workspace/install/python_package_that_uses_the_services/bin'
[2.554s] Level 1:colcon.colcon_core.environment:checking '/home/ribeiro/ros2_tutorial_workspace/install/python_package_that_uses_the_services/lib/pkgconfig/python_package_that_uses_the_services.pc'
[2.554s] Level 1:colcon.colcon_core.environment:checking '/home/ribeiro/ros2_tutorial_workspace/install/python_package_that_uses_the_services/lib/python3.10/site-packages'
[2.554s] Level 1:colcon.colcon_core.shell:create_environment_hook('python_package_that_uses_the_services', 'pythonpath')
[2.554s] INFO:colcon.colcon_core.shell:Creating environment hook '/home/ribeiro/ros2_tutorial_workspace/install/python_package_that_uses_the_services/share/python_package_that_uses_the_services/hook/pythonpath.ps1'
[2.554s] INFO:colcon.colcon_core.shell:Creating environment descriptor '/home/ribeiro/ros2_tutorial_workspace/install/python_package_that_uses_the_services/share/python_package_that_uses_the_services/hook/pythonpath.dsv'
[2.555s] INFO:colcon.colcon_core.shell:Creating environment hook '/home/ribeiro/ros2_tutorial_workspace/install/python_package_that_uses_the_services/share/python_package_that_uses_the_services/hook/pythonpath.sh'
[2.555s] Level 1:colcon.colcon_core.environment:checking '/home/ribeiro/ros2_tutorial_workspace/install/python_package_that_uses_the_services/bin'
[2.555s] Level 1:colcon.colcon_core.environment:create_environment_scripts_only(python_package_that_uses_the_services)
[2.555s] INFO:colcon.colcon_core.shell:Creating package script '/home/ribeiro/ros2_tutorial_workspace/install/python_package_that_uses_the_services/share/python_package_that_uses_the_services/package.ps1'
[2.556s] INFO:colcon.colcon_core.shell:Creating package descriptor '/home/ribeiro/ros2_tutorial_workspace/install/python_package_that_uses_the_services/share/python_package_that_uses_the_services/package.dsv'
[2.556s] INFO:colcon.colcon_core.shell:Creating package script '/home/ribeiro/ros2_tutorial_workspace/install/python_package_that_uses_the_services/share/python_package_that_uses_the_services/package.sh'
[2.556s] INFO:colcon.colcon_core.shell:Creating package script '/home/ribeiro/ros2_tutorial_workspace/install/python_package_that_uses_the_services/share/python_package_that_uses_the_services/package.bash'
[2.557s] INFO:colcon.colcon_core.shell:Creating package script '/home/ribeiro/ros2_tutorial_workspace/install/python_package_that_uses_the_services/share/python_package_that_uses_the_services/package.zsh'
[2.557s] Level 1:colcon.colcon_core.environment:create_file_with_runtime_dependencies(/home/ribeiro/ros2_tutorial_workspace/install/python_package_that_uses_the_services/share/colcon-core/packages/python_package_that_uses_the_services)
[2.782s] Level 1:colcon.colcon_core.shell:create_environment_hook('python_package_that_uses_the_library', 'pythonpath_develop')
[2.782s] INFO:colcon.colcon_core.shell:Creating environment hook '/home/ribeiro/ros2_tutorial_workspace/build/python_package_that_uses_the_library/share/python_package_that_uses_the_library/hook/pythonpath_develop.ps1'
[2.782s] DEBUG:colcon.colcon_core.event_handler.log_command:Invoked command in '/home/ribeiro/ros2_tutorial_workspace/build/python_package_that_uses_the_library' returned '0': AMENT_PREFIX_PATH=/home/ribeiro/ros2_tutorial_workspace/install/python_package_with_a_library:/home/ribeiro/ros2_tutorial_workspace/install/python_package_that_uses_the_library:/home/ribeiro/ros2_tutorial_workspace/install/python_package_that_uses_the_services:/home/ribeiro/ros2_tutorial_workspace/install/python_package_that_uses_the_messages:/home/ribeiro/ros2_tutorial_workspace/install/python_package_that_uses_parameters_and_launch_files:/home/ribeiro/ros2_tutorial_workspace/install/package_with_interfaces:/home/ribeiro/ros2_tutorial_workspace/install/cpp_package_with_a_node:/home/ribeiro/ros2_tutorial_workspace/install/articubot_one:/opt/ros/humble PYTHONPATH=/home/ribeiro/ros2_tutorial_workspace/build/python_package_that_uses_the_library/prefix_override:/usr/lib/python3/dist-packages/colcon_core/task/python/colcon_distutils_commands:/home/ribeiro/ros2_tutorial_workspace/install/python_package_that_uses_the_library/lib/python3.10/site-packages:/home/ribeiro/ros2_tutorial_workspace/build/python_package_with_a_library:/home/ribeiro/ros2_tutorial_workspace/install/python_package_with_a_library/lib/python3.10/site-packages:/home/ribeiro/ros2_tutorial_workspace/build/python_package_that_uses_the_library:/home/ribeiro/ros2_tutorial_workspace/install/python_package_that_uses_the_library/lib/python3.10/site-packages:/home/ribeiro/ros2_tutorial_workspace/build/python_package_that_uses_the_services:/home/ribeiro/ros2_tutorial_workspace/install/python_package_that_uses_the_services/lib/python3.10/site-packages:/home/ribeiro/ros2_tutorial_workspace/build/python_package_that_uses_the_messages:/home/ribeiro/ros2_tutorial_workspace/install/python_package_that_uses_the_messages/lib/python3.10/site-packages:/home/ribeiro/ros2_tutorial_workspace/build/python_package_that_uses_parameters_and_launch_files:/home/ribeiro/ros2_tutorial_workspace/install/python_package_that_uses_parameters_and_launch_files/lib/python3.10/site-packages:/home/ribeiro/ros2_tutorial_workspace/install/package_with_interfaces/local/lib/python3.10/dist-packages:/opt/ros/humble/lib/python3.10/site-packages:/opt/ros/humble/local/lib/python3.10/dist-packages /usr/bin/python3 -W ignore:setup.py install is deprecated -W ignore:easy_install command is deprecated setup.py develop --editable --build-directory /home/ribeiro/ros2_tutorial_workspace/build/python_package_that_uses_the_library/build --no-deps symlink_data
[2.783s] INFO:colcon.colcon_core.shell:Creating environment descriptor '/home/ribeiro/ros2_tutorial_workspace/build/python_package_that_uses_the_library/share/python_package_that_uses_the_library/hook/pythonpath_develop.dsv'
[2.783s] INFO:colcon.colcon_core.shell:Creating environment hook '/home/ribeiro/ros2_tutorial_workspace/build/python_package_that_uses_the_library/share/python_package_that_uses_the_library/hook/pythonpath_develop.sh'
[2.784s] Level 1:colcon.colcon_core.environment:checking '/home/ribeiro/ros2_tutorial_workspace/install/python_package_that_uses_the_library' for CMake module files
[2.784s] Level 1:colcon.colcon_core.environment:checking '/home/ribeiro/ros2_tutorial_workspace/install/python_package_that_uses_the_library' for CMake config files
[2.784s] Level 1:colcon.colcon_core.environment:checking '/home/ribeiro/ros2_tutorial_workspace/install/python_package_that_uses_the_library/lib'
[2.784s] Level 1:colcon.colcon_core.environment:checking '/home/ribeiro/ros2_tutorial_workspace/install/python_package_that_uses_the_library/bin'
[2.784s] Level 1:colcon.colcon_core.environment:checking '/home/ribeiro/ros2_tutorial_workspace/install/python_package_that_uses_the_library/lib/pkgconfig/python_package_that_uses_the_library.pc'
[2.785s] Level 1:colcon.colcon_core.environment:checking '/home/ribeiro/ros2_tutorial_workspace/install/python_package_that_uses_the_library/lib/python3.10/site-packages'
[2.785s] Level 1:colcon.colcon_core.shell:create_environment_hook('python_package_that_uses_the_library', 'pythonpath')
[2.785s] INFO:colcon.colcon_core.shell:Creating environment hook '/home/ribeiro/ros2_tutorial_workspace/install/python_package_that_uses_the_library/share/python_package_that_uses_the_library/hook/pythonpath.ps1'
[2.785s] INFO:colcon.colcon_core.shell:Creating environment descriptor '/home/ribeiro/ros2_tutorial_workspace/install/python_package_that_uses_the_library/share/python_package_that_uses_the_library/hook/pythonpath.dsv'
[2.785s] INFO:colcon.colcon_core.shell:Creating environment hook '/home/ribeiro/ros2_tutorial_workspace/install/python_package_that_uses_the_library/share/python_package_that_uses_the_library/hook/pythonpath.sh'
[2.786s] Level 1:colcon.colcon_core.environment:checking '/home/ribeiro/ros2_tutorial_workspace/install/python_package_that_uses_the_library/bin'
[2.786s] Level 1:colcon.colcon_core.environment:create_environment_scripts_only(python_package_that_uses_the_library)
[2.786s] INFO:colcon.colcon_core.shell:Creating package script '/home/ribeiro/ros2_tutorial_workspace/install/python_package_that_uses_the_library/share/python_package_that_uses_the_library/package.ps1'
[2.787s] INFO:colcon.colcon_core.shell:Creating package descriptor '/home/ribeiro/ros2_tutorial_workspace/install/python_package_that_uses_the_library/share/python_package_that_uses_the_library/package.dsv'
[2.787s] INFO:colcon.colcon_core.shell:Creating package script '/home/ribeiro/ros2_tutorial_workspace/install/python_package_that_uses_the_library/share/python_package_that_uses_the_library/package.sh'
[2.787s] INFO:colcon.colcon_core.shell:Creating package script '/home/ribeiro/ros2_tutorial_workspace/install/python_package_that_uses_the_library/share/python_package_that_uses_the_library/package.bash'
[2.787s] INFO:colcon.colcon_core.shell:Creating package script '/home/ribeiro/ros2_tutorial_workspace/install/python_package_that_uses_the_library/share/python_package_that_uses_the_library/package.zsh'
[2.787s] Level 1:colcon.colcon_core.environment:create_file_with_runtime_dependencies(/home/ribeiro/ros2_tutorial_workspace/install/python_package_that_uses_the_library/share/colcon-core/packages/python_package_that_uses_the_library)
[2.788s] DEBUG:colcon.colcon_parallel_executor.executor.parallel:closing loop
[2.788s] DEBUG:colcon.colcon_parallel_executor.executor.parallel:loop closed
[2.788s] DEBUG:colcon.colcon_parallel_executor.executor.parallel:run_until_complete finished with '0'
[2.788s] DEBUG:colcon.colcon_core.event_reactor:joining thread
[2.820s] INFO:colcon.colcon_core.plugin_system:Skipping extension 'colcon_notification.desktop_notification.notify_send': Could not find 'notify-send'
[2.820s] INFO:colcon.colcon_core.plugin_system:Skipping extension 'colcon_notification.desktop_notification.terminal_notifier': Not used on non-Darwin systems
[2.820s] INFO:colcon.colcon_core.plugin_system:Skipping extension 'colcon_notification.desktop_notification.win32': Not used on non-Windows systems
[2.820s] INFO:colcon.colcon_notification.desktop_notification:Sending desktop notification using 'notify2'
[2.820s] DEBUG:colcon.colcon_notification.desktop_notification.notify2:Failed to initialize notify2: org.freedesktop.DBus.Error.FileNotFound: Failed to connect to socket /run/user/1000/bus: No such file or directory
[2.820s] DEBUG:colcon.colcon_core.event_reactor:joined thread
[2.821s] INFO:colcon.colcon_core.shell:Creating prefix script '/home/ribeiro/ros2_tutorial_workspace/install/local_setup.ps1'
[2.821s] INFO:colcon.colcon_core.shell:Creating prefix util module '/home/ribeiro/ros2_tutorial_workspace/install/_local_setup_util_ps1.py'
[2.822s] INFO:colcon.colcon_core.shell:Creating prefix chain script '/home/ribeiro/ros2_tutorial_workspace/install/setup.ps1'
[2.823s] INFO:colcon.colcon_core.shell:Creating prefix script '/home/ribeiro/ros2_tutorial_workspace/install/local_setup.sh'
[2.823s] INFO:colcon.colcon_core.shell:Creating prefix util module '/home/ribeiro/ros2_tutorial_workspace/install/_local_setup_util_sh.py'
[2.823s] INFO:colcon.colcon_core.shell:Creating prefix chain script '/home/ribeiro/ros2_tutorial_workspace/install/setup.sh'
[2.824s] INFO:colcon.colcon_core.shell:Creating prefix script '/home/ribeiro/ros2_tutorial_workspace/install/local_setup.bash'
[2.825s] INFO:colcon.colcon_core.shell:Creating prefix chain script '/home/ribeiro/ros2_tutorial_workspace/install/setup.bash'
[2.825s] INFO:colcon.colcon_core.shell:Creating prefix script '/home/ribeiro/ros2_tutorial_workspace/install/local_setup.zsh'
[2.825s] INFO:colcon.colcon_core.shell:Creating prefix chain script '/home/ribeiro/ros2_tutorial_workspace/install/setup.zsh'
